# Blender 3.5.1
# www.blender.org
mtllib PB_OBJ.mtl
o Supressor
v -0.000000 0.107142 0.269994
v 0.001318 0.107272 0.269994
v 0.002586 0.107657 0.269994
v 0.003755 0.108281 0.269994
v 0.004779 0.109122 0.269994
v 0.005619 0.110146 0.269994
v 0.006244 0.111314 0.269994
v 0.006628 0.112582 0.269994
v 0.006758 0.113900 0.269994
v 0.006628 0.115219 0.269994
v 0.006244 0.116486 0.269994
v 0.005619 0.117655 0.269994
v 0.004779 0.118679 0.269994
v 0.003755 0.119519 0.269994
v 0.002586 0.120144 0.269994
v 0.001318 0.120528 0.269994
v -0.000000 0.120658 0.269994
v 0.000000 0.098302 0.142275
v 0.003043 0.098602 0.142275
v 0.005969 0.099490 0.142275
v 0.008666 0.100931 0.142275
v 0.011029 0.102871 0.142275
v 0.012969 0.105234 0.142275
v 0.014411 0.107931 0.142275
v 0.015298 0.110857 0.142275
v 0.015298 0.110857 0.137713
v 0.015598 0.113900 0.137713
v 0.015298 0.116943 0.137713
v 0.014411 0.119869 0.137713
v 0.012969 0.122566 0.137713
v 0.011029 0.124930 0.137713
v 0.008666 0.126869 0.137713
v 0.005969 0.128311 0.137713
v 0.003043 0.129198 0.137713
v 0.000000 0.129498 0.137713
v 0.001371 0.107008 0.126360
v 0.002689 0.107408 0.126360
v 0.003904 0.108057 0.126360
v 0.004969 0.108931 0.126360
v 0.000000 0.106873 0.126360
v 0.005843 0.117804 0.124348
v 0.004969 0.118869 0.124348
v 0.003904 0.119743 0.124348
v 0.002689 0.120393 0.124348
v 0.001371 0.107008 0.124348
v 0.001371 0.120793 0.124348
v 0.002689 0.107408 0.124348
v 0.000000 0.120928 0.124348
v 0.003904 0.108057 0.124348
v 0.004969 0.108931 0.124348
v 0.005843 0.109996 0.124348
v 0.006493 0.111211 0.124348
v 0.006892 0.112529 0.124348
v 0.007028 0.113900 0.124348
v 0.006892 0.115271 0.124348
v 0.006493 0.116590 0.124348
v 0.000000 0.106873 0.124348
v 0.000000 0.105791 0.137713
v 0.001582 0.105947 0.137713
v 0.003103 0.106409 0.137713
v 0.004505 0.107158 0.137713
v 0.003103 0.106409 0.134426
v 0.004517 0.120661 0.136039
v 0.003111 0.121412 0.136039
v 0.001582 0.105947 0.136039
v 0.000000 0.105791 0.134426
v 0.004505 0.107158 0.136039
v 0.001582 0.105947 0.134426
v 0.000000 0.122031 0.134426
v 0.000000 0.105791 0.132813
v 0.004505 0.107158 0.132813
v 0.000000 0.122031 0.132813
v 0.001586 0.121875 0.132813
v 0.003103 0.106409 0.132813
v 0.003103 0.106409 0.131200
v 0.001582 0.105947 0.132813
v 0.001582 0.105947 0.131200
v 0.000000 0.122031 0.131200
v 0.001586 0.121875 0.131200
v 0.003111 0.121412 0.129587
v 0.003103 0.106409 0.127973
v 0.000000 0.105791 0.127973
v 0.000000 0.105791 0.129587
v 0.000000 0.122031 0.127973
v 0.001586 0.121875 0.127973
v 0.001582 0.105947 0.127973
v 0.004505 0.107158 0.126360
v 0.003103 0.106409 0.126360
v 0.001582 0.105947 0.126360
v 0.004505 0.107158 0.131200
v 0.001582 0.105947 0.129587
v 0.000000 0.105791 0.126360
v 0.006493 0.111211 0.135232
v 0.006892 0.112529 0.128780
v 0.002689 0.107408 0.127973
v 0.003904 0.108057 0.127973
v 0.005843 0.109996 0.128780
v 0.000000 0.106873 0.129587
v 0.006493 0.111211 0.128780
v 0.004969 0.108931 0.129586
v 0.000000 0.120928 0.129587
v 0.003904 0.108057 0.129587
v 0.007028 0.113900 0.132006
v 0.001371 0.120793 0.131200
v 0.002689 0.120393 0.131200
v 0.003904 0.119743 0.131200
v 0.001371 0.120793 0.137713
v 0.003904 0.108057 0.132813
v 0.006892 0.115271 0.135232
v 0.004969 0.118869 0.129587
v 0.006493 0.116590 0.128780
v 0.004969 0.108931 0.131200
v 0.001371 0.107008 0.132813
v 0.006892 0.115271 0.132006
v 0.006493 0.116590 0.132006
v 0.004969 0.118869 0.136039
v 0.000000 0.106873 0.132813
v 0.000000 0.106873 0.131200
v 0.004969 0.118869 0.131200
v 0.005843 0.117804 0.132006
v 0.003904 0.119743 0.132813
v 0.002689 0.120393 0.132813
v 0.001371 0.120793 0.132813
v 0.002689 0.107408 0.132813
v 0.000000 0.120928 0.132813
v 0.000000 0.106873 0.136039
v 0.000000 0.120928 0.134426
v 0.001371 0.120793 0.134426
v 0.006493 0.111211 0.137713
v 0.006892 0.112529 0.137713
v 0.004969 0.118869 0.132813
v 0.005843 0.117804 0.135232
v 0.007028 0.113900 0.135232
v 0.003904 0.119743 0.134426
v 0.002689 0.120393 0.134426
v 0.002689 0.107408 0.134426
v 0.005843 0.109996 0.137713
v 0.003904 0.108057 0.134426
v 0.004969 0.108931 0.134426
v 0.002689 0.107408 0.136039
v 0.006493 0.116590 0.135232
v 0.000000 0.106873 0.134426
v 0.004969 0.118869 0.134426
v 0.004969 0.108931 0.137713
v 0.003904 0.119743 0.136039
v 0.002689 0.120393 0.136039
v 0.000000 0.120928 0.137713
v 0.000000 0.120928 0.136039
v 0.004969 0.108931 0.136039
v 0.005843 0.109996 0.135232
v 0.002689 0.120393 0.137713
v 0.003904 0.119743 0.137713
v 0.006892 0.112529 0.135232
v 0.006892 0.115271 0.137713
v 0.006493 0.116590 0.137713
v 0.005843 0.117804 0.137713
v 0.007028 0.113900 0.137713
v 0.004969 0.118869 0.137713
v 0.001371 0.107008 0.129586
v 0.000000 0.120928 0.127973
v 0.004969 0.118869 0.127973
v 0.003111 0.121412 0.127973
v 0.004517 0.120661 0.127973
v 0.003904 0.119743 0.129586
v 0.002689 0.120393 0.129586
v 0.001371 0.120793 0.129586
v 0.000000 0.122031 0.129586
v 0.001586 0.121875 0.129586
v 0.004517 0.120661 0.129586
v 0.004969 0.108931 0.132813
v 0.000000 0.120928 0.131200
v 0.003111 0.121412 0.131200
v 0.004517 0.120661 0.131200
v 0.003111 0.121412 0.132813
v 0.004517 0.120661 0.132813
v 0.003111 0.121412 0.134426
v 0.001586 0.121875 0.134426
v 0.004517 0.120661 0.134426
v 0.001371 0.120793 0.136039
v 0.000000 0.122031 0.136039
v 0.001586 0.121875 0.136039
v 0.001371 0.107008 0.127973
v 0.004969 0.108931 0.127973
v 0.000000 0.106873 0.127973
v 0.004505 0.107158 0.127973
v 0.002689 0.107408 0.129587
v 0.004505 0.107158 0.129587
v 0.003103 0.106409 0.129587
v 0.001371 0.107008 0.131200
v 0.002689 0.107408 0.131200
v 0.003904 0.108057 0.131200
v 0.006493 0.111211 0.132006
v 0.000000 0.105791 0.131200
v 0.001371 0.107008 0.134426
v 0.004505 0.107158 0.134426
v 0.001371 0.107008 0.136039
v 0.003904 0.108057 0.136039
v 0.003103 0.106409 0.136039
v 0.000000 0.105791 0.136039
v 0.003904 0.119743 0.127973
v 0.002689 0.120393 0.127973
v 0.001371 0.120793 0.127973
v 0.005843 0.109996 0.132006
v 0.005843 0.117804 0.128780
v 0.007028 0.113900 0.128780
v 0.006892 0.115271 0.128780
v 0.006892 0.112529 0.132006
v 0.000000 0.095571 0.137713
v 0.003309 0.096303 0.137713
v 0.003309 0.096303 0.140182
v 0.006796 0.097489 0.137713
v 0.006796 0.097489 0.140190
v 0.010269 0.099836 0.140337
v 0.012609 0.103895 0.140686
v 0.010269 0.099836 0.137713
v 0.012609 0.103895 0.137713
v 0.000000 0.095571 0.140182
v 0.014411 0.107931 0.137713
v -0.001318 0.107272 0.269994
v -0.002586 0.107657 0.269994
v -0.003755 0.108281 0.269994
v -0.004779 0.109122 0.269994
v -0.005619 0.110146 0.269994
v -0.006244 0.111314 0.269994
v -0.006628 0.112582 0.269994
v -0.006758 0.113900 0.269994
v -0.006628 0.115219 0.269994
v -0.006244 0.116486 0.269994
v -0.005619 0.117655 0.269994
v -0.004779 0.118679 0.269994
v -0.003755 0.119519 0.269994
v -0.002586 0.120144 0.269994
v -0.001318 0.120528 0.269994
v -0.003043 0.098602 0.142275
v -0.005969 0.099490 0.142275
v -0.008666 0.100931 0.142275
v -0.011029 0.102871 0.142275
v -0.012969 0.105234 0.142275
v -0.014411 0.107931 0.142275
v -0.015298 0.110857 0.142275
v -0.015298 0.110857 0.137713
v -0.015598 0.113900 0.137713
v -0.015298 0.116943 0.137713
v -0.014411 0.119869 0.137713
v -0.012969 0.122566 0.137713
v -0.011029 0.124930 0.137713
v -0.008666 0.126869 0.137713
v -0.005969 0.128311 0.137713
v -0.003043 0.129198 0.137713
v -0.001371 0.107008 0.126360
v -0.002689 0.107408 0.126360
v -0.003904 0.108057 0.126360
v -0.004969 0.108931 0.126360
v -0.005843 0.117804 0.124348
v -0.004969 0.118869 0.124348
v -0.003904 0.119743 0.124348
v -0.002689 0.120393 0.124348
v -0.001371 0.107008 0.124348
v -0.001371 0.120793 0.124348
v -0.002689 0.107408 0.124348
v -0.003904 0.108057 0.124348
v -0.004969 0.108931 0.124348
v -0.005843 0.109996 0.124348
v -0.006493 0.111211 0.124348
v -0.006892 0.112529 0.124348
v -0.007028 0.113900 0.124348
v -0.006892 0.115271 0.124348
v -0.006493 0.116590 0.124348
v -0.001582 0.105947 0.137713
v -0.003103 0.106409 0.137713
v -0.004505 0.107158 0.137713
v -0.003103 0.106409 0.134426
v -0.004517 0.120661 0.136039
v -0.003111 0.121412 0.136039
v -0.001582 0.105947 0.136039
v -0.004505 0.107158 0.136039
v -0.001582 0.105947 0.134426
v -0.004505 0.107158 0.132813
v -0.001586 0.121875 0.132813
v -0.003103 0.106409 0.132813
v -0.003103 0.106409 0.131200
v -0.001582 0.105947 0.132813
v -0.001582 0.105947 0.131200
v -0.001586 0.121875 0.131200
v -0.003111 0.121412 0.129587
v -0.003103 0.106409 0.127973
v -0.001586 0.121875 0.127973
v -0.001582 0.105947 0.127973
v -0.004505 0.107158 0.126360
v -0.003103 0.106409 0.126360
v -0.001582 0.105947 0.126360
v -0.004505 0.107158 0.131200
v -0.001582 0.105947 0.129587
v -0.006493 0.111211 0.135232
v -0.006892 0.112529 0.128780
v -0.002689 0.107408 0.127973
v -0.003904 0.108057 0.127973
v -0.005843 0.109996 0.128780
v -0.006493 0.111211 0.128780
v -0.004969 0.108931 0.129586
v -0.003904 0.108057 0.129587
v -0.007028 0.113900 0.132006
v -0.001371 0.120793 0.131200
v -0.002689 0.120393 0.131200
v -0.003904 0.119743 0.131200
v -0.001371 0.120793 0.137713
v -0.003904 0.108057 0.132813
v -0.006892 0.115271 0.135232
v -0.004969 0.118869 0.129587
v -0.006493 0.116590 0.128780
v -0.004969 0.108931 0.131200
v -0.001371 0.107008 0.132813
v -0.006892 0.115271 0.132006
v -0.006493 0.116590 0.132006
v -0.004969 0.118869 0.136039
v -0.004969 0.118869 0.131200
v -0.005843 0.117804 0.132006
v -0.003904 0.119743 0.132813
v -0.002689 0.120393 0.132813
v -0.001371 0.120793 0.132813
v -0.002689 0.107408 0.132813
v -0.001371 0.120793 0.134426
v -0.006493 0.111211 0.137713
v -0.006892 0.112529 0.137713
v -0.004969 0.118869 0.132813
v -0.005843 0.117804 0.135232
v -0.007028 0.113900 0.135232
v -0.003904 0.119743 0.134426
v -0.002689 0.120393 0.134426
v -0.002689 0.107408 0.134426
v -0.005843 0.109996 0.137713
v -0.003904 0.108057 0.134426
v -0.004969 0.108931 0.134426
v -0.002689 0.107408 0.136039
v -0.006493 0.116590 0.135232
v -0.004969 0.118869 0.134426
v -0.004969 0.108931 0.137713
v -0.003904 0.119743 0.136039
v -0.002689 0.120393 0.136039
v -0.004969 0.108931 0.136039
v -0.005843 0.109996 0.135232
v -0.002689 0.120393 0.137713
v -0.003904 0.119743 0.137713
v -0.006892 0.112529 0.135232
v -0.006892 0.115271 0.137713
v -0.006493 0.116590 0.137713
v -0.005843 0.117804 0.137713
v -0.007028 0.113900 0.137713
v -0.004969 0.118869 0.137713
v -0.001371 0.107008 0.129586
v -0.004969 0.118869 0.127973
v -0.003111 0.121412 0.127973
v -0.004517 0.120661 0.127973
v -0.003904 0.119743 0.129586
v -0.002689 0.120393 0.129586
v -0.001371 0.120793 0.129586
v -0.001586 0.121875 0.129586
v -0.004517 0.120661 0.129586
v -0.004969 0.108931 0.132813
v -0.003111 0.121412 0.131200
v -0.004517 0.120661 0.131200
v -0.003111 0.121412 0.132813
v -0.004517 0.120661 0.132813
v -0.003111 0.121412 0.134426
v -0.001586 0.121875 0.134426
v -0.004517 0.120661 0.134426
v -0.001371 0.120793 0.136039
v -0.001586 0.121875 0.136039
v -0.001371 0.107008 0.127973
v -0.004969 0.108931 0.127973
v -0.004505 0.107158 0.127973
v -0.002689 0.107408 0.129587
v -0.004505 0.107158 0.129587
v -0.003103 0.106409 0.129587
v -0.001371 0.107008 0.131200
v -0.002689 0.107408 0.131200
v -0.003904 0.108057 0.131200
v -0.006493 0.111211 0.132006
v -0.001371 0.107008 0.134426
v -0.004505 0.107158 0.134426
v -0.001371 0.107008 0.136039
v -0.003904 0.108057 0.136039
v -0.003103 0.106409 0.136039
v -0.003904 0.119743 0.127973
v -0.002689 0.120393 0.127973
v -0.001371 0.120793 0.127973
v -0.005843 0.109996 0.132006
v -0.005843 0.117804 0.128780
v -0.007028 0.113900 0.128780
v -0.006892 0.115271 0.128780
v -0.006892 0.112529 0.132006
v -0.003309 0.096303 0.137713
v -0.003309 0.096303 0.140182
v -0.006796 0.097489 0.137713
v -0.006796 0.097489 0.140190
v -0.010269 0.099836 0.140337
v -0.012609 0.103895 0.140686
v -0.010269 0.099836 0.137713
v -0.012609 0.103895 0.137713
v -0.014411 0.107931 0.137713
v 0.003043 0.098602 0.269994
v -0.000000 0.098302 0.269994
v 0.005969 0.099490 0.269994
v 0.008666 0.100931 0.269994
v 0.011029 0.102871 0.269994
v 0.012969 0.105234 0.269994
v 0.014411 0.107931 0.269994
v 0.015298 0.110857 0.269994
v 0.015598 0.113900 0.269994
v 0.015298 0.116943 0.269994
v 0.014411 0.119869 0.269994
v 0.012969 0.122566 0.269994
v 0.011029 0.124930 0.269994
v 0.008666 0.126869 0.269994
v 0.005969 0.128311 0.269994
v 0.003043 0.129198 0.269994
v -0.000000 0.129498 0.269994
v -0.003043 0.098602 0.269994
v -0.005969 0.099490 0.269994
v -0.008666 0.100931 0.269994
v -0.011029 0.102871 0.269994
v -0.012969 0.105234 0.269994
v -0.014411 0.107931 0.269994
v -0.015298 0.110857 0.269994
v -0.015598 0.113900 0.269994
v -0.015298 0.116943 0.269994
v -0.014411 0.119869 0.269994
v -0.012969 0.122566 0.269994
v -0.011029 0.124930 0.269994
v -0.008666 0.126869 0.269994
v -0.005969 0.128311 0.269994
v -0.003043 0.129198 0.269994
v -0.000000 0.107142 0.124348
v 0.001318 0.107272 0.124348
v 0.002586 0.107657 0.124348
v 0.003755 0.108281 0.124348
v 0.004779 0.109122 0.124348
v 0.005619 0.110146 0.124348
v 0.006244 0.111314 0.124348
v 0.006628 0.112582 0.124348
v 0.006758 0.113900 0.124348
v 0.006628 0.115219 0.124348
v 0.006244 0.116486 0.124348
v 0.005619 0.117655 0.124348
v 0.004779 0.118679 0.124348
v 0.003755 0.119519 0.124348
v 0.002586 0.120144 0.124348
v 0.001318 0.120528 0.124348
v -0.000000 0.120658 0.124348
v -0.001318 0.107272 0.124348
v -0.002586 0.107657 0.124348
v -0.003755 0.108281 0.124348
v -0.004779 0.109122 0.124348
v -0.005619 0.110146 0.124348
v -0.006244 0.111314 0.124348
v -0.006628 0.112582 0.124348
v -0.006758 0.113900 0.124348
v -0.006628 0.115219 0.124348
v -0.006244 0.116486 0.124348
v -0.005619 0.117655 0.124348
v -0.004779 0.118679 0.124348
v -0.003755 0.119519 0.124348
v -0.002586 0.120144 0.124348
v -0.001318 0.120528 0.124348
vn -0.0000 -1.0000 -0.0000
vn 0.1951 -0.9808 -0.0000
vn 0.3827 -0.9239 -0.0000
vn 0.5556 -0.8315 -0.0000
vn 0.7071 -0.7071 -0.0000
vn 0.8315 -0.5556 -0.0000
vn 0.9239 -0.3827 -0.0000
vn 0.9315 -0.3638 -0.0000
vn 0.9808 -0.1951 -0.0000
vn 1.0000 -0.0000 -0.0000
vn 0.9808 0.1951 -0.0000
vn 0.9239 0.3827 -0.0000
vn 0.8315 0.5556 -0.0000
vn 0.7071 0.7071 -0.0000
vn 0.5556 0.8315 -0.0000
vn 0.3827 0.9239 -0.0000
vn 0.1951 0.9808 -0.0000
vn -0.0000 -0.0000 -1.0000
vn 0.6549 -0.5455 0.5230
vn 0.7319 -0.5581 0.3909
vn 0.8302 -0.5046 0.2368
vn -0.0000 -0.0000 1.0000
vn -0.7071 -0.7071 -0.0000
vn -0.8315 -0.5556 -0.0000
vn 0.7299 0.6835 -0.0000
vn 0.7299 -0.6835 -0.0000
vn -0.7299 -0.6835 -0.0000
vn -0.0000 1.0000 -0.0000
vn 0.7851 -0.6194 -0.0000
vn 0.7878 0.6159 -0.0000
vn 0.7730 -0.6344 -0.0000
vn 0.1527 -0.6434 0.7501
vn 0.1588 -0.6446 0.7479
vn -0.0000 -0.6364 0.7714
vn 0.2879 -0.6382 0.7140
vn 0.2846 -0.6390 0.7146
vn 0.4791 -0.5863 0.6532
vn 0.5072 -0.5765 0.6406
vn 0.8653 -0.4625 0.1933
vn -0.1951 -0.9808 -0.0000
vn -0.3827 -0.9239 -0.0000
vn -0.5556 -0.8315 -0.0000
vn -0.9239 -0.3827 -0.0000
vn -0.9315 -0.3638 -0.0000
vn -0.9808 -0.1951 -0.0000
vn -1.0000 -0.0000 -0.0000
vn -0.9808 0.1951 -0.0000
vn -0.9239 0.3827 -0.0000
vn -0.8315 0.5556 -0.0000
vn -0.7071 0.7071 -0.0000
vn -0.5556 0.8315 -0.0000
vn -0.3827 0.9239 -0.0000
vn -0.1951 0.9808 -0.0000
vn -0.6549 -0.5455 0.5230
vn -0.8302 -0.5046 0.2368
vn -0.7319 -0.5581 0.3909
vn -0.7299 0.6835 -0.0000
vn -0.7851 -0.6194 -0.0000
vn -0.7878 0.6159 -0.0000
vn -0.7730 -0.6344 -0.0000
vn 0.9674 -0.2533 -0.0000
vn -0.1527 -0.6434 0.7501
vn -0.1588 -0.6446 0.7479
vn -0.2879 -0.6382 0.7140
vn -0.2846 -0.6390 0.7146
vn -0.4791 -0.5863 0.6532
vn -0.5072 -0.5765 0.6406
vn -0.8653 -0.4625 0.1933
vn 0.2694 -0.9630 -0.0000
vn 0.4449 -0.8956 -0.0000
vn 0.4464 -0.8949 -0.0000
vn 0.7319 -0.6814 -0.0000
vn 0.7373 -0.6756 -0.0000
vn 0.8909 -0.4542 -0.0000
vn 0.8938 -0.4485 -0.0000
vn 0.9369 -0.3497 -0.0000
vn -0.4449 -0.8956 -0.0000
vn -0.2694 -0.9630 -0.0000
vn -0.4464 -0.8949 -0.0000
vn -0.7319 -0.6814 -0.0000
vn -0.7373 -0.6756 -0.0000
vn -0.8909 -0.4542 -0.0000
vn -0.8938 -0.4485 -0.0000
vn -0.9369 -0.3497 -0.0000
vn 0.9696 0.2447 -0.0000
vn -0.9674 -0.2533 -0.0000
vn -0.9696 0.2447 -0.0000
vt 0.741183 0.003906
vt 0.859604 0.003906
vt 0.790057 0.778833
vt 0.744884 0.003906
vt 0.790726 0.769380
vt 0.748585 0.003906
vt 0.793226 0.760239
vt 0.752285 0.003906
vt 0.797461 0.751762
vt 0.755986 0.003906
vt 0.803269 0.744274
vt 0.759687 0.003906
vt 0.810426 0.738062
vt 0.763387 0.003906
vt 0.818657 0.733366
vt 0.767088 0.003906
vt 0.827647 0.730367
vt 0.770788 0.003906
vt 0.837048 0.729178
vt 0.774489 0.003906
vt 0.846501 0.729847
vt 0.778190 0.003906
vt 0.855642 0.732347
vt 0.781890 0.003906
vt 0.864120 0.736582
vt 0.785591 0.003906
vt 0.871608 0.742389
vt 0.789292 0.003906
vt 0.877819 0.749546
vt 0.792992 0.003906
vt 0.882515 0.757778
vt 0.796693 0.003906
vt 0.885515 0.766767
vt 0.800394 0.003906
vt 0.886703 0.776169
vt 0.018374 0.036535
vt 0.718298 0.036535
vt 0.835124 0.921838
vt 0.040247 0.036535
vt 0.856937 0.923536
vt 0.062120 0.036535
vt 0.878261 0.928432
vt 0.083992 0.036535
vt 0.898686 0.936271
vt 0.105865 0.036535
vt 0.917874 0.946783
vt 0.127737 0.036535
vt 0.935417 0.959851
vt 0.952248 0.973819
vt 0.149610 0.036535
vt 0.171483 0.036535
vt 0.941020 0.575139
vt 0.171483 0.003906
vt 0.947906 0.554597
vt 0.193355 0.003906
vt 0.215228 0.003906
vt 0.950666 0.533108
vt 0.237100 0.003906
vt 0.949191 0.511491
vt 0.258973 0.003906
vt 0.943533 0.490569
vt 0.280846 0.003906
vt 0.933903 0.471142
vt 0.302718 0.003906
vt 0.920664 0.453951
vt 0.324591 0.003906
vt 0.904317 0.439654
vt 0.885477 0.428800
vt 0.346464 0.003906
vt 0.864872 0.421801
vt 0.368336 0.003906
vt 0.949446 0.092590
vt 0.979262 0.632509
vt 0.949445 0.102443
vt 0.979262 0.621986
vt 0.949444 0.112297
vt 0.979262 0.611653
vt 0.945982 0.835130
vt 0.949441 0.122152
vt 0.979262 0.601883
vt 0.949446 0.082737
vt 0.979262 0.643058
vt 0.963839 0.191135
vt 0.883568 0.343540
vt 0.963839 0.200997
vt 0.877611 0.351390
vt 0.963839 0.210857
vt 0.873299 0.360251
vt 0.963839 0.220716
vt 0.870799 0.369783
vt 0.963839 0.092585
vt 0.966118 0.356720
vt 0.963839 0.230573
vt 0.870207 0.379620
vt 0.963839 0.102437
vt 0.961146 0.348212
vt 0.871545 0.389383
vt 0.963839 0.240430
vt 0.963839 0.112288
vt 0.954609 0.340837
vt 0.946759 0.334880
vt 0.963839 0.122138
vt 0.937898 0.330568
vt 0.963839 0.131985
vt 0.963839 0.141836
vt 0.928366 0.328068
vt 0.963839 0.151688
vt 0.918529 0.327476
vt 0.963839 0.161545
vt 0.908765 0.328814
vt 0.963839 0.171409
vt 0.899451 0.332031
vt 0.963839 0.181272
vt 0.890943 0.337003
vt 0.963839 0.082732
vt 0.969335 0.366034
vt 0.961342 0.470967
vt 0.825626 0.586235
vt 0.837058 0.587561
vt 0.961342 0.482338
vt 0.848541 0.586729
vt 0.961342 0.493709
vt 0.859579 0.583712
vt 0.961342 0.505080
vt 0.958270 0.802408
vt 0.903846 0.351369
vt 0.959294 0.642627
vt 0.987390 0.701047
vt 0.959294 0.654029
vt 0.987390 0.711909
vt 0.973321 0.482338
vt 0.987390 0.362461
vt 0.958270 0.779666
vt 0.897855 0.373520
vt 0.987390 0.340998
vt 0.973321 0.505080
vt 0.958270 0.791037
vt 0.899760 0.362149
vt 0.970833 0.676832
vt 0.980222 0.201417
vt 0.969809 0.779666
vt 0.996094 0.283588
vt 0.996094 0.251562
vt 0.969809 0.813778
vt 0.970833 0.573802
vt 0.989950 0.463036
vt 0.970833 0.585203
vt 0.989950 0.452473
vt 0.969809 0.802408
vt 0.996094 0.262424
vt 0.965950 0.905046
vt 0.822950 0.502067
vt 0.969809 0.791037
vt 0.996094 0.273025
vt 0.965950 0.893675
vt 0.818864 0.512847
vt 0.959294 0.573802
vt 0.972094 0.119651
vt 0.959294 0.585203
vt 0.973494 0.108176
vt 0.939327 0.625193
vt 0.734975 0.628920
vt 0.957521 0.859611
vt 0.821926 0.751175
vt 0.957521 0.882353
vt 0.815935 0.773326
vt 0.977489 0.882304
vt 0.989950 0.553049
vt 0.950865 0.647996
vt 0.972094 0.039404
vt 0.950865 0.636594
vt 0.973494 0.027929
vt 0.957521 0.870982
vt 0.817840 0.761955
vt 0.945982 0.848240
vt 0.987390 0.611035
vt 0.945982 0.859611
vt 0.987390 0.621897
vt 0.945982 0.870982
vt 0.987390 0.632498
vt 0.829061 0.492291
vt 0.965950 0.916417
vt 0.977489 0.893675
vt 0.989950 0.542486
vt 0.945982 0.882353
vt 0.987390 0.643061
vt 0.886008 0.141929
vt 0.932146 0.151756
vt 0.937891 0.102457
vt 0.828952 0.754660
vt 0.937896 0.112312
vt 0.834248 0.746188
vt 0.932137 0.132035
vt 0.926342 0.082762
vt 0.981822 0.553046
vt 0.932144 0.141895
vt 0.926363 0.122181
vt 0.981822 0.511871
vt 0.977489 0.929527
vt 0.926385 0.240445
vt 0.726847 0.650081
vt 0.926357 0.112327
vt 0.981822 0.521640
vt 0.909081 0.161616
vt 0.914848 0.230594
vt 0.981303 0.109918
vt 0.914850 0.220740
vt 0.984425 0.100427
vt 0.914852 0.210886
vt 0.989338 0.091727
vt 0.868256 0.230607
vt 0.859782 0.484598
vt 0.903282 0.112350
vt 0.987966 0.252180
vt 0.886006 0.171485
vt 0.926391 0.201028
vt 0.726847 0.608906
vt 0.939327 0.600577
vt 0.932157 0.181318
vt 0.914829 0.122186
vt 0.842120 0.489803
vt 0.965950 0.929527
vt 0.903260 0.092641
vt 0.987966 0.273037
vt 0.909081 0.171472
vt 0.909082 0.181327
vt 0.880236 0.201046
vt 0.959294 0.629413
vt 0.979262 0.691895
vt 0.903250 0.082784
vt 0.987966 0.283586
vt 0.914790 0.082760
vt 0.824784 0.524749
vt 0.959294 0.621221
vt 0.914853 0.201033
vt 0.995854 0.084153
vt 0.909083 0.191182
vt 0.903314 0.210893
vt 0.981822 0.431628
vt 0.903312 0.220748
vt 0.981822 0.441962
vt 0.903311 0.230601
vt 0.981822 0.452485
vt 0.903271 0.102495
vt 0.987966 0.262514
vt 0.903309 0.240455
vt 0.981822 0.463034
vt 0.880142 0.082819
vt 0.979262 0.373021
vt 0.891770 0.240457
vt 0.972094 0.201414
vt 0.891772 0.230603
vt 0.972094 0.211957
vt 0.868256 0.141944
vt 0.879881 0.558760
vt 0.868256 0.151790
vt 0.884788 0.550287
vt 0.903315 0.201039
vt 0.970833 0.621221
vt 0.981822 0.421858
vt 0.886006 0.191191
vt 0.886007 0.161632
vt 0.891774 0.210896
vt 0.972094 0.232551
vt 0.891773 0.220749
vt 0.972094 0.222435
vt 0.891717 0.102485
vt 0.910872 0.354854
vt 0.868256 0.132098
vt 0.873380 0.566133
vt 0.891740 0.112346
vt 0.916168 0.346382
vt 0.923015 0.339105
vt 0.891759 0.122209
vt 0.958270 0.826889
vt 0.880178 0.102538
vt 0.979262 0.351950
vt 0.886006 0.181338
vt 0.891681 0.082777
vt 0.905679 0.374051
vt 0.970833 0.629413
vt 0.891775 0.201043
vt 0.972094 0.242093
vt 0.868256 0.122247
vt 0.865554 0.572133
vt 0.961342 0.518191
vt 0.880236 0.210900
vt 0.979262 0.701665
vt 0.880236 0.220753
vt 0.979262 0.711999
vt 0.868256 0.240461
vt 0.850447 0.481521
vt 0.880235 0.240460
vt 0.979262 0.733071
vt 0.880225 0.122241
vt 0.979262 0.331846
vt 0.973321 0.518191
vt 0.886004 0.132078
vt 0.868302 0.489428
vt 0.868256 0.220754
vt 0.875695 0.495820
vt 0.868256 0.210900
vt 0.886008 0.151781
vt 0.868256 0.171489
vt 0.889223 0.531372
vt 0.868256 0.181341
vt 0.888576 0.521650
vt 0.868256 0.191194
vt 0.886028 0.512247
vt 0.868256 0.161639
vt 0.887945 0.541041
vt 0.868256 0.201047
vt 0.881679 0.503526
vt 0.926347 0.092617
vt 0.981822 0.542497
vt 0.937911 0.240434
vt 0.980093 0.039590
vt 0.937923 0.201016
vt 0.995854 0.003906
vt 0.950865 0.600577
vt 0.950865 0.625193
vt 0.977106 0.016948
vt 0.982791 0.006882
vt 0.950865 0.613791
vt 0.926391 0.210883
vt 0.726847 0.618676
vt 0.926389 0.220737
vt 0.726847 0.629009
vt 0.926387 0.230591
vt 0.726847 0.639532
vt 0.939327 0.647996
vt 0.734975 0.650084
vt 0.939327 0.636594
vt 0.734975 0.639521
vt 0.734975 0.618058
vt 0.939327 0.613791
vt 0.903292 0.122200
vt 0.987966 0.242410
vt 0.969809 0.826889
vt 0.914846 0.240448
vt 0.980093 0.119836
vt 0.959294 0.596604
vt 0.977106 0.097194
vt 0.959294 0.608006
vt 0.982791 0.087129
vt 0.970833 0.596604
vt 0.989950 0.441873
vt 0.970833 0.608006
vt 0.989950 0.431011
vt 0.970833 0.654029
vt 0.980222 0.222650
vt 0.970833 0.665430
vt 0.980222 0.211988
vt 0.970833 0.642627
vt 0.980222 0.233796
vt 0.880235 0.230607
vt 0.979262 0.722522
vt 0.959294 0.676832
vt 0.987390 0.733073
vt 0.959294 0.665430
vt 0.987390 0.722510
vt 0.937886 0.092603
vt 0.825410 0.764003
vt 0.957521 0.835130
vt 0.937900 0.122169
vt 0.841096 0.738912
vt 0.937881 0.082747
vt 0.823760 0.773857
vt 0.957521 0.848240
vt 0.828037 0.741399
vt 0.926352 0.102473
vt 0.981822 0.531974
vt 0.989950 0.521023
vt 0.977489 0.916417
vt 0.977489 0.905046
vt 0.989950 0.531885
vt 0.914799 0.092613
vt 0.826434 0.514895
vt 0.914810 0.102469
vt 0.829976 0.505552
vt 0.914821 0.112325
vt 0.835272 0.497080
vt 0.909078 0.141905
vt 0.965950 0.882304
vt 0.816959 0.524218
vt 0.891697 0.092632
vt 0.907330 0.364197
vt 0.909957 0.341593
vt 0.958270 0.813778
vt 0.880157 0.092677
vt 0.979262 0.362472
vt 0.880202 0.112391
vt 0.979262 0.341616
vt 0.973321 0.493709
vt 0.987390 0.351860
vt 0.973321 0.470967
vt 0.987390 0.373024
vt 0.937919 0.210869
vt 0.989338 0.011480
vt 0.937915 0.220723
vt 0.984425 0.020180
vt 0.937913 0.230578
vt 0.981303 0.029672
vt 0.909073 0.132048
vt 0.932159 0.191170
vt 0.932146 0.161614
vt 0.932156 0.171466
vt 0.909081 0.151761
vt 0.811485 0.657935
vt 0.003906 0.003906
vt 0.732766 0.003906
vt 0.835572 0.657684
vt 0.028151 0.003906
vt 0.859016 0.901309
vt 0.028151 0.021564
vt 0.861524 0.654599
vt 0.054492 0.003906
vt 0.884520 0.907863
vt 0.054492 0.021618
vt 0.911344 0.921282
vt 0.084476 0.022675
vt 0.935379 0.944765
vt 0.117995 0.025169
vt 0.084476 0.003906
vt 0.889161 0.643575
vt 0.117995 0.003906
vt 0.911535 0.619029
vt 0.835124 0.897225
vt 0.003906 0.021564
vt 0.732766 0.021564
vt 0.930257 0.593945
vt 0.149610 0.003906
vt 0.855903 0.003906
vt 0.791246 0.788235
vt 0.852203 0.003906
vt 0.794246 0.797224
vt 0.848502 0.003906
vt 0.798941 0.805456
vt 0.844801 0.003906
vt 0.805153 0.812613
vt 0.841101 0.003906
vt 0.812641 0.818420
vt 0.837400 0.003906
vt 0.821119 0.822656
vt 0.833699 0.003906
vt 0.830260 0.825156
vt 0.829999 0.003906
vt 0.839713 0.825824
vt 0.826298 0.003906
vt 0.849115 0.824636
vt 0.822598 0.003906
vt 0.858104 0.821636
vt 0.818897 0.003906
vt 0.866335 0.816940
vt 0.815196 0.003906
vt 0.873492 0.810729
vt 0.811496 0.003906
vt 0.879300 0.803240
vt 0.807795 0.003906
vt 0.883535 0.794763
vt 0.804094 0.003906
vt 0.886035 0.785622
vt 0.696426 0.036535
vt 0.813318 0.923540
vt 0.674553 0.036535
vt 0.792004 0.928454
vt 0.652681 0.036535
vt 0.771595 0.936321
vt 0.630808 0.036535
vt 0.752436 0.946874
vt 0.608935 0.036535
vt 0.734933 0.959990
vt 0.718143 0.974009
vt 0.587063 0.036535
vt 0.565190 0.036535
vt 0.726847 0.526941
vt 0.565190 0.003906
vt 0.730005 0.505026
vt 0.543317 0.003906
vt 0.521445 0.003906
vt 0.737328 0.484192
vt 0.499572 0.003906
vt 0.748520 0.465215
vt 0.477699 0.003906
vt 0.763140 0.448796
vt 0.455827 0.003906
vt 0.780625 0.435543
vt 0.433954 0.003906
vt 0.800320 0.425933
vt 0.412082 0.003906
vt 0.821464 0.420332
vt 0.843257 0.418941
vt 0.390209 0.003906
vt 0.949446 0.072884
vt 0.979262 0.653601
vt 0.949445 0.063031
vt 0.979262 0.664080
vt 0.949442 0.053178
vt 0.979262 0.674195
vt 0.949436 0.043326
vt 0.979262 0.683738
vt 0.945982 0.929576
vt 0.963839 0.289713
vt 0.902982 0.424850
vt 0.963839 0.279856
vt 0.894121 0.420538
vt 0.963839 0.270000
vt 0.886271 0.414581
vt 0.963839 0.260143
vt 0.879734 0.407206
vt 0.963839 0.072880
vt 0.970673 0.375798
vt 0.874762 0.398698
vt 0.963839 0.250287
vt 0.963839 0.063028
vt 0.970081 0.385634
vt 0.963839 0.053175
vt 0.967581 0.395167
vt 0.963839 0.043322
vt 0.963269 0.404028
vt 0.963839 0.033468
vt 0.957312 0.411878
vt 0.963839 0.023614
vt 0.949937 0.418414
vt 0.963839 0.013760
vt 0.941429 0.423387
vt 0.963839 0.003906
vt 0.963839 0.319284
vt 0.932114 0.426604
vt 0.963839 0.309427
vt 0.922351 0.427942
vt 0.963839 0.299569
vt 0.912515 0.427350
vt 0.814591 0.582709
vt 0.961342 0.459596
vt 0.804431 0.577260
vt 0.961342 0.448226
vt 0.961342 0.436855
vt 0.795484 0.569885
vt 0.958270 0.756924
vt 0.900796 0.396278
vt 0.987390 0.765453
vt 0.959294 0.711036
vt 0.987390 0.754307
vt 0.959294 0.699634
vt 0.973321 0.459596
vt 0.987390 0.383596
vt 0.987390 0.405403
vt 0.973321 0.436855
vt 0.958270 0.768295
vt 0.898205 0.385044
vt 0.969809 0.745553
vt 0.996094 0.315968
vt 0.970833 0.562400
vt 0.989950 0.473608
vt 0.969809 0.756924
vt 0.996094 0.304822
vt 0.965950 0.859563
vt 0.819900 0.546976
vt 0.969809 0.768295
vt 0.996094 0.294160
vt 0.965950 0.870933
vt 0.817309 0.535742
vt 0.959294 0.562400
vt 0.972960 0.131178
vt 0.734975 0.671317
vt 0.939327 0.670799
vt 0.957521 0.905095
vt 0.818876 0.796084
vt 0.972960 0.050932
vt 0.950865 0.659397
vt 0.957521 0.893724
vt 0.816285 0.784850
vt 0.987390 0.675440
vt 0.945982 0.916466
vt 0.945982 0.905095
vt 0.987390 0.664295
vt 0.945982 0.893724
vt 0.987390 0.653633
vt 0.965950 0.848192
vt 0.824634 0.557488
vt 0.977489 0.870933
vt 0.989950 0.563620
vt 0.885909 0.023658
vt 0.932099 0.013770
vt 0.937877 0.063039
vt 0.826309 0.793580
vt 0.937877 0.053184
vt 0.830411 0.802691
vt 0.932104 0.033479
vt 0.932102 0.023625
vt 0.977489 0.835081
vt 0.981822 0.593726
vt 0.926333 0.043338
vt 0.926336 0.053194
vt 0.981822 0.584183
vt 0.909082 0.319284
vt 0.908994 0.003931
vt 0.914844 0.250302
vt 0.980841 0.129800
vt 0.914842 0.260156
vt 0.983519 0.139426
vt 0.914840 0.270010
vt 0.988023 0.148345
vt 0.868256 0.250314
vt 0.840676 0.480314
vt 0.903235 0.053213
vt 0.987966 0.314723
vt 0.886005 0.309433
vt 0.926377 0.279861
vt 0.939327 0.695415
vt 0.726847 0.690761
vt 0.932149 0.299570
vt 0.965950 0.835081
vt 0.837236 0.561718
vt 0.914780 0.043345
vt 0.903243 0.072928
vt 0.987966 0.294129
vt 0.909085 0.309430
vt 0.909077 0.299576
vt 0.880233 0.279874
vt 0.979262 0.773750
vt 0.959294 0.724251
vt 0.914839 0.279864
vt 0.994180 0.156214
vt 0.959294 0.526383
vt 0.909072 0.289721
vt 0.903305 0.270016
vt 0.981822 0.494171
vt 0.903307 0.260162
vt 0.981822 0.484055
vt 0.903308 0.250309
vt 0.981822 0.473577
vt 0.903238 0.063071
vt 0.987966 0.304607
vt 0.891769 0.250311
vt 0.972094 0.190865
vt 0.868159 0.023664
vt 0.788699 0.539570
vt 0.868159 0.013808
vt 0.788169 0.529633
vt 0.903303 0.279870
vt 0.981822 0.503713
vt 0.970833 0.526383
vt 0.886001 0.289728
vt 0.886005 0.319284
vt 0.885906 0.003948
vt 0.891767 0.270019
vt 0.972094 0.170008
vt 0.891768 0.260164
vt 0.972094 0.180342
vt 0.891668 0.063070
vt 0.908229 0.393774
vt 0.868159 0.033521
vt 0.791136 0.549189
vt 0.891672 0.053217
vt 0.912331 0.402885
vt 0.958270 0.732443
vt 0.891681 0.043365
vt 0.918131 0.411020
vt 0.880129 0.063098
vt 0.979262 0.394043
vt 0.886003 0.299581
vt 0.891767 0.279872
vt 0.972094 0.160239
vt 0.970833 0.724251
vt 0.868159 0.043376
vt 0.961342 0.423744
vt 0.793307 0.558577
vt 0.880235 0.270020
vt 0.979262 0.764208
vt 0.880235 0.260167
vt 0.979262 0.754092
vt 0.880138 0.043376
vt 0.979262 0.413701
vt 0.973321 0.423744
vt 0.885909 0.033515
vt 0.830828 0.481031
vt 0.868256 0.260168
vt 0.821278 0.483651
vt 0.868256 0.270021
vt 0.885909 0.013803
vt 0.868256 0.309433
vt 0.792863 0.510296
vt 0.868256 0.299581
vt 0.797900 0.501660
vt 0.868256 0.289728
vt 0.804493 0.494160
vt 0.868159 0.003953
vt 0.868256 0.319284
vt 0.789577 0.519741
vt 0.868256 0.279874
vt 0.812391 0.488077
vt 0.926339 0.072905
vt 0.981822 0.563589
vt 0.937913 0.279858
vt 0.950865 0.695415
vt 0.994180 0.075967
vt 0.976058 0.062069
vt 0.950865 0.670799
vt 0.950865 0.682200
vt 0.981269 0.072388
vt 0.926379 0.270007
vt 0.726847 0.681218
vt 0.926381 0.260153
vt 0.726847 0.671103
vt 0.926383 0.250300
vt 0.726847 0.660624
vt 0.734975 0.660655
vt 0.939327 0.659397
vt 0.939327 0.682200
vt 0.734975 0.682463
vt 0.969809 0.732443
vt 0.903233 0.043356
vt 0.987966 0.324265
vt 0.959294 0.550999
vt 0.976058 0.142315
vt 0.981269 0.152634
vt 0.959294 0.539597
vt 0.970833 0.550999
vt 0.989950 0.484270
vt 0.989950 0.495416
vt 0.970833 0.539597
vt 0.980222 0.180253
vt 0.970833 0.699634
vt 0.970833 0.688233
vt 0.980222 0.190853
vt 0.980222 0.169391
vt 0.970833 0.711036
vt 0.880235 0.250314
vt 0.979262 0.743614
vt 0.959294 0.688233
vt 0.987390 0.743645
vt 0.937879 0.072894
vt 0.824063 0.783844
vt 0.937881 0.043331
vt 0.836212 0.810826
vt 0.957521 0.929576
vt 0.823610 0.806596
vt 0.957521 0.916466
vt 0.926337 0.063050
vt 0.981822 0.574067
vt 0.977489 0.848192
vt 0.989950 0.585428
vt 0.977489 0.859563
vt 0.989950 0.574282
vt 0.914782 0.072905
vt 0.825087 0.534736
vt 0.914777 0.063052
vt 0.827333 0.544472
vt 0.914776 0.053198
vt 0.831435 0.553583
vt 0.909001 0.023641
vt 0.891672 0.072924
vt 0.905983 0.384038
vt 0.958270 0.745553
vt 0.905530 0.406790
vt 0.880132 0.072957
vt 0.979262 0.383565
vt 0.880130 0.053237
vt 0.979262 0.404158
vt 0.973321 0.448226
vt 0.987390 0.394258
vt 0.937911 0.270002
vt 0.988023 0.068098
vt 0.937910 0.260146
vt 0.983519 0.059179
vt 0.937910 0.250290
vt 0.980841 0.049553
vt 0.909003 0.033496
vt 0.932147 0.289715
vt 0.932096 0.003916
vt 0.932152 0.319284
vt 0.932152 0.309428
vt 0.908998 0.013787
vt 0.789435 0.648156
vt 0.708522 0.003906
vt 0.811228 0.901316
vt 0.708522 0.021564
vt 0.682181 0.003906
vt 0.766621 0.635005
vt 0.785721 0.907892
vt 0.682181 0.021618
vt 0.758909 0.921355
vt 0.652197 0.022675
vt 0.734925 0.944904
vt 0.618678 0.025169
vt 0.652197 0.003906
vt 0.744854 0.614220
vt 0.618678 0.003906
vt 0.733600 0.580982
vt 0.587063 0.003906
vt 0.727978 0.549145
vt 0.040247 0.950142
vt 0.728391 0.758758
vt 0.018374 0.950142
vt 0.718298 0.950142
vt 0.726847 0.780576
vt 0.062120 0.950142
vt 0.734161 0.737660
vt 0.083992 0.950142
vt 0.743936 0.718093
vt 0.105865 0.950142
vt 0.757340 0.700810
vt 0.127738 0.950142
vt 0.773859 0.686473
vt 0.149610 0.950142
vt 0.792858 0.675635
vt 0.171483 0.950142
vt 0.813606 0.668711
vt 0.193355 0.950142
vt 0.835305 0.665968
vt 0.215228 0.950142
vt 0.857124 0.667511
vt 0.237101 0.950142
vt 0.878221 0.673281
vt 0.258973 0.950142
vt 0.897788 0.683056
vt 0.280846 0.950142
vt 0.915072 0.696461
vt 0.302719 0.950142
vt 0.929409 0.712980
vt 0.324591 0.950142
vt 0.940247 0.731978
vt 0.346464 0.950142
vt 0.947171 0.752726
vt 0.949914 0.774426
vt 0.368336 0.950142
vt 0.696426 0.950142
vt 0.729590 0.802276
vt 0.674553 0.950142
vt 0.736514 0.823024
vt 0.652681 0.950142
vt 0.747353 0.842022
vt 0.630808 0.950142
vt 0.761689 0.858541
vt 0.608935 0.950142
vt 0.778973 0.871946
vt 0.587063 0.950142
vt 0.798540 0.881721
vt 0.565190 0.950142
vt 0.819637 0.887491
vt 0.543317 0.950142
vt 0.841456 0.889034
vt 0.521445 0.950142
vt 0.863156 0.886291
vt 0.499572 0.950142
vt 0.883903 0.879368
vt 0.477700 0.950142
vt 0.902902 0.868529
vt 0.455827 0.950142
vt 0.919421 0.854192
vt 0.433954 0.950142
vt 0.932825 0.836909
vt 0.412082 0.950142
vt 0.942600 0.817342
vt 0.948371 0.796244
vt 0.390209 0.950142
vt 0.741183 0.410749
vt 0.859604 0.410749
vt 0.967460 0.366482
vt 0.744884 0.410749
vt 0.964366 0.357525
vt 0.748585 0.410749
vt 0.959584 0.349343
vt 0.752285 0.410749
vt 0.953298 0.342251
vt 0.755986 0.410749
vt 0.945750 0.336522
vt 0.759687 0.410749
vt 0.937228 0.332376
vt 0.763387 0.410749
vt 0.928061 0.329972
vt 0.767088 0.410749
vt 0.918602 0.329402
vt 0.770788 0.410749
vt 0.909213 0.330689
vt 0.774489 0.410749
vt 0.900256 0.333783
vt 0.778190 0.410749
vt 0.892074 0.338565
vt 0.781890 0.410749
vt 0.884982 0.344851
vt 0.785591 0.410749
vt 0.879253 0.352399
vt 0.789292 0.410749
vt 0.875107 0.360921
vt 0.792992 0.410749
vt 0.872703 0.370087
vt 0.796693 0.410749
vt 0.872133 0.379547
vt 0.800394 0.410749
vt 0.873420 0.388936
vt 0.855903 0.410749
vt 0.968747 0.375871
vt 0.852203 0.410749
vt 0.968177 0.385331
vt 0.848502 0.410749
vt 0.965773 0.394497
vt 0.844801 0.410749
vt 0.961627 0.403018
vt 0.841101 0.410749
vt 0.955898 0.410567
vt 0.837400 0.410749
vt 0.948806 0.416853
vt 0.833699 0.410749
vt 0.940624 0.421635
vt 0.829999 0.410749
vt 0.931667 0.424729
vt 0.826298 0.410749
vt 0.922278 0.426015
vt 0.822598 0.410749
vt 0.912818 0.425446
vt 0.818897 0.410749
vt 0.903652 0.423042
vt 0.815196 0.410749
vt 0.895130 0.418895
vt 0.811496 0.410749
vt 0.887582 0.413166
vt 0.807795 0.410749
vt 0.881296 0.406075
vt 0.804094 0.410749
vt 0.876514 0.397893
s 1
usemtl supressor
f 18/36/1 19/39/2 401/794/2 402/796/1
f 403/799/3 401/794/2 19/39/2 20/41/3
f 404/801/4 403/799/3 20/41/3 21/43/4
f 405/803/5 404/801/4 21/43/4 22/45/5
f 406/805/6 405/803/5 22/45/5 23/47/6
f 407/807/7 406/805/6 23/47/6 24/50/8
f 408/809/9 407/807/7 24/50/8 25/51/9
f 409/811/10 408/809/9 25/51/9 27/55/10
f 27/55/10 28/56/11 410/813/11 409/811/10
f 28/56/11 29/58/12 411/815/12 410/813/11
f 29/58/12 30/60/13 412/817/13 411/815/12
f 30/60/13 31/62/14 413/819/14 412/817/13
f 31/62/14 32/64/15 414/821/15 413/819/14
f 32/64/15 33/66/16 415/823/16 414/821/15
f 33/66/16 34/69/17 416/825/17 415/823/16
f 26/52/18 130/257/18 157/311/18 27/54/18
f 22/46/19 214/422/20 23/48/21
f 195/388/22 139/273/22 138/272/22
f 13/26/23 445/884/23 444/882/24 12/24/24
f 94/188/9 53/107/9 54/109/10 205/406/10
f 201/400/16 44/89/16 46/93/17 202/402/17
f 111/219/12 56/113/12 41/83/13 204/405/13
f 37/74/3 47/95/3 49/99/4 38/76/4
f 204/405/13 41/83/13 42/85/14 161/318/25
f 55/111/11 56/113/12 111/219/12 206/407/11
f 38/76/4 49/99/4 50/102/5 39/79/26
f 97/193/6 51/104/6 52/105/7 99/196/7
f 298/590/24 263/521/24 253/500/27 370/736/27
f 205/406/10 54/109/10 55/111/11 206/407/11
f 202/402/17 46/93/17 48/98/28 160/316/28
f 99/196/7 52/105/7 53/107/9 94/188/9
f 40/81/1 57/115/1 45/91/2 36/72/2
f 161/318/25 42/85/14 43/87/15 200/398/15
f 200/398/15 43/87/15 44/89/16 201/400/16
f 118/232/1 189/377/2 113/223/2 117/230/1
f 62/125/3 68/137/2 76/153/2 74/149/3
f 195/389/29 62/125/3 74/149/3 71/144/29
f 180/358/28 181/360/17 177/352/17 69/139/28
f 181/360/17 64/129/16 176/350/16 177/352/17
f 72/145/28 73/147/17 79/159/17 78/157/28
f 174/346/16 175/348/30 173/344/30 172/342/16
f 75/151/3 77/155/2 91/183/2 188/375/3
f 90/182/29 75/151/3 188/375/3 187/374/29
f 167/331/28 168/333/17 85/171/17 84/169/28
f 80/161/16 169/336/30 163/324/30 162/321/16
f 36/72/2 45/91/2 47/95/3 37/74/3
f 81/163/3 86/173/2 89/179/2 88/177/3
f 185/369/29 81/163/3 88/177/3 87/175/29
f 59/120/2 58/117/1 199/396/1 65/131/2
f 148/293/28 147/291/28 107/211/17 179/356/17
f 116/227/25 158/312/14 156/308/13 132/261/13
f 153/303/9 130/256/9 129/254/7 93/187/7
f 132/261/13 156/308/13 155/306/12 141/278/12
f 133/262/10 157/310/10 130/256/9 153/303/9
f 179/356/17 107/211/17 151/300/16 146/289/16
f 150/298/6 137/269/6 144/284/31 149/295/26
f 145/287/15 152/302/15 158/312/14 116/227/25
f 109/215/11 154/304/11 157/310/10 133/262/10
f 93/187/7 129/254/7 137/269/6 150/298/6
f 141/278/12 155/306/12 154/304/11 109/215/11
f 200/399/18 201/401/18 162/322/18 163/323/18
f 337/669/18 399/791/18 331/655/18
f 35/70/18 34/68/18 107/212/18 147/292/18
f 33/67/18 151/299/18 107/212/18 34/68/18
f 32/65/18 152/301/18 151/299/18 33/67/18
f 31/63/18 158/313/18 152/301/18 32/65/18
f 30/61/18 156/309/18 158/313/18 31/63/18
f 29/59/18 155/307/18 156/309/18 30/61/18
f 28/57/18 154/305/18 155/307/18 29/59/18
f 26/52/18 218/431/18 129/255/18 130/257/18
f 27/54/18 157/311/18 154/305/18 28/57/18
f 60/121/18 211/416/18 209/412/18 59/119/18
f 210/414/32 19/40/33 18/38/34 217/428/34
f 20/42/35 19/40/33 210/414/32 212/418/36
f 21/44/37 20/42/35 212/418/36 213/420/38
f 22/46/19 21/44/37 213/420/38 214/422/20
f 214/422/20 24/49/39 23/48/21
f 58/118/18 59/119/18 209/412/18 208/409/18
f 417/828/28 416/825/17 34/69/17 35/71/28
f 402/797/1 418/829/40 234/463/40 18/37/1
f 418/829/40 419/831/41 235/465/41 234/463/40
f 419/831/41 420/833/42 236/467/42 235/465/41
f 420/833/42 421/835/23 237/469/23 236/467/42
f 421/835/23 422/837/24 238/471/24 237/469/23
f 422/837/24 423/839/43 239/474/44 238/471/24
f 423/839/43 424/841/45 240/475/45 239/474/44
f 242/479/46 240/475/45 424/841/45 425/843/46
f 243/480/47 242/479/46 425/843/46 426/845/47
f 244/482/48 243/480/47 426/845/47 427/847/48
f 245/484/49 244/482/48 427/847/48 428/849/49
f 246/486/50 245/484/49 428/849/49 429/851/50
f 247/488/51 246/486/50 429/851/50 430/853/51
f 248/490/52 247/488/51 430/853/51 431/855/52
f 249/493/53 248/490/52 431/855/52 432/858/53
f 60/121/18 61/123/18 215/425/18 211/416/18
f 237/470/54 238/472/55 397/786/56
f 250/494/40 251/496/41 260/515/41 258/511/40
f 389/772/46 266/527/46 265/525/45 295/585/45
f 386/768/53 259/514/53 257/509/52 385/766/52
f 388/771/49 254/503/49 268/532/48 310/613/48
f 251/496/41 252/498/42 261/517/42 260/515/41
f 351/696/57 255/505/50 254/503/49 388/771/49
f 310/613/48 268/532/48 267/530/47 390/774/47
f 252/498/42 253/500/27 262/519/23 261/517/42
f 299/591/43 264/523/43 263/521/24 298/590/24
f 390/774/47 267/530/47 266/528/46 389/773/46
f 253/500/27 263/521/24 262/519/23
f 295/585/45 265/525/45 264/523/43 299/591/43
f 40/81/1 250/494/40 258/511/40 57/115/1
f 384/764/51 256/507/51 255/505/50 351/696/57
f 385/766/52 257/509/52 256/507/51 384/764/51
f 68/137/2 66/133/1 70/141/1 76/153/2
f 277/550/40 272/540/41 280/556/41 282/560/40
f 272/540/41 380/756/58 278/552/58 280/556/41
f 64/129/16 63/127/30 178/354/30 176/350/16
f 368/732/53 180/358/28 69/139/28 365/726/53
f 274/545/52 368/732/53 365/726/53 364/725/52
f 73/147/17 174/346/16 172/342/16 79/159/17
f 279/554/53 72/145/28 78/157/28 284/564/53
f 363/723/59 362/720/52 360/716/52 361/719/59
f 77/155/2 193/384/1 83/167/1 91/183/2
f 283/562/40 281/558/41 374/745/41 293/582/40
f 281/558/41 292/580/58 373/743/58 374/745/41
f 168/333/17 80/161/16 162/321/16 85/171/17
f 357/710/53 167/331/28 84/169/28 287/571/53
f 358/711/59 285/567/52 352/700/52 353/701/59
f 86/173/2 82/165/1 92/185/1 89/179/2
f 288/572/40 286/568/41 290/576/41 291/578/40
f 286/568/41 371/740/58 289/575/58 290/576/41
f 58/117/1 269/535/40 275/546/40 199/396/1
f 148/293/28 367/730/53 306/605/53 147/291/28
f 315/621/57 326/645/49 347/687/49 349/692/50
f 344/682/45 294/584/43 323/638/43 324/640/45
f 326/645/49 335/663/48 346/685/48 347/687/49
f 327/647/46 344/682/45 324/640/45 348/689/46
f 367/730/53 339/672/52 342/679/52 306/605/53
f 341/677/24 340/674/27 337/667/60 331/654/24
f 338/670/51 315/621/57 349/692/50 343/681/51
f 308/609/47 327/646/46 348/690/46 345/683/47
f 294/584/43 341/677/24 331/654/24 323/638/43
f 335/663/48 308/609/47 345/683/47 346/685/48
f 185/369/29 87/175/29 39/78/61 183/364/61
f 144/285/18 137/270/18 216/427/18
f 216/427/18 137/270/18 129/255/18 218/431/18
f 35/70/18 147/292/18 306/606/18 249/492/18
f 249/492/18 306/606/18 342/678/18 248/491/18
f 248/491/18 342/678/18 343/680/18 247/489/18
f 247/489/18 343/680/18 349/693/18 246/487/18
f 245/485/18 246/487/18 349/693/18 347/688/18
f 242/478/18 243/481/18 345/684/18 348/691/18
f 241/476/18 242/478/18 348/691/18 324/641/18
f 323/639/18 400/793/18 241/476/18 324/641/18
f 270/536/18 269/534/18 392/776/18 394/781/18
f 393/778/62 217/428/34 18/38/34 234/464/63
f 235/466/64 395/782/65 393/778/62 234/464/63
f 236/468/66 396/784/67 395/782/65 235/466/64
f 237/470/54 397/786/56 396/784/67 236/468/66
f 397/786/56 238/472/55 239/473/68
f 58/118/18 208/409/18 392/776/18 269/534/18
f 227/449/9 458/910/9 459/912/7 228/451/7
f 14/28/42 446/886/42 445/884/23 13/26/23
f 228/451/7 459/912/7 460/914/6 229/453/6
f 15/30/41 447/888/41 446/886/42 14/28/42
f 2/4/53 434/862/53 433/859/28 1/1/28
f 229/453/6 460/914/6 461/916/5 230/455/5
f 16/32/40 448/890/40 447/888/41 15/30/41
f 3/6/52 435/864/52 434/862/53 2/4/53
f 230/455/5 461/916/5 462/918/4 231/457/4
f 17/34/1 449/892/1 448/890/40 16/32/40
f 4/8/51 436/866/51 435/864/52 3/6/52
f 231/457/4 462/918/4 463/920/3 232/459/3
f 1/2/28 433/860/28 450/894/17 219/433/17
f 5/10/50 437/868/50 436/866/51 4/8/51
f 232/459/3 463/920/3 464/922/2 233/461/2
f 219/433/17 450/894/17 451/896/16 220/435/16
f 6/12/49 438/870/49 437/868/50 5/10/50
f 233/461/2 464/922/2 449/892/1 17/34/1
f 220/435/16 451/896/16 452/898/15 221/437/15
f 7/14/48 439/872/48 438/870/49 6/12/49
f 221/437/15 452/898/15 453/900/14 222/439/14
f 8/16/47 440/874/47 439/872/48 7/14/48
f 222/439/14 453/900/14 454/902/13 223/441/13
f 9/18/46 441/876/46 440/874/47 8/16/47
f 223/441/13 454/902/13 455/904/12 224/443/12
f 10/20/45 442/878/45 441/876/46 9/18/46
f 224/443/12 455/904/12 456/906/11 225/445/11
f 11/22/43 443/880/43 442/878/45 10/20/45
f 225/445/11 456/906/11 457/908/10 226/447/10
f 12/24/24 444/882/24 443/880/43 11/22/43
f 226/447/10 457/908/10 458/910/9 227/449/9
f 41/84/18 56/114/18 443/881/18 444/883/18
f 42/86/18 41/84/18 444/883/18 445/885/18
f 43/88/18 42/86/18 445/885/18 446/887/18
f 44/90/18 43/88/18 446/887/18 447/889/18
f 46/94/18 44/90/18 447/889/18 448/891/18
f 48/97/18 46/94/18 448/891/18 449/893/18
f 259/513/18 48/97/18 449/893/18 464/923/18
f 257/510/18 259/513/18 464/923/18 463/921/18
f 256/508/18 257/510/18 463/921/18 462/919/18
f 255/506/18 256/508/18 462/919/18 461/917/18
f 254/504/18 255/506/18 461/917/18 460/915/18
f 268/533/18 254/504/18 460/915/18 459/913/18
f 267/531/18 268/533/18 459/913/18 458/911/18
f 266/529/18 267/531/18 458/911/18 457/909/18
f 265/526/18 266/529/18 457/909/18 456/907/18
f 264/524/18 265/526/18 456/907/18 455/905/18
f 263/522/18 264/524/18 455/905/18 454/903/18
f 262/520/18 263/522/18 454/903/18 453/901/18
f 261/518/18 262/520/18 453/901/18 452/899/18
f 260/516/18 261/518/18 452/899/18 451/897/18
f 258/512/18 260/516/18 451/897/18 450/895/18
f 57/116/18 258/512/18 450/895/18 433/861/18
f 45/92/18 57/116/18 433/861/18 434/863/18
f 47/96/18 45/92/18 434/863/18 435/865/18
f 49/100/18 47/96/18 435/865/18 436/867/18
f 50/101/18 49/100/18 436/867/18 437/869/18
f 51/103/18 50/101/18 437/869/18 438/871/18
f 52/106/18 51/103/18 438/871/18 439/873/18
f 53/108/18 52/106/18 439/873/18 440/875/18
f 54/110/18 53/108/18 440/875/18 441/877/18
f 55/112/18 54/110/18 441/877/18 442/879/18
f 402/798/22 401/795/22 2/5/22 1/3/22
f 401/795/22 403/800/22 3/7/22 2/5/22
f 403/800/22 404/802/22 4/9/22 3/7/22
f 404/802/22 405/804/22 5/11/22 4/9/22
f 405/804/22 406/806/22 6/13/22 5/11/22
f 406/806/22 407/808/22 7/15/22 6/13/22
f 407/808/22 408/810/22 8/17/22 7/15/22
f 412/818/22 413/820/22 13/27/22 12/25/22
f 413/820/22 414/822/22 14/29/22 13/27/22
f 414/822/22 415/824/22 15/31/22 14/29/22
f 415/824/22 416/826/22 16/33/22 15/31/22
f 419/832/22 418/830/22 219/434/22 220/436/22
f 420/834/22 419/832/22 220/436/22 221/438/22
f 421/836/22 420/834/22 221/438/22 222/440/22
f 422/838/22 421/836/22 222/440/22 223/442/22
f 423/840/22 422/838/22 223/442/22 224/444/22
f 424/842/22 423/840/22 224/444/22 225/446/22
f 425/844/22 424/842/22 225/446/22 226/448/22
f 426/846/22 425/844/22 226/448/22 227/450/22
f 427/848/22 426/846/22 227/450/22 228/452/22
f 428/850/22 427/848/22 228/452/22 229/454/22
f 429/852/22 428/850/22 229/454/22 230/456/22
f 430/854/22 429/852/22 230/456/22 231/458/22
f 431/856/22 430/854/22 231/458/22 232/460/22
f 432/857/22 431/856/22 232/460/22 233/462/22
f 9/19/22 8/17/22 408/810/22 409/812/22
f 410/814/22 10/21/22 9/19/22 409/812/22
f 411/816/22 11/23/22 10/21/22 410/814/22
f 412/818/22 12/25/22 11/23/22 411/816/22
f 417/827/22 17/35/22 16/33/22 416/826/22
f 1/3/22 219/434/22 418/830/22 402/798/22
f 417/827/22 432/857/22 233/462/22 17/35/22
f 209/413/69 211/417/70 212/419/71 210/415/69
f 211/417/70 215/424/72 213/421/73 212/419/71
f 215/424/72 216/426/74 214/423/75 213/421/73
f 217/429/1 208/410/1 209/413/69 210/415/69
f 216/426/74 218/432/76 24/50/8 214/423/75
f 218/432/76 26/53/9 25/51/9 24/50/8
f 394/780/77 392/777/78 393/779/78 395/783/79
f 398/788/80 394/780/77 395/783/79 396/785/81
f 399/790/82 398/788/80 396/785/81 397/787/83
f 392/777/78 208/411/1 217/430/1 393/779/78
f 400/792/84 399/790/82 397/787/83 239/474/44
f 241/477/45 400/792/84 239/474/44 240/475/45
f 244/483/18 245/485/18 347/688/18 346/686/18
f 56/114/18 55/112/18 442/879/18 443/881/18
f 331/655/18 399/791/18 400/793/18 323/639/18
f 270/536/18 394/781/18 398/789/18 271/539/18
f 339/672/52 338/670/51 343/681/51 342/679/52
f 269/535/40 270/537/41 383/762/41 275/546/40
f 270/537/41 271/538/58 276/549/58 383/762/41
f 243/481/18 244/483/18 346/686/18 345/684/18
f 60/122/3 59/120/2 65/131/2 198/394/3
f 61/124/29 60/122/3 198/394/3 67/136/29
f 149/295/26 139/274/26 150/298/6
f 142/279/1 194/386/2 196/390/2 126/248/1
f 132/261/13 143/282/25 116/227/25
f 138/271/4 139/274/26 149/295/26 197/392/4
f 196/390/2 194/386/2 136/267/3 140/276/3
f 140/276/3 136/267/3 138/271/4 197/392/4
f 116/228/85 143/281/85 178/354/30 63/127/30
f 341/677/24 333/659/27 340/674/27
f 381/758/40 379/754/40 142/279/1 126/248/1
f 336/664/57 326/645/49 315/621/57
f 340/674/27 333/659/27 332/656/42 382/760/42
f 334/661/41 330/652/41 379/754/40 381/758/40
f 332/656/42 330/652/41 334/661/41 382/760/42
f 106/210/18 105/208/18 172/343/18 173/345/18
f 153/303/9 207/408/9 103/204/10 133/262/10
f 121/238/15 122/240/16 135/265/16 134/263/15
f 109/215/11 114/225/11 115/226/12 141/278/12
f 115/226/12 120/237/13 132/261/13 141/278/12
f 123/242/17 125/246/28 127/250/28 128/252/17
f 120/237/13 131/258/25 143/282/25 132/261/13
f 150/298/6 203/404/6 192/383/7 93/187/7
f 103/204/10 114/225/11 109/215/11 133/262/10
f 192/383/7 207/408/9 153/303/9 93/187/7
f 131/258/25 121/238/15 134/263/15 143/282/25
f 135/265/16 122/240/16 123/242/17 128/252/17
f 139/274/26 170/337/26 203/404/6 150/298/6
f 380/756/58 333/658/86 359/713/86 278/552/58
f 329/650/52 319/630/52 318/628/51 328/648/51
f 314/620/48 313/619/47 308/609/47 335/663/48
f 317/627/49 314/620/48 335/663/48 326/645/49
f 127/250/28 125/246/28 320/632/53 322/636/53
f 325/642/57 317/627/49 326/645/49 336/664/57
f 378/753/43 387/770/24 341/677/24 294/584/43
f 308/609/47 313/619/47 302/597/46 327/646/46
f 344/682/45 391/775/45 378/753/43 294/584/43
f 318/628/51 325/642/57 336/664/57 328/648/51
f 320/632/53 319/630/52 329/650/52 322/636/53
f 341/677/24 387/770/24 359/714/27 333/659/27
f 66/133/1 277/550/40 282/560/40 70/141/1
f 113/223/2 189/377/2 190/379/3 124/244/3
f 120/237/13 119/235/25 131/258/25
f 124/244/3 190/379/3 191/381/4 108/213/4
f 170/337/26 112/220/26 203/404/6
f 108/213/4 191/381/4 112/220/26 170/337/26
f 321/634/41 376/749/41 375/747/40 312/617/40
f 316/624/57 317/627/49 325/642/57
f 307/607/42 377/751/42 376/749/41 321/634/41
f 387/770/24 311/616/27 359/714/27
f 359/714/27 311/616/27 377/751/42 307/607/42
f 131/259/85 119/234/85 173/344/30 175/348/30
f 362/720/52 279/554/53 284/564/53 360/716/52
f 112/220/26 100/197/26 97/193/6 203/404/6
f 120/237/13 204/405/13 110/216/25 119/235/25
f 165/327/16 166/329/17 104/205/17 105/207/16
f 110/216/25 164/325/15 106/209/15 119/235/25
f 97/193/6 99/196/7 192/383/7 203/404/6
f 115/226/12 111/219/12 204/405/13 120/237/13
f 106/209/15 164/325/15 165/327/16 105/207/16
f 99/196/7 94/188/9 207/408/9 192/383/7
f 104/205/17 166/329/17 101/200/28 171/340/28
f 114/225/11 206/407/11 111/219/12 115/226/12
f 94/188/9 205/406/10 103/204/10 207/408/9
f 205/406/10 206/407/11 114/225/11 103/204/10
f 292/580/58 311/614/86 300/592/86 373/743/58
f 309/610/57 388/771/49 317/627/49 316/624/57
f 303/599/53 356/707/53 355/705/52 304/601/52
f 305/603/51 354/703/51 309/610/57 316/624/57
f 299/591/43 298/590/24 387/770/24 378/753/43
f 317/627/49 388/771/49 310/613/48 314/620/48
f 355/705/52 354/703/51 305/603/51 304/601/52
f 295/585/45 299/591/43 378/753/43 391/775/45
f 171/340/28 101/200/28 356/707/53 303/599/53
f 314/620/48 310/613/48 390/774/47 313/619/47
f 389/772/46 295/585/45 391/775/45 302/598/46
f 313/619/47 390/774/47 389/773/46 302/597/46
f 193/384/1 283/562/40 293/582/40 83/167/1
f 182/362/2 95/189/3 186/371/3 159/314/2
f 100/197/26 183/365/26 97/193/6
f 183/365/26 39/79/26 51/104/6 97/193/6
f 160/316/28 48/98/28 259/514/53 386/768/53
f 186/371/3 95/189/3 96/191/4 102/202/4
f 102/202/4 96/191/4 183/365/26 100/197/26
f 50/102/5 51/104/6 39/79/26
f 204/405/13 161/318/25 110/216/25
f 184/367/1 182/362/2 159/314/2 98/194/1
f 372/741/41 296/586/41 369/734/40 350/694/40
f 298/590/24 370/736/27 300/594/27
f 301/595/42 297/588/42 296/586/41 372/741/41
f 300/594/27 370/736/27 297/588/42 301/595/42
f 351/696/57 388/771/49 309/610/57
f 369/734/40 184/367/1 98/194/1 350/694/40
f 134/264/18 135/266/18 176/351/18 178/355/18
f 82/165/1 288/572/40 291/578/40 92/185/1
f 312/617/40 375/747/40 118/232/1 117/230/1
f 146/289/16 151/300/16 152/302/15 145/287/15
f 61/123/18 144/285/18 216/427/18 215/425/18
f 68/138/22 194/387/22 142/280/22 66/134/22
f 62/126/22 136/268/22 194/387/22 68/138/22
f 138/272/22 136/268/22 62/126/22 195/388/22
f 108/214/18 170/338/18 71/143/18
f 117/231/18 113/224/18 76/154/18 70/142/18
f 76/154/18 113/224/18 124/245/18 74/150/18
f 74/150/18 124/245/18 108/214/18 71/143/18
f 332/657/22 333/660/22 380/757/22
f 142/280/22 379/755/22 277/551/22 66/134/22
f 277/551/22 379/755/22 330/653/22 272/541/22
f 272/541/22 330/653/22 332/657/22 380/757/22
f 278/553/18 359/715/18 307/608/18
f 282/561/18 312/618/18 117/231/18 70/142/18
f 280/557/18 321/635/18 312/618/18 282/561/18
f 307/608/18 321/635/18 280/557/18 278/553/18
f 195/389/29 71/144/29 170/339/61 139/275/61
f 197/393/18 149/296/18 67/135/18
f 302/598/46 391/775/45 344/682/45 327/647/46
f 126/249/18 196/391/18 65/132/18 199/397/18
f 65/132/18 196/391/18 140/277/18 198/395/18
f 198/395/18 140/277/18 197/393/18 67/135/18
f 276/548/18 340/675/18 382/761/18
f 275/547/18 381/759/18 126/249/18 199/397/18
f 383/763/18 334/662/18 381/759/18 275/547/18
f 382/761/18 334/662/18 383/763/18 276/548/18
f 276/549/58 271/538/58 337/668/86 340/676/86
f 102/203/18 100/198/18 187/373/18
f 271/539/18 398/789/18 399/791/18 337/669/18
f 98/195/18 159/315/18 91/184/18 83/168/18
f 91/184/18 159/315/18 186/372/18 188/376/18
f 188/376/18 186/372/18 102/203/18 187/373/18
f 90/181/22 112/221/22 191/382/22
f 77/156/22 189/378/22 118/233/22 193/385/22
f 75/152/22 190/380/22 189/378/22 77/156/22
f 191/382/22 190/380/22 75/152/22 90/181/22
f 373/744/18 300/593/18 301/596/18
f 293/583/18 350/695/18 98/195/18 83/168/18
f 374/746/18 372/742/18 350/695/18 293/583/18
f 301/596/18 372/742/18 374/746/18 373/744/18
f 377/752/22 311/615/22 292/581/22
f 118/233/22 375/748/22 283/563/22 193/385/22
f 283/563/22 375/748/22 376/750/22 281/559/22
f 281/559/22 376/750/22 377/752/22 292/581/22
f 90/182/29 187/374/29 100/199/61 112/222/61
f 38/77/18 39/80/18 87/176/18
f 298/590/24 300/594/27 311/616/27 387/770/24
f 40/82/18 36/73/18 89/180/18 92/186/18
f 89/180/18 36/73/18 37/75/18 88/178/18
f 88/178/18 37/75/18 38/77/18 87/176/18
f 185/370/22 183/366/22 96/192/22
f 86/174/22 182/363/22 184/368/22 82/166/22
f 81/164/22 95/190/22 182/363/22 86/174/22
f 96/192/22 95/190/22 81/164/22 185/370/22
f 289/574/18 253/501/18 252/499/18
f 291/579/18 250/495/18 40/82/18 92/186/18
f 290/577/18 251/497/18 250/495/18 291/579/18
f 252/499/18 251/497/18 290/577/18 289/574/18
f 297/589/22 370/737/22 371/739/22
f 184/368/22 369/735/22 288/573/22 82/166/22
f 288/573/22 369/735/22 296/587/22 286/569/22
f 286/569/22 296/587/22 297/589/22 371/739/22
f 371/740/58 370/738/86 253/502/86 289/575/58
f 176/351/18 135/266/18 128/253/18 177/353/18
f 177/353/18 128/253/18 127/251/18 69/140/18
f 143/283/18 134/264/18 178/355/18
f 64/130/22 146/290/22 145/288/22 63/128/22
f 181/361/22 179/357/22 146/290/22 64/130/22
f 180/359/22 148/294/22 179/357/22 181/361/22
f 145/288/22 116/229/22 63/128/22
f 364/724/18 329/651/18 328/649/18 366/728/18
f 365/727/18 322/637/18 329/651/18 364/724/18
f 69/140/18 127/251/18 322/637/18 365/727/18
f 328/649/18 336/665/18 366/728/18
f 338/671/22 339/673/22 274/544/22 273/542/22
f 274/544/22 339/673/22 367/731/22 368/733/22
f 368/733/22 367/731/22 148/294/22 180/359/22
f 315/622/22 338/671/22 273/542/22
f 273/543/59 366/729/59 336/666/87 315/623/87
f 273/543/59 274/545/52 364/725/52 366/729/59
f 172/343/18 105/208/18 104/206/18 79/160/18
f 79/160/18 104/206/18 171/341/18 78/158/18
f 119/236/18 106/210/18 173/345/18
f 174/347/22 122/241/22 121/239/22 175/349/22
f 73/148/22 123/243/22 122/241/22 174/347/22
f 72/146/22 125/247/22 123/243/22 73/148/22
f 121/239/22 131/260/22 175/349/22
f 360/717/18 304/602/18 305/604/18 361/718/18
f 284/565/18 303/600/18 304/602/18 360/717/18
f 78/158/18 171/341/18 303/600/18 284/565/18
f 305/604/18 316/625/18 361/718/18
f 318/629/22 319/631/22 362/721/22 363/722/22
f 362/721/22 319/631/22 320/633/22 279/555/22
f 279/555/22 320/633/22 125/247/22 72/146/22
f 325/643/22 318/629/22 363/722/22
f 363/723/59 361/719/59 316/626/87 325/644/87
f 162/322/18 201/401/18 202/403/18 85/172/18
f 85/172/18 202/403/18 160/317/18 84/170/18
f 163/323/18 161/319/18 200/399/18
f 80/162/22 165/328/22 164/326/22 169/335/22
f 168/334/22 166/330/22 165/328/22 80/162/22
f 167/332/22 101/201/22 166/330/22 168/334/22
f 164/326/22 110/217/22 169/335/22
f 352/699/18 385/767/18 384/765/18 353/702/18
f 358/711/59 353/701/59 351/697/87 309/611/87
f 287/570/18 386/769/18 385/767/18 352/699/18
f 84/170/18 160/317/18 386/769/18 287/570/18
f 384/765/18 351/698/18 353/702/18
f 354/704/22 355/706/22 285/566/22 358/712/22
f 285/566/22 355/706/22 356/708/22 357/709/22
f 357/709/22 356/708/22 101/201/22 167/332/22
f 309/612/22 354/704/22 358/712/22
f 110/218/85 161/320/85 163/324/30 169/336/30
f 285/567/52 357/710/53 287/571/53 352/700/52
f 67/136/29 149/297/61 144/286/61 61/124/29
f 241/477/45 240/475/45 242/479/46
f 26/53/9 27/55/10 25/51/9
f 35/71/28 249/493/53 432/858/53 417/828/28
o Mag
v 0.007999 0.010041 -0.011540
v 0.007999 0.006202 -0.011993
v 0.007999 0.010041 0.019000
v 0.007999 0.009921 0.019460
v 0.004815 0.007101 0.022711
v 0.006444 0.007428 0.022211
v 0.007992 0.006202 0.019800
v 0.007992 0.009634 0.019800
v 0.007332 0.008070 0.021378
v 0.007903 0.009040 0.020328
v 0.006379 0.007748 -0.011811
v 0.005047 0.010041 -0.007704
v 0.005047 0.010041 -0.011540
v 0.006379 0.006889 -0.011912
v 0.006379 0.006889 -0.008072
v 0.006379 0.007748 -0.007970
v 0.005047 0.007748 -0.011811
v 0.005047 0.007748 -0.007970
v 0.007903 0.006202 0.020328
v 0.007332 0.006202 0.021378
v 0.004815 0.006202 0.022711
v 0.006444 0.006202 0.022211
v -0.007999 0.010041 -0.011540
v -0.007999 0.006202 -0.011993
v -0.007999 0.010041 0.019000
v -0.007999 0.009921 0.019460
v -0.004815 0.007101 0.022711
v -0.006444 0.007428 0.022211
v -0.007992 0.006202 0.019800
v -0.007992 0.009634 0.019800
v -0.007332 0.008070 0.021378
v -0.007903 0.009040 0.020328
v -0.006379 0.007748 -0.011811
v -0.005047 0.010041 -0.007704
v -0.005047 0.010041 -0.011540
v -0.006379 0.006889 -0.011912
v -0.006379 0.006889 -0.008072
v -0.006379 0.007748 -0.007970
v -0.005047 0.007748 -0.011811
v -0.005047 0.007748 -0.007970
v -0.007903 0.006202 0.020328
v -0.007332 0.006202 0.021378
v -0.004815 0.006202 0.022711
v -0.006444 0.006202 0.022211
v 0.000000 0.112076 0.008170
v 0.000000 0.111760 0.021390
v 0.001652 0.111747 0.008170
v 0.001531 0.111456 0.021390
v 0.003052 0.110811 0.008170
v 0.002830 0.110588 0.021390
v 0.003988 0.109411 0.008170
v 0.003697 0.109290 0.021390
v 0.004317 0.107759 0.008170
v 0.004002 0.107759 0.021390
v 0.003988 0.106107 0.008170
v 0.003697 0.106227 0.021390
v 0.003052 0.104706 0.008170
v 0.002830 0.104929 0.021390
v 0.001652 0.103770 0.008170
v 0.001531 0.104062 0.021390
v 0.000000 0.103442 0.008170
v 0.000000 0.103757 0.021390
v -0.001652 0.103770 0.008170
v -0.001531 0.104062 0.021390
v -0.003052 0.104706 0.008170
v -0.002830 0.104929 0.021390
v -0.003988 0.106107 0.008170
v -0.003697 0.106227 0.021390
v -0.004317 0.107759 0.008170
v -0.004002 0.107759 0.021390
v -0.003988 0.109411 0.008170
v -0.003697 0.109290 0.021390
v -0.003052 0.110811 0.008170
v -0.002830 0.110588 0.021390
v -0.001652 0.111747 0.008170
v -0.001531 0.111456 0.021390
v 0.000000 0.111464 0.007303
v 0.001418 0.111182 0.007303
v 0.002620 0.110379 0.007303
v 0.003423 0.109177 0.007303
v 0.003706 0.107759 0.007303
v 0.003423 0.106341 0.007303
v 0.002620 0.105139 0.007303
v 0.001418 0.104335 0.007303
v 0.000000 0.104053 0.007303
v -0.001418 0.104335 0.007303
v -0.002620 0.105139 0.007303
v -0.003423 0.106341 0.007303
v -0.003706 0.107759 0.007303
v -0.003423 0.109177 0.007303
v -0.002620 0.110379 0.007303
v -0.001418 0.111182 0.007303
v 0.000000 0.111464 0.006392
v 0.001418 0.111182 0.006392
v 0.002620 0.110379 0.006392
v 0.003423 0.109177 0.006392
v 0.003706 0.107759 0.006392
v 0.003423 0.106341 0.006392
v 0.002620 0.105139 0.006392
v 0.001418 0.104335 0.006392
v 0.000000 0.104053 0.006392
v -0.001418 0.104335 0.006392
v -0.002620 0.105139 0.006392
v -0.003423 0.106341 0.006392
v -0.003706 0.107759 0.006392
v -0.003423 0.109177 0.006392
v -0.002620 0.110379 0.006392
v -0.001418 0.111182 0.006392
v 0.000000 0.112000 0.006392
v 0.001623 0.111677 0.006392
v 0.002999 0.110758 0.006392
v 0.003919 0.109382 0.006392
v 0.004242 0.107759 0.006392
v 0.003919 0.106136 0.006392
v 0.002999 0.104759 0.006392
v 0.001623 0.103840 0.006392
v 0.000000 0.103517 0.006392
v -0.001623 0.103840 0.006392
v -0.002999 0.104759 0.006392
v -0.003919 0.106136 0.006392
v -0.004242 0.107759 0.006392
v -0.003919 0.109382 0.006392
v -0.002999 0.110758 0.006392
v -0.001623 0.111677 0.006392
v 0.000000 0.112000 0.006003
v 0.001623 0.111677 0.006003
v 0.002999 0.110758 0.006003
v 0.003919 0.109382 0.006003
v 0.004242 0.107759 0.006003
v 0.003919 0.106136 0.006003
v 0.002999 0.104759 0.006003
v 0.001623 0.103840 0.006003
v 0.000000 0.103517 0.006003
v -0.001623 0.103840 0.006003
v -0.002999 0.104759 0.006003
v -0.003919 0.106136 0.006003
v -0.004242 0.107759 0.006003
v -0.003919 0.109382 0.006003
v -0.002999 0.110758 0.006003
v -0.001623 0.111677 0.006003
v 0.001652 0.111747 0.021390
v 0.000000 0.112076 0.021390
v 0.003052 0.110811 0.021390
v 0.003988 0.109411 0.021390
v 0.004317 0.107759 0.021390
v 0.003988 0.106107 0.021390
v 0.003052 0.104706 0.021390
v 0.001652 0.103770 0.021390
v 0.000000 0.103442 0.021390
v -0.001652 0.103770 0.021390
v -0.003052 0.104706 0.021390
v -0.003988 0.106107 0.021390
v -0.004317 0.107759 0.021390
v -0.003988 0.109411 0.021390
v -0.003052 0.110811 0.021390
v -0.001652 0.111747 0.021390
v -0.000000 0.111712 0.023694
v 0.001513 0.111411 0.023694
v 0.002796 0.110554 0.023694
v 0.003653 0.109272 0.023694
v 0.003954 0.107759 0.023694
v 0.003653 0.106246 0.023694
v 0.002796 0.104963 0.023694
v 0.001513 0.104106 0.023694
v -0.000000 0.103805 0.023694
v -0.001513 0.104106 0.023694
v -0.002796 0.104963 0.023694
v -0.003653 0.106246 0.023694
v -0.003954 0.107759 0.023694
v -0.003653 0.109272 0.023694
v -0.002796 0.110554 0.023694
v -0.001513 0.111411 0.023694
v -0.000000 0.111210 0.026594
v 0.001321 0.110947 0.026594
v 0.002440 0.110199 0.026594
v 0.003189 0.109079 0.026594
v 0.003451 0.107759 0.026594
v 0.003189 0.106438 0.026594
v 0.002440 0.105318 0.026594
v 0.001321 0.104570 0.026594
v -0.000000 0.104307 0.026594
v -0.001321 0.104570 0.026594
v -0.002440 0.105318 0.026594
v -0.003189 0.106438 0.026594
v -0.003451 0.107759 0.026594
v -0.003189 0.109079 0.026594
v -0.002440 0.110199 0.026594
v -0.001321 0.110947 0.026594
v -0.000000 0.110109 0.028521
v 0.000899 0.109930 0.028521
v 0.001662 0.109420 0.028521
v 0.002171 0.108658 0.028521
v 0.002350 0.107759 0.028521
v 0.002171 0.106859 0.028521
v 0.001662 0.106097 0.028521
v 0.000899 0.105588 0.028521
v -0.000000 0.105409 0.028521
v -0.000899 0.105588 0.028521
v -0.001662 0.106097 0.028521
v -0.002171 0.106859 0.028521
v -0.002350 0.107759 0.028521
v -0.002171 0.108658 0.028521
v -0.001662 0.109420 0.028521
v -0.000899 0.109930 0.028521
v -0.000000 0.108992 0.029712
v 0.000472 0.108898 0.029712
v 0.000872 0.108631 0.029712
v 0.001140 0.108231 0.029712
v 0.001233 0.107759 0.029712
v 0.001140 0.107287 0.029712
v 0.000872 0.106887 0.029712
v 0.000472 0.106619 0.029712
v -0.000000 0.106525 0.029712
v -0.000472 0.106619 0.029712
v -0.000872 0.106887 0.029712
v -0.001140 0.107287 0.029712
v -0.001233 0.107759 0.029712
v -0.001140 0.108231 0.029712
v -0.000872 0.108631 0.029712
v -0.000472 0.108898 0.029712
v -0.000617 0.108405 0.029857
v -0.000000 0.108467 0.029927
v 0.000617 0.108405 0.029857
v -0.000668 0.107759 0.029942
v -0.000000 0.107759 0.030019
v 0.000668 0.107759 0.029942
v -0.000617 0.107112 0.029857
v -0.000000 0.107051 0.029927
v 0.000617 0.107112 0.029857
v 0.000000 0.111668 0.005636
v 0.001496 0.111371 0.005636
v 0.002764 0.110523 0.005636
v 0.003612 0.109255 0.005636
v 0.003909 0.107759 0.005636
v 0.003612 0.106263 0.005636
v 0.002764 0.104994 0.005636
v 0.001496 0.104147 0.005636
v 0.000000 0.103849 0.005636
v -0.001496 0.104147 0.005636
v -0.002764 0.104994 0.005636
v -0.003612 0.106263 0.005636
v -0.003909 0.107759 0.005636
v -0.003612 0.109255 0.005636
v -0.002764 0.110523 0.005636
v -0.001496 0.111371 0.005636
v -0.005000 0.102945 0.026122
v -0.002482 0.102945 0.028696
v -0.002482 0.102945 0.003335
v -0.005000 0.102945 0.005909
v 0.005000 0.016196 0.014468
v 0.002482 0.016196 0.017042
v 0.002482 0.016196 -0.008320
v 0.005000 0.016196 -0.005746
v -0.002482 0.018478 0.017348
v -0.002482 0.020761 0.017655
v -0.002482 0.023044 0.017962
v -0.002482 0.025327 0.018269
v -0.002482 0.027610 0.018575
v -0.002482 0.029893 0.018882
v -0.002482 0.032176 0.019189
v -0.002482 0.034459 0.019495
v -0.002482 0.036742 0.019802
v -0.002482 0.039024 0.020109
v -0.002482 0.041307 0.020415
v -0.002482 0.043590 0.020722
v -0.002482 0.045873 0.021029
v -0.002482 0.048156 0.021335
v -0.002482 0.050439 0.021642
v -0.002482 0.052722 0.021949
v -0.002482 0.055005 0.022256
v -0.002482 0.057287 0.022562
v -0.002482 0.059570 0.022869
v -0.002482 0.061853 0.023176
v -0.002482 0.064136 0.023482
v -0.002482 0.066419 0.023789
v -0.002482 0.068702 0.024096
v -0.002482 0.070985 0.024402
v -0.002482 0.073268 0.024709
v -0.002482 0.075550 0.025016
v -0.002482 0.077833 0.025323
v -0.002482 0.080116 0.025629
v -0.002482 0.082399 0.025936
v -0.002482 0.084682 0.026243
v -0.002482 0.086965 0.026549
v -0.002482 0.089248 0.026856
v -0.002482 0.091531 0.027163
v -0.002482 0.093814 0.027469
v -0.002482 0.096096 0.027776
v -0.002482 0.098379 0.028083
v -0.002482 0.100662 0.028390
v -0.005000 0.100662 0.025815
v -0.005000 0.098379 0.025509
v -0.005000 0.096096 0.025202
v -0.005000 0.093814 0.024895
v -0.005000 0.091531 0.024589
v -0.005000 0.089248 0.024282
v -0.005000 0.086965 0.023975
v -0.005000 0.084682 0.023668
v -0.005000 0.082399 0.023362
v -0.005000 0.080116 0.023055
v -0.005000 0.077833 0.022748
v -0.005000 0.075550 0.022442
v -0.005000 0.073268 0.022135
v -0.005000 0.070985 0.021828
v -0.005000 0.068702 0.021522
v -0.005000 0.066419 0.021215
v -0.005000 0.064136 0.020908
v -0.005000 0.061853 0.020601
v -0.005000 0.059570 0.020295
v -0.005000 0.057287 0.019988
v -0.005000 0.055005 0.019681
v -0.005000 0.052722 0.019375
v -0.005000 0.050439 0.019068
v -0.005000 0.048156 0.018761
v -0.005000 0.045873 0.018455
v -0.005000 0.043590 0.018148
v -0.005000 0.041307 0.017841
v -0.005000 0.039024 0.017535
v -0.005000 0.036742 0.017228
v -0.005000 0.034459 0.016921
v -0.005000 0.032176 0.016614
v -0.005000 0.029893 0.016308
v -0.005000 0.027610 0.016001
v -0.005000 0.025327 0.015694
v -0.005000 0.023044 0.015388
v -0.005000 0.020761 0.015081
v -0.005000 0.018478 0.014774
v -0.002482 0.100662 0.003028
v -0.002482 0.098379 0.002721
v -0.002482 0.096096 0.002415
v -0.002482 0.093814 0.002108
v -0.002482 0.091531 0.001801
v -0.002482 0.089248 0.001495
v -0.002482 0.086965 0.001188
v -0.002482 0.084682 0.000881
v -0.002482 0.082399 0.000575
v -0.002482 0.080116 0.000268
v -0.002482 0.077833 -0.000039
v -0.002482 0.075550 -0.000346
v -0.002482 0.073268 -0.000652
v -0.002482 0.070985 -0.000959
v -0.002482 0.068702 -0.001266
v -0.002482 0.066419 -0.001572
v -0.002482 0.064136 -0.001879
v -0.002482 0.061853 -0.002186
v -0.002482 0.059570 -0.002492
v -0.002482 0.057287 -0.002799
v -0.002482 0.055005 -0.003106
v -0.002482 0.052722 -0.003413
v -0.002482 0.050439 -0.003719
v -0.002482 0.048156 -0.004026
v -0.002482 0.045873 -0.004333
v -0.002482 0.043590 -0.004639
v -0.002482 0.041307 -0.004946
v -0.002482 0.039024 -0.005253
v -0.002482 0.036742 -0.005559
v -0.002482 0.034459 -0.005866
v -0.002482 0.032176 -0.006173
v -0.002482 0.029893 -0.006480
v -0.002482 0.027610 -0.006786
v -0.002482 0.025327 -0.007093
v -0.002482 0.023044 -0.007400
v -0.002482 0.020761 -0.007706
v -0.002482 0.018478 -0.008013
v -0.005000 0.018478 -0.005439
v -0.005000 0.020761 -0.005132
v -0.005000 0.023044 -0.004825
v -0.005000 0.025327 -0.004519
v -0.005000 0.027610 -0.004212
v -0.005000 0.029893 -0.003905
v -0.005000 0.032176 -0.003599
v -0.005000 0.034459 -0.003292
v -0.005000 0.036742 -0.002985
v -0.005000 0.039024 -0.002679
v -0.005000 0.041307 -0.002372
v -0.005000 0.043590 -0.002065
v -0.005000 0.045873 -0.001758
v -0.005000 0.048156 -0.001452
v -0.005000 0.050439 -0.001145
v -0.005000 0.052722 -0.000838
v -0.005000 0.055005 -0.000532
v -0.005000 0.057287 -0.000225
v -0.005000 0.059570 0.000082
v -0.005000 0.061853 0.000388
v -0.005000 0.064136 0.000695
v -0.005000 0.066419 0.001002
v -0.005000 0.068702 0.001308
v -0.005000 0.070985 0.001615
v -0.005000 0.073268 0.001922
v -0.005000 0.075550 0.002229
v -0.005000 0.077833 0.002535
v -0.005000 0.080116 0.002842
v -0.005000 0.082399 0.003149
v -0.005000 0.084682 0.003455
v -0.005000 0.086965 0.003762
v -0.005000 0.089248 0.004069
v -0.005000 0.091531 0.004375
v -0.005000 0.093814 0.004682
v -0.005000 0.096096 0.004989
v -0.005000 0.098379 0.005296
v -0.005000 0.100662 0.005602
v 0.005000 0.100662 0.005602
v 0.005000 0.098379 0.005296
v 0.005000 0.096096 0.004989
v 0.005000 0.093814 0.004682
v 0.005000 0.091531 0.004375
v 0.005000 0.089248 0.004069
v 0.005000 0.086965 0.003762
v 0.005000 0.084682 0.003455
v 0.005000 0.082399 0.003149
v 0.005000 0.080116 0.002842
v 0.005000 0.077833 0.002535
v 0.005000 0.075550 0.002229
v 0.005000 0.073268 0.001922
v 0.005000 0.070985 0.001615
v 0.005000 0.068702 0.001308
v 0.005000 0.066419 0.001002
v 0.005000 0.064136 0.000695
v 0.005000 0.061853 0.000388
v 0.005000 0.059570 0.000082
v 0.005000 0.057287 -0.000225
v 0.005000 0.055005 -0.000532
v 0.005000 0.052722 -0.000838
v 0.005000 0.050439 -0.001145
v 0.005000 0.048156 -0.001452
v 0.005000 0.045873 -0.001758
v 0.005000 0.043590 -0.002065
v 0.005000 0.041307 -0.002372
v 0.005000 0.039024 -0.002679
v 0.005000 0.036742 -0.002985
v 0.005000 0.034459 -0.003292
v 0.005000 0.032176 -0.003599
v 0.005000 0.029893 -0.003905
v 0.005000 0.027610 -0.004212
v 0.005000 0.025327 -0.004519
v 0.005000 0.023044 -0.004825
v 0.005000 0.020761 -0.005132
v 0.005000 0.018478 -0.005439
v 0.002482 0.018478 -0.008013
v 0.002482 0.020761 -0.007706
v 0.002482 0.023044 -0.007400
v 0.002482 0.025327 -0.007093
v 0.002482 0.027610 -0.006786
v 0.002482 0.029893 -0.006480
v 0.002482 0.032176 -0.006173
v 0.002482 0.034459 -0.005866
v 0.002482 0.036742 -0.005559
v 0.002482 0.039024 -0.005253
v 0.002482 0.041307 -0.004946
v 0.002482 0.043590 -0.004639
v 0.002482 0.045873 -0.004333
v 0.002482 0.048156 -0.004026
v 0.002482 0.050439 -0.003719
v 0.002482 0.052722 -0.003413
v 0.002482 0.055005 -0.003106
v 0.002482 0.057287 -0.002799
v 0.002482 0.059570 -0.002492
v 0.002482 0.061853 -0.002186
v 0.002482 0.064136 -0.001879
v 0.002482 0.066419 -0.001572
v 0.002482 0.068702 -0.001266
v 0.002482 0.070985 -0.000959
v 0.002482 0.073268 -0.000652
v 0.002482 0.075550 -0.000346
v 0.002482 0.077833 -0.000039
v 0.002482 0.080116 0.000268
v 0.002482 0.082399 0.000575
v 0.002482 0.084682 0.000881
v 0.002482 0.086965 0.001188
v 0.002482 0.089248 0.001495
v 0.002482 0.091531 0.001801
v 0.002482 0.093814 0.002108
v 0.002482 0.096096 0.002415
v 0.002482 0.098379 0.002721
v 0.002482 0.100662 0.003028
v 0.002482 0.100662 0.028390
v 0.002482 0.098379 0.028083
v 0.002482 0.096096 0.027776
v 0.002482 0.093814 0.027469
v 0.002482 0.091531 0.027163
v 0.002482 0.089248 0.026856
v 0.002482 0.086965 0.026549
v 0.002482 0.084682 0.026243
v 0.002482 0.082399 0.025936
v 0.002482 0.080116 0.025629
v 0.002482 0.077833 0.025323
v 0.002482 0.075550 0.025016
v 0.002482 0.073268 0.024709
v 0.002482 0.070985 0.024402
v 0.002482 0.068702 0.024096
v 0.002482 0.066419 0.023789
v 0.002482 0.064136 0.023482
v 0.002482 0.061853 0.023176
v 0.002482 0.059570 0.022869
v 0.002482 0.057287 0.022562
v 0.002482 0.055005 0.022256
v 0.002482 0.052722 0.021949
v 0.002482 0.050439 0.021642
v 0.002482 0.048156 0.021335
v 0.002482 0.045873 0.021029
v 0.002482 0.043590 0.020722
v 0.002482 0.041307 0.020415
v 0.002482 0.039024 0.020109
v 0.002482 0.036742 0.019802
v 0.002482 0.034459 0.019495
v 0.002482 0.032176 0.019189
v 0.002482 0.029893 0.018882
v 0.002482 0.027610 0.018575
v 0.002482 0.025327 0.018269
v 0.002482 0.023044 0.017962
v 0.002482 0.020761 0.017655
v 0.002482 0.018478 0.017348
v 0.005000 0.018478 0.014774
v 0.005000 0.020761 0.015081
v 0.005000 0.023044 0.015388
v 0.005000 0.025327 0.015694
v 0.005000 0.027610 0.016001
v 0.005000 0.029893 0.016308
v 0.005000 0.032176 0.016614
v 0.005000 0.034459 0.016921
v 0.005000 0.036742 0.017228
v 0.005000 0.039024 0.017535
v 0.005000 0.041307 0.017841
v 0.005000 0.043590 0.018148
v 0.005000 0.045873 0.018455
v 0.005000 0.048156 0.018761
v 0.005000 0.050439 0.019068
v 0.005000 0.052722 0.019375
v 0.005000 0.055005 0.019681
v 0.005000 0.057287 0.019988
v 0.005000 0.059570 0.020295
v 0.005000 0.061853 0.020602
v 0.005000 0.064136 0.020908
v 0.005000 0.066419 0.021215
v 0.005000 0.068702 0.021522
v 0.005000 0.070985 0.021828
v 0.005000 0.073268 0.022135
v 0.005000 0.075550 0.022442
v 0.005000 0.077833 0.022748
v 0.005000 0.080116 0.023055
v 0.005000 0.082399 0.023362
v 0.005000 0.084682 0.023668
v 0.005000 0.086965 0.023975
v 0.005000 0.089248 0.024282
v 0.005000 0.091531 0.024589
v 0.005000 0.093814 0.024895
v 0.005000 0.096096 0.025202
v 0.005000 0.098379 0.025509
v 0.005000 0.100662 0.025815
v 0.002657 0.104723 0.024282
v 0.000746 0.104791 0.027175
v 0.001475 0.104778 0.026805
v 0.001574 0.101065 0.029190
v -0.001475 0.104778 0.026805
v -0.002079 0.104760 0.026206
v -0.002479 0.104740 0.025425
v -0.005287 0.100968 0.023974
v 0.003031 0.101045 0.028452
v 0.002824 0.102915 0.028418
v 0.002254 0.104281 0.027816
v 0.001161 0.104298 0.028370
v 0.001464 0.102934 0.029108
v 0.004226 0.101019 0.027267
v 0.002079 0.104760 0.026206
v 0.003939 0.102890 0.027311
v 0.003153 0.104259 0.026923
v 0.005011 0.100990 0.025738
v 0.002479 0.104740 0.025425
v 0.004673 0.102862 0.025883
v 0.003746 0.104235 0.025768
v 0.005287 0.100968 0.023974
v 0.004935 0.102841 0.024203
v 0.003972 0.104215 0.024315
v 0.000000 0.104794 0.027300
v 0.000000 0.101071 0.029453
v 0.000000 0.104302 0.028565
v 0.000000 0.102939 0.029353
v -0.003031 0.101045 0.028452
v -0.002254 0.104281 0.027816
v -0.002824 0.102915 0.028418
v -0.001574 0.101065 0.029190
v -0.000746 0.104791 0.027175
v -0.001464 0.102934 0.029108
v -0.001161 0.104298 0.028370
v -0.004226 0.101019 0.027267
v -0.003153 0.104259 0.026923
v -0.003939 0.102890 0.027311
v -0.005011 0.100990 0.025738
v -0.003746 0.104235 0.025768
v -0.004673 0.102862 0.025883
v -0.002657 0.104723 0.024282
v -0.003972 0.104215 0.024315
v -0.004935 0.102841 0.024203
v 0.002657 0.104629 0.007964
v 0.001243 0.104612 0.006490
v 0.002243 0.104621 0.006921
v -0.005288 0.100852 0.004740
v -0.003912 0.100843 0.003316
v -0.004885 0.100846 0.003732
v 0.003912 0.100843 0.003316
v 0.005288 0.100852 0.004740
v 0.004885 0.100846 0.003732
v 0.004935 0.102728 0.005379
v 0.003547 0.102718 0.003939
v 0.004528 0.102721 0.004360
v 0.003972 0.104110 0.006563
v 0.002567 0.104099 0.005101
v 0.003561 0.104103 0.005529
v -0.001243 0.104612 0.006490
v -0.002657 0.104629 0.007964
v -0.002243 0.104621 0.006921
v -0.003972 0.104110 0.006563
v -0.002567 0.104099 0.005101
v -0.003561 0.104103 0.005529
v -0.004935 0.102728 0.005379
v -0.003547 0.102718 0.003939
v -0.004528 0.102721 0.004360
v 0.005008 0.089232 0.024135
v -0.005286 0.089210 0.022366
v -0.005008 0.089232 0.024135
v 0.005286 0.089210 0.022366
v 0.005007 0.085665 0.023649
v 0.005286 0.085644 0.021879
v 0.004217 0.085694 0.025176
v 0.003019 0.085721 0.026357
v 0.001565 0.085742 0.027090
v 0.000000 0.085748 0.027350
v -0.005007 0.085665 0.023649
v -0.005286 0.085644 0.021879
v -0.004217 0.085694 0.025176
v -0.003019 0.085721 0.026357
v -0.001565 0.085742 0.027090
v 0.004888 0.085523 0.001514
v 0.003918 0.085520 0.001099
v 0.005290 0.085529 0.002518
v -0.004888 0.085523 0.001514
v -0.005290 0.085529 0.002518
v -0.003918 0.085520 0.001099
v -0.000000 0.089863 0.028084
v -0.000000 0.020575 -0.008806
v -0.000000 0.025834 0.019793
v -0.000000 0.025842 0.019298
v 0.006331 0.006920 0.010969
v 0.006021 0.006920 0.012893
v 0.005122 0.006920 0.014630
v 0.003721 0.006920 0.016007
v 0.001956 0.006920 0.016892
v 0.004807 0.006919 -0.011295
v 0.006331 0.006920 -0.010070
v 0.005569 0.006920 -0.011123
v 0.006127 0.006920 -0.010678
v 0.004807 0.108861 0.003460
v 0.006127 0.108861 0.004068
v 0.005569 0.108861 0.003623
v 0.001956 0.090673 0.028386
v 0.003721 0.090701 0.027505
v 0.005122 0.090745 0.026133
v 0.006021 0.090800 0.024404
v 0.006331 0.093319 0.002428
v 0.006127 0.093319 0.001820
v 0.005569 0.093319 0.001375
v 0.004807 0.093319 0.001212
v 0.001956 0.020646 0.018776
v 0.003721 0.020646 0.017891
v 0.005122 0.020646 0.016513
v 0.006021 0.020646 0.014777
v 0.006331 0.020646 0.012853
v 0.006127 0.020646 -0.008692
v 0.005569 0.020646 -0.009138
v 0.004807 0.020646 -0.009301
v -0.000000 0.020646 0.019081
v 0.006331 0.020646 -0.008084
v -0.000000 0.020646 -0.009301
v 0.001465 0.017177 -0.009802
v 0.000585 0.019717 -0.009435
v -0.000000 0.006987 0.016711
v 0.005698 0.006924 0.010940
v 0.005402 0.006937 0.012771
v 0.004569 0.006954 0.014378
v 0.003291 0.006971 0.015635
v 0.001716 0.006984 0.016425
v 0.004724 0.006848 -0.010791
v 0.005699 0.006910 -0.009999
v 0.005248 0.006855 -0.010676
v 0.005566 0.006881 -0.010412
v 0.005697 0.108852 0.004736
v 0.004722 0.108789 0.003955
v 0.005235 0.108797 0.004064
v 0.001719 0.089860 0.027797
v 0.003296 0.089847 0.027005
v 0.004572 0.089831 0.025747
v 0.005404 0.089813 0.024138
v 0.005698 0.093325 0.002494
v 0.005558 0.093297 0.002077
v 0.005240 0.093270 0.001820
v 0.004723 0.093262 0.001709
v 0.001719 0.020711 0.018307
v 0.003296 0.020698 0.017516
v 0.004572 0.020681 0.016258
v 0.005404 0.020664 0.014649
v 0.005698 0.020651 0.012821
v 0.005559 0.020609 -0.008436
v 0.005241 0.020582 -0.008694
v 0.004723 0.020575 -0.008806
v 0.005698 0.020637 -0.008019
v 0.006331 0.089763 0.022389
v 0.006331 0.089986 0.021580
v 0.006331 0.089986 0.018558
v 0.006331 0.089726 0.016341
v 0.006331 0.088971 0.014260
v 0.006331 0.086315 0.011292
v 0.006331 0.084673 0.010695
v 0.006331 0.087796 0.012520
v 0.006331 0.026735 0.013672
v 0.006331 0.023473 0.009900
v 0.006331 0.024196 0.011436
v 0.006331 0.023222 0.008280
v 0.006331 0.025320 0.012735
v 0.006331 0.023462 0.004828
v 0.006331 0.025298 0.002548
v 0.006331 0.026709 0.002037
v 0.006331 0.028274 0.002027
v 0.006331 0.024179 0.003510
v 0.006331 0.023218 0.006374
v 0.006331 0.028303 0.014155
v 0.006331 0.088320 0.023018
v 0.006331 0.089153 0.022916
v 0.005734 0.089726 0.016341
v 0.005734 0.024196 0.011436
v 0.005734 0.023473 0.009900
v 0.005734 0.023462 0.004828
v 0.005734 0.086315 0.011292
v 0.005734 0.089153 0.022916
v 0.006331 0.105974 0.024562
v 0.006021 0.105045 0.026359
v 0.005122 0.104207 0.027981
v 0.003721 0.103542 0.029267
v 0.001956 0.103115 0.030093
v -0.000000 0.006920 0.017197
v -0.000000 0.090663 0.028689
v -0.000000 0.020713 0.018594
v -0.000000 0.102968 0.030378
v 0.006331 0.108861 0.017482
v 0.006331 0.108173 0.020308
v 0.006331 0.108768 0.018408
v 0.006331 0.108517 0.019443
v -0.000000 0.006848 -0.010791
v -0.000000 0.093262 0.001709
v -0.000000 0.108861 0.003460
v -0.000000 0.093319 0.001212
v -0.000000 0.108789 0.003955
v -0.000000 0.006919 -0.011295
v -0.000000 0.013705 -0.010306
v 0.006331 0.020646 -0.000026
v 0.006021 0.025834 0.015489
v 0.005122 0.025834 0.017225
v 0.001956 0.025834 0.019488
v 0.003721 0.025834 0.018603
v 0.006293 0.025272 0.013521
v 0.006331 0.023946 0.013297
v 0.006331 0.006920 -0.001972
v 0.006127 0.028884 -0.007501
v 0.005569 0.028884 -0.007946
v 0.004807 0.028884 -0.008109
v 0.006331 0.028884 -0.006892
v -0.000000 0.028884 -0.008109
v 0.006331 0.106489 0.023566
v 0.005559 0.029322 -0.007176
v 0.005241 0.029295 -0.007434
v 0.005698 0.029350 -0.006759
v 0.004723 0.029288 -0.007545
v -0.000000 0.029288 -0.007545
v 0.005698 0.020641 -0.001292
v 0.005699 0.006914 -0.003240
v 0.005734 0.025320 0.012735
v 0.005404 0.025828 0.015358
v 0.004572 0.025811 0.016961
v 0.001719 0.025840 0.019011
v 0.003296 0.025827 0.018219
v 0.005734 0.026709 0.002037
v 0.005734 0.023222 0.008280
v 0.005734 0.088971 0.014260
v 0.005734 0.087796 0.012520
v 0.005734 0.028303 0.014155
v 0.005734 0.089986 0.021580
v 0.005734 0.089763 0.022389
v 0.006235 0.108859 0.004685
v 0.005650 0.108831 0.004274
v 0.005805 0.108517 0.019441
v 0.005805 0.108860 0.017480
v 0.001761 0.103306 0.029722
v 0.003369 0.103696 0.028968
v 0.000502 0.013708 -0.011905
v 0.001289 0.013708 -0.011690
v 0.002403 0.013705 -0.010306
v 0.001985 0.013708 -0.011104
v -0.000000 0.103161 0.030003
v 0.005508 0.105089 0.026274
v 0.005805 0.105985 0.024541
v 0.005805 0.108174 0.020307
v 0.004666 0.104293 0.027814
v 0.005805 0.108769 0.018407
v 0.005805 0.106498 0.023549
v 0.005734 0.028274 0.002027
v 0.005734 0.026735 0.013672
v 0.005734 0.024179 0.003510
v 0.005734 0.088320 0.023018
v 0.005734 0.023218 0.006374
v 0.005734 0.089986 0.018558
v 0.005734 0.084673 0.010695
v 0.005734 0.025298 0.002548
v -0.006331 0.006920 0.010969
v -0.006021 0.006920 0.012893
v -0.005122 0.006920 0.014630
v -0.003721 0.006920 0.016007
v -0.001956 0.006920 0.016892
v -0.004807 0.006919 -0.011295
v -0.006331 0.006920 -0.010070
v -0.005569 0.006920 -0.011123
v -0.006127 0.006920 -0.010678
v -0.004807 0.108861 0.003460
v -0.006127 0.108861 0.004068
v -0.005569 0.108861 0.003623
v -0.001956 0.090673 0.028386
v -0.003721 0.090701 0.027505
v -0.005122 0.090745 0.026133
v -0.006021 0.090800 0.024404
v -0.006331 0.093319 0.002428
v -0.006127 0.093319 0.001820
v -0.005569 0.093319 0.001375
v -0.004807 0.093319 0.001212
v -0.001956 0.020646 0.018776
v -0.003721 0.020646 0.017891
v -0.005122 0.020646 0.016513
v -0.006021 0.020646 0.014777
v -0.006331 0.020646 0.012853
v -0.006127 0.020646 -0.008692
v -0.005569 0.020646 -0.009138
v -0.004807 0.020646 -0.009301
v -0.006331 0.020646 -0.008084
v -0.001465 0.017177 -0.009802
v -0.000585 0.019717 -0.009435
v -0.005698 0.006924 0.010940
v -0.005402 0.006937 0.012771
v -0.004569 0.006954 0.014378
v -0.003291 0.006971 0.015635
v -0.001716 0.006984 0.016425
v -0.004724 0.006848 -0.010791
v -0.005699 0.006910 -0.009999
v -0.005248 0.006855 -0.010676
v -0.005566 0.006881 -0.010412
v -0.005697 0.108852 0.004736
v -0.004722 0.108789 0.003955
v -0.005235 0.108797 0.004064
v -0.001719 0.089860 0.027797
v -0.003296 0.089847 0.027005
v -0.004572 0.089831 0.025747
v -0.005404 0.089813 0.024138
v -0.005698 0.093325 0.002494
v -0.005558 0.093297 0.002077
v -0.005240 0.093270 0.001820
v -0.004723 0.093262 0.001709
v -0.001719 0.020711 0.018307
v -0.003296 0.020698 0.017516
v -0.004572 0.020681 0.016258
v -0.005404 0.020664 0.014649
v -0.005698 0.020651 0.012821
v -0.005559 0.020609 -0.008436
v -0.005241 0.020582 -0.008694
v -0.004723 0.020575 -0.008806
v -0.005698 0.020637 -0.008019
v -0.006331 0.089763 0.022389
v -0.006331 0.089986 0.021580
v -0.006331 0.089986 0.018558
v -0.006331 0.089726 0.016341
v -0.006331 0.088971 0.014260
v -0.006331 0.086315 0.011292
v -0.006331 0.084673 0.010695
v -0.006331 0.087796 0.012520
v -0.006331 0.026735 0.013672
v -0.006331 0.023473 0.009900
v -0.006331 0.024196 0.011436
v -0.006331 0.023222 0.008280
v -0.006331 0.025320 0.012735
v -0.006331 0.023462 0.004828
v -0.006331 0.025298 0.002548
v -0.006331 0.026709 0.002037
v -0.006331 0.028274 0.002027
v -0.006331 0.024179 0.003510
v -0.006331 0.023218 0.006374
v -0.006331 0.028303 0.014155
v -0.006331 0.088320 0.023018
v -0.006331 0.089153 0.022916
v -0.005734 0.089726 0.016341
v -0.005734 0.024196 0.011436
v -0.005734 0.023473 0.009900
v -0.005734 0.023462 0.004828
v -0.005734 0.086315 0.011292
v -0.005734 0.089153 0.022916
v -0.006331 0.105974 0.024562
v -0.006021 0.105045 0.026359
v -0.005122 0.104207 0.027981
v -0.003721 0.103542 0.029267
v -0.001956 0.103115 0.030093
v -0.006331 0.108861 0.017482
v -0.006331 0.108173 0.020308
v -0.006331 0.108768 0.018408
v -0.006331 0.108517 0.019443
v -0.006331 0.020646 -0.000026
v -0.006021 0.025834 0.015489
v -0.005122 0.025834 0.017225
v -0.001956 0.025834 0.019488
v -0.003721 0.025834 0.018603
v -0.006293 0.025272 0.013521
v -0.006331 0.023946 0.013297
v -0.006331 0.006920 -0.001972
v -0.006127 0.028884 -0.007501
v -0.005569 0.028884 -0.007946
v -0.004807 0.028884 -0.008109
v -0.006331 0.028884 -0.006892
v -0.006331 0.106489 0.023566
v -0.005559 0.029322 -0.007176
v -0.005241 0.029295 -0.007434
v -0.005698 0.029350 -0.006759
v -0.004723 0.029288 -0.007545
v -0.005698 0.020641 -0.001292
v -0.005699 0.006914 -0.003240
v -0.005734 0.025320 0.012735
v -0.005404 0.025828 0.015358
v -0.004572 0.025811 0.016961
v -0.001719 0.025840 0.019011
v -0.003296 0.025827 0.018219
v -0.005734 0.026709 0.002037
v -0.005734 0.023222 0.008280
v -0.005734 0.088971 0.014260
v -0.005734 0.087796 0.012520
v -0.005734 0.028303 0.014155
v -0.005734 0.089986 0.021580
v -0.005734 0.089763 0.022389
v -0.006235 0.108859 0.004685
v -0.005650 0.108831 0.004274
v -0.005805 0.108517 0.019441
v -0.005805 0.108860 0.017480
v -0.001761 0.103306 0.029722
v -0.003369 0.103696 0.028968
v -0.000502 0.013708 -0.011905
v -0.001289 0.013708 -0.011690
v -0.002403 0.013705 -0.010306
v -0.001985 0.013708 -0.011104
v -0.005508 0.105089 0.026274
v -0.005805 0.105985 0.024541
v -0.005805 0.108174 0.020307
v -0.004666 0.104293 0.027814
v -0.005805 0.108769 0.018407
v -0.005805 0.106498 0.023549
v -0.005734 0.028274 0.002027
v -0.005734 0.026735 0.013672
v -0.005734 0.024179 0.003510
v -0.005734 0.088320 0.023018
v -0.005734 0.023218 0.006374
v -0.005734 0.089986 0.018558
v -0.005734 0.084673 0.010695
v -0.005734 0.025298 0.002548
vn -0.0000 1.0000 -0.0000
vn -0.0000 0.1174 -0.9931
vn 1.0000 -0.0013 0.0055
vn 0.9984 -0.0000 0.0560
vn 0.9965 -0.0005 0.0842
vn -0.0000 0.1167 -0.9932
vn 0.8246 -0.0000 0.5657
vn 0.7914 -0.0000 0.6112
vn 0.9452 -0.0000 0.3264
vn 0.9674 -0.0000 0.2531
vn -0.0000 0.9920 0.1262
vn -0.0000 0.8884 0.4590
vn -0.0000 0.7176 0.6965
vn -0.0000 0.6943 0.7196
vn -0.0000 0.1153 -0.9933
vn -1.0000 -0.0000 -0.0000
vn -1.0000 -0.0009 0.0001
vn -0.9965 -0.0005 0.0842
vn -1.0000 -0.0013 -0.0001
vn 0.1570 -0.0000 0.9876
vn -0.1570 -0.0000 0.9876
vn -0.1485 -0.0000 0.9889
vn 0.1485 -0.0000 0.9889
vn -0.0000 -1.0000 -0.0000
vn 0.5018 -0.0000 0.8650
vn 0.5406 -0.0000 0.8413
vn 1.0000 -0.0013 -0.0001
vn -0.0000 0.7982 0.6023
vn -0.0000 0.8369 0.5473
vn -0.0000 0.7529 0.6582
vn -1.0000 -0.0013 0.0055
vn -0.9984 -0.0000 0.0560
vn -0.8246 -0.0000 0.5657
vn -0.9674 -0.0000 0.2531
vn -0.9452 -0.0000 0.3264
vn -0.7914 -0.0000 0.6112
vn 1.0000 -0.0009 0.0001
vn 1.0000 -0.0000 -0.0000
vn -0.5018 -0.0000 0.8650
vn -0.5406 -0.0000 0.8413
vn 0.3827 0.9239 -0.0000
vn 0.5778 0.5778 -0.5764
vn 0.3127 0.7550 -0.5764
vn 0.3127 -0.7550 -0.5764
vn 0.5778 -0.5778 -0.5764
vn -0.8172 -0.0000 -0.5764
vn -0.7550 -0.3127 -0.5764
vn 0.7550 -0.3127 -0.5764
vn 0.8172 -0.0000 -0.5764
vn -0.5778 -0.5778 -0.5764
vn -0.3127 -0.7550 -0.5764
vn -0.3127 0.7550 -0.5764
vn -0.5778 0.5778 -0.5764
vn 0.7550 0.3127 -0.5764
vn -0.0000 -0.8172 -0.5764
vn -0.0000 0.8172 -0.5764
vn -0.7550 0.3127 -0.5764
vn -0.3827 -0.9239 -0.0000
vn 0.7071 0.7071 -0.0000
vn -0.7071 -0.7071 -0.0000
vn 0.9239 0.3827 -0.0000
vn -0.9239 -0.3827 -0.0000
vn 0.9239 -0.3827 -0.0000
vn -0.9239 0.3827 -0.0000
vn 0.7071 -0.7071 -0.0000
vn -0.7071 0.7071 -0.0000
vn 0.3827 -0.9239 -0.0000
vn -0.3827 0.9239 -0.0000
vn -0.0000 -0.0000 1.0000
vn -0.2836 -0.6847 -0.6714
vn -0.0000 -0.7411 -0.6714
vn 0.5240 0.5240 -0.6714
vn 0.2836 0.6847 -0.6714
vn -0.5240 -0.5240 -0.6714
vn 0.6847 0.2836 -0.6714
vn -0.6847 -0.2836 -0.6714
vn 0.7411 -0.0000 -0.6714
vn -0.7411 -0.0000 -0.6714
vn 0.6847 -0.2836 -0.6714
vn -0.6847 0.2836 -0.6714
vn 0.5240 -0.5240 -0.6714
vn -0.5240 0.5240 -0.6714
vn 0.2836 -0.6847 -0.6714
vn -0.2836 0.6847 -0.6714
vn -0.0000 0.7411 -0.6714
vn -0.3809 0.9197 0.0952
vn -0.7039 0.7039 0.0952
vn -0.6670 0.6670 0.3319
vn -0.3610 0.8715 0.3319
vn -0.7070 -0.7070 0.0209
vn -0.3826 -0.9237 0.0209
vn -0.3809 -0.9197 0.0952
vn -0.7039 -0.7039 0.0952
vn 0.9237 0.3826 0.0209
vn 0.7070 0.7070 0.0209
vn 0.7039 0.7039 0.0952
vn 0.9197 0.3809 0.0952
vn -0.9237 -0.3826 0.0209
vn -0.9197 -0.3809 0.0952
vn 0.9998 -0.0000 0.0209
vn 0.9955 -0.0000 0.0952
vn -0.9998 -0.0000 0.0209
vn -0.9955 -0.0000 0.0952
vn 0.9237 -0.3826 0.0209
vn 0.9197 -0.3809 0.0952
vn -0.9237 0.3826 0.0209
vn -0.9197 0.3809 0.0952
vn 0.7070 -0.7070 0.0209
vn 0.7039 -0.7039 0.0952
vn -0.7070 0.7070 0.0209
vn 0.3826 -0.9237 0.0209
vn 0.3809 -0.9197 0.0952
vn -0.3826 0.9237 0.0209
vn -0.0000 -0.9998 0.0209
vn -0.0000 -0.9955 0.0952
vn 0.3826 0.9237 0.0209
vn -0.0000 0.9998 0.0209
vn -0.0000 0.9955 0.0952
vn 0.3809 0.9197 0.0952
vn -0.8715 0.3610 0.3319
vn -0.9433 -0.0000 0.3319
vn -0.8094 -0.0000 0.5873
vn -0.7478 0.3097 0.5873
vn 0.3610 -0.8715 0.3319
vn -0.0000 -0.9433 0.3319
vn -0.0000 0.9433 0.3319
vn 0.3610 0.8715 0.3319
vn -0.3610 -0.8715 0.3319
vn 0.6670 0.6670 0.3319
vn -0.6670 -0.6670 0.3319
vn 0.8715 0.3610 0.3319
vn -0.8715 -0.3610 0.3319
vn 0.9433 -0.0000 0.3319
vn 0.8715 -0.3610 0.3319
vn 0.6670 -0.6670 0.3319
vn 0.7478 0.3097 0.5873
vn 0.5723 0.5723 0.5873
vn 0.4181 0.4181 0.8065
vn 0.5305 0.2298 0.8159
vn 0.7478 -0.3097 0.5873
vn 0.5723 -0.5723 0.5873
vn -0.5723 0.5723 0.5873
vn 0.3097 -0.7478 0.5873
vn -0.3097 0.7478 0.5873
vn -0.0000 -0.8094 0.5873
vn -0.0000 0.8094 0.5873
vn 0.3097 0.7478 0.5873
vn -0.3097 -0.7478 0.5873
vn -0.5723 -0.5723 0.5873
vn -0.7478 -0.3097 0.5873
vn 0.8094 -0.0000 0.5873
vn -0.4181 0.4181 0.8065
vn -0.5305 0.2298 0.8159
vn -0.2148 0.2215 0.9512
vn -0.2288 0.5317 0.8154
vn -0.4181 -0.4181 0.8065
vn -0.5305 -0.2298 0.8159
vn 0.5711 -0.0000 0.8209
vn -0.5711 -0.0000 0.8209
vn 0.5305 -0.2298 0.8159
vn 0.4181 -0.4181 0.8065
vn 0.2288 -0.5317 0.8154
vn -0.0000 -0.5729 0.8196
vn -0.0000 0.5729 0.8196
vn 0.2288 0.5317 0.8154
vn -0.2288 -0.5317 0.8154
vn -0.2362 -0.0000 0.9717
vn -0.2148 -0.2215 0.9512
vn -0.0000 0.2470 0.9690
vn -0.0000 -0.2470 0.9690
vn 0.2148 0.2215 0.9512
vn 0.2362 -0.0000 0.9717
vn 0.2148 -0.2215 0.9512
vn -0.0000 -0.0000 -1.0000
vn -0.3263 0.1259 -0.9368
vn 0.3498 0.1247 -0.9285
vn 0.4352 0.1199 -0.8923
vn -0.9359 -0.0469 0.3490
vn -0.9132 -0.0543 0.4038
vn -0.9359 0.0469 -0.3490
vn -0.9132 0.0543 -0.4038
vn -0.7117 -0.0935 0.6962
vn 0.9359 0.0469 -0.3490
vn 0.9132 0.0543 -0.4038
vn 0.7117 -0.0935 0.6962
vn 0.9359 -0.0469 0.3490
vn 0.9132 -0.0543 0.4038
vn 0.3498 -0.1247 0.9285
vn -0.3263 -0.1259 0.9368
vn -0.4572 -0.1184 0.8814
vn -0.4572 0.1184 -0.8814
vn 0.4352 -0.1199 0.8923
vn -0.9875 -0.0215 0.1559
vn -0.9537 -0.0409 0.2981
vn -0.9284 -0.0505 0.3682
vn -0.1160 0.9861 -0.1188
vn 0.1160 0.9861 -0.1188
vn 0.0208 0.9818 -0.1888
vn -0.0208 0.9818 -0.1888
vn -0.1764 0.5221 -0.8345
vn 0.1764 0.5221 -0.8345
vn 0.2028 0.2403 -0.9493
vn -0.2028 0.2403 -0.9493
vn -0.1950 0.1405 -0.9707
vn 0.1950 0.1405 -0.9707
vn 0.1249 0.9815 0.1451
vn 0.0671 0.9823 0.1752
vn 0.2125 0.7453 0.6320
vn 0.3944 0.7494 0.5318
vn 0.3007 0.2845 0.9103
vn 0.5608 0.2994 0.7719
vn 0.3114 -0.0342 0.9497
vn 0.5846 -0.0156 0.8112
vn 0.1682 0.9808 0.0991
vn 0.5330 0.7568 0.3782
vn 0.7655 0.3231 0.5564
vn 0.8065 0.0140 0.5911
vn 0.1935 0.9800 0.0460
vn 0.6138 0.7657 0.1920
vn 0.8907 0.3523 0.2875
vn 0.9560 0.0320 0.2915
vn 0.1922 0.9813 0.0056
vn 0.6266 0.7781 0.0432
vn 0.9237 0.3769 0.0694
vn 0.9820 0.1764 0.0677
vn -0.0000 0.9808 0.1951
vn -0.0000 0.7425 0.6698
vn -0.0000 0.2790 0.9603
vn -0.0000 -0.0407 0.9992
vn 0.0954 0.8335 -0.5442
vn -0.0954 0.8335 -0.5442
vn -0.1935 0.9800 0.0460
vn -0.1922 0.9813 0.0056
vn 0.5799 0.8091 -0.0949
vn 0.8763 0.4501 -0.1718
vn -0.5846 -0.0156 0.8112
vn -0.3114 -0.0342 0.9497
vn -0.3007 0.2845 0.9103
vn -0.5608 0.2994 0.7719
vn -0.2125 0.7453 0.6320
vn -0.3944 0.7494 0.5318
vn -0.0671 0.9823 0.1752
vn -0.1249 0.9815 0.1451
vn -0.8065 0.0140 0.5911
vn -0.7655 0.3231 0.5564
vn -0.5330 0.7568 0.3782
vn -0.1682 0.9808 0.0991
vn -0.9324 0.0733 0.3540
vn -0.8907 0.3523 0.2875
vn -0.6138 0.7657 0.1920
vn -0.9820 0.1764 0.0677
vn -0.9237 0.3769 0.0694
vn -0.6266 0.7781 0.0432
vn -0.1863 0.9822 -0.0257
vn 0.1863 0.9822 -0.0257
vn -0.7006 0.2186 -0.6792
vn -0.6124 0.5316 -0.5852
vn -0.9660 0.1310 -0.2231
vn -0.8763 0.4501 -0.1718
vn 0.3801 0.8511 -0.3621
vn 0.6124 0.5316 -0.5852
vn 0.7006 0.2186 -0.6792
vn 0.9449 0.1884 -0.2678
vn -0.3801 0.8511 -0.3621
vn -0.5799 0.8091 -0.0949
vn -0.0000 0.9999 -0.0121
vn -0.5869 -0.1101 0.8021
vn -0.3123 -0.1291 0.9412
vn -0.0000 -1.0000 0.0091
vn 0.0132 -0.9964 0.0839
vn -0.0000 -0.9999 0.0125
vn 0.9875 -0.0215 0.1559
vn 0.9284 -0.0505 0.3682
vn 0.9537 -0.0409 0.2981
vn -0.0000 -1.0000 0.0064
vn -0.0000 -1.0000 0.0061
vn -0.0000 -1.0000 0.0060
vn 0.6937 0.1033 -0.7128
vn 0.9271 0.0539 -0.3710
vn -0.9271 0.0539 -0.3710
vn -0.6937 0.1033 -0.7128
vn -0.0000 -0.1435 0.9897
vn -0.0375 -0.1855 0.9819
vn -0.0000 -0.9999 0.0146
vn -0.0000 -0.9999 0.0119
vn 0.8097 -0.0797 0.5813
vn 0.5869 -0.1101 0.8021
vn 0.3123 -0.1291 0.9412
vn -0.8097 -0.0797 0.5813
vn -0.0000 0.1355 -0.9908
vn 0.0705 0.1519 -0.9859
vn -0.0000 0.1350 -0.9908
vn 0.0427 -0.9986 -0.0314
vn -0.0000 -0.1359 0.9907
vn -0.0000 -0.9998 0.0199
vn -0.0000 -0.9997 0.0238
vn -0.0000 -0.9996 0.0282
vn -0.0000 -0.9997 0.0232
vn 0.9961 -0.0125 0.0872
vn 0.9997 -0.0052 0.0249
vn 0.9902 -0.0417 0.1330
vn -0.9911 -0.0178 0.1321
vn -1.0000 0.0014 0.0026
vn -1.0000 0.0026 0.0030
vn -0.9952 -0.0113 0.0970
vn -0.9854 0.0719 -0.1543
vn -0.9467 0.0534 -0.3176
vn -0.9706 0.0401 -0.2375
vn -1.0000 0.0018 0.0014
vn -1.0000 0.0030 0.0058
vn -1.0000 0.0006 0.0097
vn -0.9999 0.0134 -0.0004
vn -0.9967 0.0118 -0.0797
vn -0.9999 0.0102 -0.0025
vn -0.0000 -1.0000 -0.0018
vn 0.0411 -0.9947 -0.0939
vn 0.9896 0.0221 -0.1419
vn 1.0000 0.0013 -0.0013
vn 0.4325 0.1291 -0.8924
vn 0.4246 0.1296 -0.8961
vn 0.1041 0.1424 -0.9843
vn 0.1051 0.1424 -0.9842
vn 0.8509 0.0769 -0.5197
vn 0.8266 0.0813 -0.5569
vn 0.9932 0.0195 -0.1148
vn 1.0000 0.0015 -0.0016
vn 0.9483 -0.0355 0.3154
vn 0.9965 0.0270 0.0796
vn 0.9980 -0.0086 0.0632
vn 0.9582 -0.0387 0.2834
vn 0.8021 -0.0812 0.5917
vn 0.8181 -0.0782 0.5698
vn 0.5783 -0.1109 0.8082
vn 0.5941 -0.1094 0.7969
vn 0.3118 -0.1292 0.9413
vn 0.3022 -0.1296 0.9444
vn 0.3060 -0.1294 0.9432
vn 0.5846 -0.1103 0.8038
vn 0.8086 -0.0800 0.5830
vn 0.9528 -0.0413 0.3006
vn 0.9488 -0.0429 0.3129
vn 0.9968 -0.0109 0.0797
vn 0.9973 -0.0100 0.0728
vn 0.4257 0.1296 -0.8955
vn 0.4186 0.1302 -0.8988
vn 0.0788 0.0641 -0.9948
vn 0.1053 0.1425 -0.9842
vn -0.0000 -0.1360 0.9907
vn 0.9479 -0.0466 0.3152
vn 0.9968 -0.0061 0.0799
vn 0.3337 0.3604 -0.8711
vn 0.4716 0.3577 -0.8060
vn 0.1513 0.3596 -0.9207
vn 0.0250 0.3889 -0.9210
vn -0.0000 0.1442 -0.9896
vn -0.0006 0.1439 -0.9896
vn 0.6621 0.3380 -0.6689
vn 0.7426 0.3238 -0.5862
vn -0.0000 0.9469 0.3217
vn -0.0000 0.9970 0.0774
vn 0.9867 0.0233 -0.1611
vn 0.9841 0.0254 -0.1755
vn 0.8043 0.0851 -0.5881
vn 0.8169 0.0826 -0.5708
vn -0.9841 -0.0255 0.1758
vn -0.9867 -0.0228 0.1607
vn -0.5782 0.1109 -0.8083
vn -0.8019 0.0812 -0.5918
vn -0.8088 0.0800 -0.5826
vn -0.5849 0.1103 -0.8036
vn -0.8185 -0.0823 0.5686
vn -0.4264 -0.1295 0.8952
vn -0.4142 -0.1302 0.9008
vn -0.8003 -0.0858 0.5934
vn -0.1045 -0.1424 0.9843
vn -0.1035 -0.1424 0.9844
vn -0.3072 0.1294 -0.9428
vn -0.3111 0.1292 -0.9415
vn -0.9504 0.0405 -0.3083
vn -0.9973 0.0100 -0.0728
vn -0.9530 0.0412 -0.3003
vn -0.0000 0.1359 -0.9907
vn -0.9938 0.0305 -0.1068
vn -1.0000 -0.0008 0.0037
vn -0.9863 -0.0231 0.1630
vn -1.0000 0.0003 0.0042
vn -0.3802 -0.1309 0.9156
vn -0.1046 -0.1424 0.9843
vn -0.1036 -0.1424 0.9844
vn -0.4001 -0.1305 0.9071
vn -0.8412 -0.0741 0.5356
vn -0.8127 -0.0818 0.5768
vn -1.0000 0.0039 0.0005
vn -1.0000 0.0041 0.0014
vn -1.0000 0.0040 0.0013
vn -1.0000 0.0038 0.0013
vn -0.9939 -0.0249 -0.1074
vn -0.9433 0.0312 -0.3306
vn -0.9568 0.0457 -0.2871
vn -0.9977 0.0138 -0.0659
vn -0.8017 0.0852 -0.5917
vn -0.8174 0.0860 -0.5696
vn -0.5768 0.1147 -0.8088
vn -0.5910 0.1168 -0.7982
vn -0.3079 0.1327 -0.9421
vn -0.3180 0.1354 -0.9384
vn -0.3073 0.1294 -0.9428
vn -0.0000 0.1360 -0.9907
vn -0.0000 0.1393 -0.9903
vn -0.5783 0.1109 -0.8082
vn -0.8021 0.0812 -0.5917
vn -0.1040 -0.1424 0.9843
vn -0.4242 -0.1296 0.8962
vn -0.0000 0.1432 -0.9897
vn -0.0000 0.4274 -0.9040
vn -0.0000 0.6603 -0.7510
vn -0.0000 -0.0729 0.9973
vn -0.0000 -0.2481 0.9687
vn -0.0000 -0.8911 0.4539
vn -0.0000 -0.9731 0.2303
vn -0.0000 -0.7410 0.6715
vn -0.0000 0.0120 -0.9999
vn -0.0000 0.2207 -0.9753
vn -0.0000 -0.8452 -0.5345
vn -0.0000 -0.9910 -0.1342
vn -0.0000 -0.4053 -0.9142
vn 0.9765 -0.0215 0.2143
vn 0.9784 -0.0349 0.2038
vn 0.9873 0.0490 0.1513
vn 1.0000 0.0015 0.0038
vn -0.0000 0.1425 -0.9898
vn -1.0000 0.0037 0.0002
vn -1.0000 0.0038 0.0006
vn -0.0000 -0.1432 0.9897
vn -0.8166 -0.0826 0.5713
vn -1.0000 0.0081 -0.0055
vn -0.0000 0.7780 0.6282
vn -0.0000 0.5045 0.8634
vn -0.0000 0.1761 0.9844
vn -0.0000 0.9970 -0.0779
vn -0.0000 0.9562 -0.2927
vn -0.0000 0.8383 -0.5452
vn -0.0000 -0.9983 0.0583
vn -0.0000 -0.4975 0.8675
vn -0.0000 0.8883 0.4592
vn -0.0000 0.9858 0.1678
vn -0.0000 0.9858 0.1679
vn -0.0036 0.9988 0.0494
vn -0.0036 0.9988 0.0490
vn 0.0002 0.9529 0.3032
vn 0.0002 0.9528 0.3035
vn 0.0001 0.9100 0.4146
vn 0.0001 0.9099 0.4147
vn 0.8471 0.2934 -0.4431
vn -0.0002 0.1434 -0.9897
vn -0.0000 -1.0000 -0.0022
vn -0.0000 -1.0000 -0.0019
vn -0.0233 0.9997 -0.0065
vn -0.0229 0.9997 -0.0064
vn -1.0000 -0.0039 0.0017
vn -1.0000 -0.0026 0.0022
vn -0.0000 0.9897 0.1432
vn -0.0161 0.9906 0.1361
vn -0.0175 0.9906 0.1355
vn -0.0538 0.9984 0.0173
vn -0.0571 0.9981 0.0241
vn -0.0554 0.9948 0.0858
vn -0.0490 0.9940 0.0983
vn -1.0000 0.0086 0.0020
vn -0.9999 0.0134 0.0002
vn -1.0000 0.0051 0.0038
vn -1.0000 -0.0016 0.0029
vn -0.9665 0.0214 -0.2558
vn -0.9727 -0.0900 -0.2140
vn -0.9961 -0.0125 0.0872
vn -0.9902 -0.0417 0.1330
vn -0.9997 -0.0052 0.0249
vn 0.9911 -0.0178 0.1321
vn 0.9952 -0.0113 0.0970
vn 1.0000 0.0026 0.0030
vn 1.0000 0.0014 0.0026
vn 0.9854 0.0719 -0.1543
vn 0.9706 0.0401 -0.2375
vn 0.9467 0.0534 -0.3176
vn 1.0000 0.0018 0.0014
vn 1.0000 0.0006 0.0097
vn 1.0000 0.0030 0.0058
vn 0.9999 0.0134 -0.0004
vn 0.9999 0.0102 -0.0025
vn 0.9967 0.0118 -0.0797
vn -1.0000 0.0013 -0.0013
vn -0.9896 0.0221 -0.1419
vn -0.4325 0.1291 -0.8924
vn -0.1051 0.1424 -0.9842
vn -0.1041 0.1424 -0.9843
vn -0.4246 0.1296 -0.8961
vn -0.8509 0.0769 -0.5197
vn -0.8266 0.0813 -0.5569
vn -1.0000 0.0015 -0.0016
vn -0.9932 0.0195 -0.1148
vn -0.9483 -0.0355 0.3154
vn -0.9582 -0.0387 0.2834
vn -0.9980 -0.0086 0.0632
vn -0.9965 0.0270 0.0796
vn -0.8021 -0.0812 0.5917
vn -0.8181 -0.0782 0.5698
vn -0.5783 -0.1109 0.8082
vn -0.5941 -0.1094 0.7969
vn -0.3118 -0.1292 0.9413
vn -0.3022 -0.1296 0.9444
vn -0.5846 -0.1103 0.8038
vn -0.3060 -0.1294 0.9432
vn -0.8086 -0.0800 0.5830
vn -0.9488 -0.0429 0.3129
vn -0.9528 -0.0413 0.3006
vn -0.9968 -0.0109 0.0797
vn -0.9973 -0.0100 0.0728
vn -0.4257 0.1296 -0.8955
vn -0.1053 0.1425 -0.9842
vn -0.1340 0.0642 -0.9889
vn -0.4186 0.1302 -0.8988
vn -0.9479 -0.0466 0.3152
vn -0.9968 -0.0061 0.0799
vn -0.3337 0.3604 -0.8711
vn -0.2077 0.2714 -0.9398
vn -0.4716 0.3577 -0.8060
vn 0.0006 0.1439 -0.9896
vn -0.6621 0.3380 -0.6689
vn -0.7426 0.3238 -0.5862
vn -0.9867 0.0233 -0.1611
vn -0.8169 0.0826 -0.5708
vn -0.8043 0.0851 -0.5881
vn -0.9841 0.0254 -0.1755
vn 0.9841 -0.0255 0.1758
vn 0.9867 -0.0228 0.1607
vn 0.5782 0.1109 -0.8083
vn 0.5849 0.1103 -0.8036
vn 0.8088 0.0800 -0.5826
vn 0.8019 0.0812 -0.5918
vn 0.8185 -0.0823 0.5686
vn 0.8003 -0.0858 0.5934
vn 0.4142 -0.1302 0.9008
vn 0.4264 -0.1295 0.8952
vn 0.1035 -0.1424 0.9844
vn 0.1045 -0.1424 0.9843
vn 0.3072 0.1294 -0.9428
vn 0.3111 0.1292 -0.9415
vn 0.9504 0.0405 -0.3083
vn 0.9530 0.0412 -0.3003
vn 0.9973 0.0100 -0.0728
vn 0.9938 0.0305 -0.1068
vn 1.0000 -0.0008 0.0037
vn 1.0000 0.0003 0.0042
vn 0.9863 -0.0231 0.1630
vn 0.3802 -0.1309 0.9156
vn 0.4001 -0.1305 0.9071
vn 0.1036 -0.1424 0.9844
vn 0.1046 -0.1424 0.9843
vn 0.8412 -0.0741 0.5356
vn 0.8127 -0.0818 0.5768
vn 1.0000 0.0039 0.0005
vn 1.0000 0.0038 0.0013
vn 1.0000 0.0040 0.0013
vn 1.0000 0.0041 0.0014
vn 0.9939 -0.0249 -0.1074
vn 0.9977 0.0138 -0.0659
vn 0.9568 0.0457 -0.2871
vn 0.9433 0.0312 -0.3306
vn 0.8174 0.0860 -0.5696
vn 0.8017 0.0852 -0.5917
vn 0.5910 0.1168 -0.7982
vn 0.5768 0.1147 -0.8088
vn 0.3180 0.1354 -0.9384
vn 0.3079 0.1327 -0.9421
vn 0.3073 0.1294 -0.9428
vn 0.5783 0.1109 -0.8082
vn 0.8021 0.0812 -0.5917
vn 0.1040 -0.1424 0.9843
vn 0.4242 -0.1296 0.8962
vn -0.9765 -0.0215 0.2143
vn -0.9784 -0.0349 0.2038
vn -0.9873 0.0490 0.1513
vn -1.0000 0.0015 0.0038
vn 1.0000 0.0037 0.0002
vn 1.0000 0.0038 0.0006
vn 0.8166 -0.0826 0.5713
vn 1.0000 0.0081 -0.0055
vn 0.0036 0.9988 0.0490
vn 0.0036 0.9988 0.0494
vn -0.0002 0.9529 0.3032
vn -0.0002 0.9528 0.3035
vn -0.0001 0.9100 0.4146
vn -0.0001 0.9099 0.4147
vn -0.8471 0.2934 -0.4431
vn 0.0002 0.1434 -0.9897
vn 0.0229 0.9997 -0.0064
vn 0.0233 0.9997 -0.0065
vn 1.0000 -0.0039 0.0017
vn 1.0000 -0.0026 0.0022
vn 0.0175 0.9906 0.1355
vn 0.0161 0.9906 0.1361
vn 0.0571 0.9981 0.0241
vn 0.0538 0.9984 0.0173
vn 0.0490 0.9940 0.0983
vn 0.0554 0.9948 0.0858
vn 1.0000 0.0086 0.0020
vn 0.9999 0.0134 0.0002
vn 1.0000 0.0051 0.0038
vn 1.0000 -0.0016 0.0029
vn 0.9665 0.0214 -0.2558
vn 0.9727 -0.0900 -0.2140
vn -0.0000 -1.0000 -0.0017
vt 0.380988 0.513141
vt 0.912792 0.567428
vt 0.756613 0.447439
vt 0.350556 0.513141
vt 0.940080 0.570652
vt 0.894416 0.883932
vt 0.756613 0.687904
vt 0.912790 0.350311
vt 0.756613 0.691651
vt 0.913637 0.347035
vt 0.933691 0.314883
vt 0.776825 0.725656
vt 0.931364 0.324873
vt 0.766486 0.720947
vt 0.940077 0.344620
vt 0.894459 0.633593
vt 0.756657 0.695156
vt 0.915682 0.344620
vt 0.926796 0.332686
vt 0.760845 0.712663
vt 0.919901 0.340834
vt 0.757223 0.701409
vt 0.362813 0.502858
vt 0.665217 0.309402
vt 0.628610 0.613347
vt 0.795074 0.331544
vt 0.350556 0.590804
vt 0.775354 0.477643
vt 0.380988 0.494400
vt 0.350556 0.563682
vt 0.775354 0.447439
vt 0.355997 0.502858
vt 0.628610 0.607738
vt 0.653501 0.607738
vt 0.770088 0.340002
vt 0.776903 0.340002
vt 0.665217 0.339014
vt 0.653501 0.613347
vt 0.362813 0.494400
vt 0.366764 0.561766
vt 0.654946 0.309402
vt 0.366764 0.588922
vt 0.654946 0.339014
vt 0.776903 0.331544
vt 0.940077 0.340834
vt 0.895025 0.629439
vt 0.940077 0.332686
vt 0.898647 0.621172
vt 0.940077 0.314883
vt 0.914627 0.610670
vt 0.940077 0.324873
vt 0.904288 0.614611
vt 0.912792 0.007131
vt 0.380988 0.411574
vt 0.858180 0.447439
vt 0.940080 0.003906
vt 0.350556 0.411574
vt 0.995982 0.883932
vt 0.912790 0.224248
vt 0.858180 0.687904
vt 0.858180 0.691651
vt 0.913637 0.227524
vt 0.837968 0.725656
vt 0.933691 0.259676
vt 0.848308 0.720947
vt 0.931363 0.249685
vt 0.995939 0.633593
vt 0.940077 0.229938
vt 0.858136 0.695156
vt 0.915682 0.229938
vt 0.926796 0.241873
vt 0.853949 0.712663
vt 0.919901 0.233724
vt 0.857570 0.701409
vt 0.362813 0.421857
vt 0.136809 0.415439
vt 0.186418 0.303376
vt 0.795074 0.267458
vt 0.366151 0.551975
vt 0.839439 0.477643
vt 0.839439 0.447439
vt 0.380988 0.430315
vt 0.366151 0.524853
vt 0.628610 0.525056
vt 0.355997 0.421857
vt 0.192495 0.304094
vt 0.653501 0.525056
vt 0.192495 0.276938
vt 0.770088 0.259000
vt 0.776903 0.259000
vt 0.136809 0.445681
vt 0.186418 0.276220
vt 0.362813 0.430315
vt 0.349943 0.522938
vt 0.145267 0.415439
vt 0.349943 0.550094
vt 0.145267 0.445681
vt 0.776903 0.267458
vt 0.940077 0.233724
vt 0.995373 0.629439
vt 0.940077 0.241873
vt 0.991751 0.621172
vt 0.940077 0.259676
vt 0.975771 0.610670
vt 0.940077 0.249685
vt 0.986110 0.614612
vt 0.186418 0.206172
vt 0.097381 0.840254
vt 0.351781 0.355856
vt 0.161225 0.515362
vt 0.186418 0.198640
vt 0.097381 0.828345
vt 0.172264 0.515362
vt 0.351781 0.361596
vt 0.186418 0.191109
vt 0.097381 0.816436
vt 0.182463 0.511137
vt 0.351781 0.367336
vt 0.186418 0.183577
vt 0.097381 0.804527
vt 0.351781 0.373075
vt 0.190269 0.503331
vt 0.186418 0.176046
vt 0.097381 0.792618
vt 0.351781 0.378815
vt 0.194494 0.493132
vt 0.186418 0.168515
vt 0.097381 0.780709
vt 0.351781 0.384555
vt 0.194494 0.482093
vt 0.186418 0.160983
vt 0.097381 0.768800
vt 0.351781 0.390295
vt 0.190269 0.471894
vt 0.186418 0.153452
vt 0.097381 0.756891
vt 0.351781 0.396035
vt 0.182463 0.464088
vt 0.186418 0.145920
vt 0.186418 0.266423
vt 0.097381 0.744982
vt 0.097381 0.935526
vt 0.351781 0.401775
vt 0.351781 0.309936
vt 0.172264 0.459863
vt 0.186418 0.258892
vt 0.097381 0.923617
vt 0.351781 0.315676
vt 0.161225 0.459864
vt 0.186418 0.251360
vt 0.097381 0.911708
vt 0.351781 0.321416
vt 0.151026 0.464088
vt 0.186418 0.243829
vt 0.097381 0.899799
vt 0.351781 0.327156
vt 0.143220 0.471894
vt 0.186418 0.236297
vt 0.097381 0.887890
vt 0.351781 0.332896
vt 0.138995 0.482093
vt 0.097381 0.875981
vt 0.186418 0.228766
vt 0.351781 0.338636
vt 0.138995 0.493132
vt 0.097381 0.864072
vt 0.186418 0.221234
vt 0.351781 0.344376
vt 0.143220 0.503331
vt 0.186418 0.213703
vt 0.097381 0.852163
vt 0.351781 0.350116
vt 0.151026 0.511137
vt 0.191491 0.206172
vt 0.787554 0.167422
vt 0.191491 0.198640
vt 0.787554 0.177644
vt 0.191491 0.191109
vt 0.787554 0.187866
vt 0.191491 0.183577
vt 0.787554 0.198089
vt 0.191491 0.176046
vt 0.787554 0.208311
vt 0.191491 0.168515
vt 0.787554 0.218534
vt 0.191491 0.160983
vt 0.787554 0.228756
vt 0.191491 0.153452
vt 0.787554 0.238979
vt 0.191491 0.145920
vt 0.191491 0.266423
vt 0.787554 0.085642
vt 0.787554 0.249201
vt 0.191491 0.258892
vt 0.787554 0.095864
vt 0.191491 0.251360
vt 0.787554 0.106087
vt 0.191491 0.243829
vt 0.787554 0.116309
vt 0.191491 0.236297
vt 0.787554 0.126532
vt 0.787554 0.136754
vt 0.191491 0.228766
vt 0.787554 0.146977
vt 0.191491 0.221234
vt 0.191491 0.213703
vt 0.787554 0.157199
vt 0.111129 0.872094
vt 0.781112 0.167422
vt 0.781112 0.177644
vt 0.111129 0.882317
vt 0.781112 0.187866
vt 0.115041 0.891761
vt 0.781112 0.198089
vt 0.122269 0.898990
vt 0.781112 0.208311
vt 0.131714 0.902901
vt 0.781112 0.218534
vt 0.141936 0.902901
vt 0.781112 0.228756
vt 0.151380 0.898990
vt 0.781112 0.238979
vt 0.158609 0.891761
vt 0.781112 0.085642
vt 0.781112 0.249201
vt 0.162521 0.882317
vt 0.781112 0.095864
vt 0.162521 0.872094
vt 0.781112 0.106087
vt 0.158609 0.862650
vt 0.781112 0.116309
vt 0.151380 0.855422
vt 0.781112 0.126532
vt 0.141936 0.851510
vt 0.781112 0.136754
vt 0.131714 0.851510
vt 0.781112 0.146977
vt 0.122269 0.855422
vt 0.115041 0.862650
vt 0.781112 0.157199
vt 0.107411 0.871355
vt 0.663520 0.178178
vt 0.107411 0.883056
vt 0.663520 0.166476
vt 0.111889 0.893867
vt 0.663520 0.154775
vt 0.120163 0.902141
vt 0.663520 0.143073
vt 0.130974 0.906619
vt 0.663520 0.131372
vt 0.663520 0.119670
vt 0.142675 0.906619
vt 0.663520 0.107969
vt 0.153486 0.902141
vt 0.161760 0.893867
vt 0.663520 0.096267
vt 0.166238 0.883056
vt 0.663520 0.084565
vt 0.663520 0.271789
vt 0.166238 0.871355
vt 0.663520 0.260088
vt 0.161760 0.860544
vt 0.663520 0.248386
vt 0.153486 0.852270
vt 0.663520 0.236685
vt 0.142675 0.847792
vt 0.663520 0.224983
vt 0.130974 0.847792
vt 0.663520 0.213282
vt 0.120163 0.852270
vt 0.663520 0.201581
vt 0.111889 0.860544
vt 0.663520 0.189879
vt 0.666270 0.178178
vt 0.651271 0.150668
vt 0.666270 0.166476
vt 0.651271 0.144076
vt 0.666270 0.154775
vt 0.651271 0.137484
vt 0.666270 0.143073
vt 0.651271 0.130892
vt 0.666270 0.131372
vt 0.651271 0.124300
vt 0.666270 0.119670
vt 0.651271 0.117708
vt 0.666270 0.107969
vt 0.651271 0.111116
vt 0.666270 0.096267
vt 0.651271 0.104524
vt 0.666270 0.084565
vt 0.666270 0.271789
vt 0.651271 0.203404
vt 0.651271 0.097932
vt 0.666270 0.260088
vt 0.651271 0.196812
vt 0.651271 0.190220
vt 0.666270 0.248386
vt 0.651271 0.183628
vt 0.666270 0.236685
vt 0.666270 0.224983
vt 0.651271 0.177036
vt 0.666270 0.213282
vt 0.651271 0.170444
vt 0.666270 0.201581
vt 0.651271 0.163852
vt 0.666270 0.189879
vt 0.651271 0.157260
vt 0.172699 0.517548
vt 0.003906 0.828345
vt 0.160790 0.517548
vt 0.003906 0.840254
vt 0.183701 0.512991
vt 0.003906 0.816436
vt 0.192122 0.504570
vt 0.003906 0.804527
vt 0.196679 0.493567
vt 0.003906 0.792618
vt 0.196679 0.481658
vt 0.003906 0.780709
vt 0.192122 0.470656
vt 0.003906 0.768800
vt 0.183701 0.462235
vt 0.003906 0.756891
vt 0.172699 0.457678
vt 0.003906 0.744982
vt 0.003906 0.935526
vt 0.160790 0.457678
vt 0.003906 0.923617
vt 0.149787 0.462235
vt 0.003906 0.911708
vt 0.141366 0.470656
vt 0.003906 0.899799
vt 0.136809 0.481658
vt 0.003906 0.887890
vt 0.136809 0.493567
vt 0.003906 0.875981
vt 0.141366 0.504570
vt 0.003906 0.864072
vt 0.149787 0.512991
vt 0.003906 0.852163
vt 0.362741 0.355856
vt 0.362741 0.361596
vt 0.362741 0.367336
vt 0.362741 0.373075
vt 0.362741 0.378815
vt 0.362741 0.384555
vt 0.362741 0.390295
vt 0.362741 0.396035
vt 0.362741 0.401775
vt 0.362741 0.309936
vt 0.362741 0.315676
vt 0.362741 0.321416
vt 0.362741 0.327156
vt 0.362741 0.332896
vt 0.362741 0.338636
vt 0.362741 0.344376
vt 0.362741 0.350116
vt 0.376728 0.355856
vt 0.376728 0.361596
vt 0.376728 0.367336
vt 0.376728 0.373075
vt 0.376728 0.378815
vt 0.376728 0.384555
vt 0.376728 0.390295
vt 0.376728 0.396035
vt 0.376728 0.401775
vt 0.376728 0.309936
vt 0.376728 0.315676
vt 0.376728 0.321416
vt 0.376728 0.327156
vt 0.376728 0.332896
vt 0.376728 0.338636
vt 0.376728 0.344376
vt 0.376728 0.350116
vt 0.387236 0.355856
vt 0.387236 0.361596
vt 0.387236 0.367336
vt 0.387236 0.373075
vt 0.387236 0.378815
vt 0.387236 0.384555
vt 0.387236 0.390295
vt 0.387236 0.396035
vt 0.387236 0.401775
vt 0.387236 0.309936
vt 0.387236 0.315676
vt 0.387236 0.321416
vt 0.387236 0.327156
vt 0.387236 0.332896
vt 0.387236 0.338636
vt 0.387236 0.344376
vt 0.387236 0.350116
vt 0.394930 0.355856
vt 0.171413 0.473897
vt 0.394930 0.361596
vt 0.168193 0.472545
vt 0.394930 0.367336
vt 0.164698 0.472541
vt 0.394930 0.373075
vt 0.161460 0.473859
vt 0.394930 0.378815
vt 0.158985 0.476327
vt 0.394930 0.384555
vt 0.157632 0.479549
vt 0.394930 0.390295
vt 0.157632 0.483046
vt 0.394930 0.396035
vt 0.158955 0.486281
vt 0.394930 0.401775
vt 0.394930 0.309936
vt 0.161421 0.488753
vt 0.394930 0.315676
vt 0.164640 0.490105
vt 0.394930 0.321416
vt 0.168135 0.490110
vt 0.394930 0.327156
vt 0.171374 0.488792
vt 0.394930 0.332896
vt 0.173848 0.486324
vt 0.394930 0.338636
vt 0.175201 0.483101
vt 0.175201 0.479605
vt 0.394930 0.344376
vt 0.394930 0.350116
vt 0.173879 0.476369
vt 0.172572 0.479967
vt 0.169167 0.477236
vt 0.165354 0.475112
vt 0.170261 0.483911
vt 0.166417 0.481325
vt 0.162573 0.478740
vt 0.167480 0.487539
vt 0.163666 0.485415
vt 0.160261 0.482683
vt 0.653306 0.150668
vt 0.160364 0.581567
vt 0.653306 0.144076
vt 0.150400 0.577440
vt 0.653306 0.137484
vt 0.142774 0.569814
vt 0.653306 0.130892
vt 0.138646 0.559850
vt 0.653306 0.124300
vt 0.138646 0.549065
vt 0.653306 0.117708
vt 0.142774 0.539101
vt 0.653306 0.111116
vt 0.150400 0.531475
vt 0.653306 0.104524
vt 0.160364 0.527347
vt 0.653306 0.203404
vt 0.653306 0.097932
vt 0.171149 0.527347
vt 0.653306 0.196812
vt 0.181113 0.531475
vt 0.653306 0.190220
vt 0.188739 0.539101
vt 0.653306 0.183628
vt 0.192867 0.549065
vt 0.653306 0.177036
vt 0.192867 0.559850
vt 0.653306 0.170444
vt 0.188739 0.569814
vt 0.653306 0.163852
vt 0.181113 0.577440
vt 0.653306 0.157260
vt 0.171149 0.581567
vt 0.565061 0.017265
vt 0.565061 0.003906
vt 0.565061 0.107880
vt 0.565061 0.094534
vt 0.593088 0.974712
vt 0.593088 0.990889
vt 0.593088 0.873273
vt 0.593088 0.887131
vt 0.593175 0.731919
vt 0.600723 0.729253
vt 0.967937 0.566575
vt 0.593175 0.447839
vt 0.600723 0.447839
vt 0.975425 0.566575
vt 0.967910 0.287165
vt 0.975425 0.284481
vt 0.985698 0.566456
vt 0.967910 0.003906
vt 0.975425 0.003906
vt 0.993184 0.566456
vt 0.985672 0.287105
vt 0.993184 0.284422
vt 0.617684 0.447839
vt 0.985672 0.003906
vt 0.993184 0.003906
vt 0.610849 0.447839
vt 0.618333 0.705807
vt 0.610849 0.708475
vt 0.746293 0.437012
vt 0.618333 0.987258
vt 0.610849 0.987258
vt 0.738852 0.437012
vt 0.746319 0.714641
vt 0.738852 0.717307
vt 0.582262 0.447839
vt 0.746319 0.996094
vt 0.738852 0.996094
vt 0.575327 0.447839
vt 0.582917 0.709462
vt 0.575327 0.712168
vt 0.721117 0.994770
vt 0.582917 0.994910
vt 0.575327 0.994910
vt 0.728604 0.994770
vt 0.721091 0.715407
vt 0.728604 0.712695
vt 0.951180 0.571968
vt 0.721091 0.432192
vt 0.728604 0.432192
vt 0.957733 0.571968
vt 0.950149 0.286345
vt 0.957733 0.283646
vt 0.556462 0.752034
vt 0.950149 0.003906
vt 0.957733 0.003906
vt 0.565061 0.752034
vt 0.556462 0.504335
vt 0.565061 0.501981
vt 0.556462 0.254627
vt 0.565061 0.252273
vt 0.556341 0.003906
vt 0.556341 0.018068
vt 0.565061 0.266718
vt 0.556462 0.267870
vt 0.565061 0.516427
vt 0.556462 0.517579
vt 0.957733 0.018711
vt 0.950149 0.019788
vt 0.957733 0.299930
vt 0.950149 0.301174
vt 0.728604 0.447158
vt 0.721091 0.448329
vt 0.728604 0.729004
vt 0.721091 0.730367
vt 0.575327 0.979838
vt 0.582917 0.978632
vt 0.575327 0.695726
vt 0.582917 0.694381
vt 0.738852 0.981232
vt 0.746319 0.980044
vt 0.738852 0.701097
vt 0.746319 0.699770
vt 0.610849 0.972396
vt 0.618333 0.971208
vt 0.610849 0.692264
vt 0.618333 0.690937
vt 0.993184 0.018860
vt 0.985672 0.020056
vt 0.993184 0.300733
vt 0.985672 0.302068
vt 0.975425 0.018863
vt 0.967910 0.020059
vt 0.975425 0.300796
vt 0.967910 0.302131
vt 0.600723 0.462862
vt 0.593175 0.464017
vt 0.600723 0.745619
vt 0.593175 0.746919
vt 0.556462 0.109998
vt 0.565061 0.357440
vt 0.556462 0.359794
vt 0.565061 0.607148
vt 0.556462 0.609502
vt 0.957733 0.120112
vt 0.950149 0.122811
vt 0.957733 0.401514
vt 0.950149 0.404213
vt 0.728604 0.549478
vt 0.721091 0.552188
vt 0.728604 0.831467
vt 0.721091 0.834171
vt 0.575327 0.876675
vt 0.582917 0.873970
vt 0.575327 0.592451
vt 0.582917 0.589746
vt 0.738852 0.879514
vt 0.746319 0.876848
vt 0.738852 0.599268
vt 0.746319 0.596601
vt 0.610849 0.870679
vt 0.618333 0.868011
vt 0.610849 0.590435
vt 0.618333 0.587767
vt 0.993184 0.121209
vt 0.985672 0.123892
vt 0.993184 0.403194
vt 0.985672 0.405877
vt 0.975425 0.121234
vt 0.967910 0.123917
vt 0.975425 0.403278
vt 0.967910 0.405962
vt 0.600723 0.565515
vt 0.593175 0.568181
vt 0.600723 0.848836
vt 0.593175 0.850639
vt 0.593175 0.834495
vt 0.600723 0.833498
vt 0.593175 0.551816
vt 0.600723 0.550514
vt 0.967910 0.389647
vt 0.975425 0.388312
vt 0.967910 0.107601
vt 0.975425 0.106269
vt 0.985672 0.389566
vt 0.993184 0.388231
vt 0.985672 0.107579
vt 0.993184 0.106248
vt 0.618333 0.603979
vt 0.610849 0.605305
vt 0.618333 0.884224
vt 0.610849 0.885548
vt 0.746319 0.612812
vt 0.738852 0.614139
vt 0.746319 0.893060
vt 0.738852 0.894383
vt 0.582917 0.606188
vt 0.575327 0.607533
vt 0.582917 0.890413
vt 0.575327 0.891755
vt 0.721091 0.817857
vt 0.728604 0.816510
vt 0.721091 0.535883
vt 0.728604 0.534514
vt 0.950149 0.387929
vt 0.957733 0.386685
vt 0.950149 0.106526
vt 0.957733 0.105284
vt 0.556462 0.595057
vt 0.565061 0.593905
vt 0.556462 0.345348
vt 0.565061 0.344196
vt 0.556462 0.095708
vt 0.565061 0.142975
vt 0.556462 0.142024
vt 0.565061 0.392679
vt 0.556462 0.391742
vt 0.565061 0.642387
vt 0.556462 0.641451
vt 0.957733 0.160496
vt 0.950149 0.159521
vt 0.957733 0.441898
vt 0.950149 0.440924
vt 0.728604 0.589312
vt 0.721091 0.588212
vt 0.728604 0.871287
vt 0.721091 0.870209
vt 0.575327 0.836539
vt 0.582917 0.837654
vt 0.575327 0.552315
vt 0.582917 0.553429
vt 0.738852 0.839939
vt 0.746319 0.841038
vt 0.738852 0.559693
vt 0.746319 0.560791
vt 0.610849 0.831104
vt 0.618333 0.832204
vt 0.610849 0.550861
vt 0.618333 0.551959
vt 0.993184 0.161030
vt 0.985672 0.159924
vt 0.993184 0.443014
vt 0.985672 0.441910
vt 0.975425 0.161063
vt 0.967910 0.159957
vt 0.975425 0.443107
vt 0.967910 0.442002
vt 0.600723 0.605433
vt 0.593175 0.604372
vt 0.600723 0.888149
vt 0.600723 0.871187
vt 0.593175 0.590309
vt 0.600723 0.588555
vt 0.967910 0.428043
vt 0.975425 0.426227
vt 0.967910 0.145999
vt 0.975425 0.144183
vt 0.985672 0.427954
vt 0.993184 0.426138
vt 0.985672 0.145969
vt 0.993184 0.144153
vt 0.618333 0.565829
vt 0.610849 0.567634
vt 0.618333 0.846073
vt 0.610849 0.847878
vt 0.746319 0.574661
vt 0.738852 0.576465
vt 0.746319 0.854907
vt 0.738852 0.856712
vt 0.582917 0.567496
vt 0.575327 0.569326
vt 0.582917 0.851720
vt 0.575327 0.853550
vt 0.721091 0.856267
vt 0.728604 0.854407
vt 0.721091 0.574261
vt 0.728604 0.572434
vt 0.950149 0.427054
vt 0.957733 0.425350
vt 0.950149 0.145652
vt 0.957733 0.143948
vt 0.556462 0.629036
vt 0.565061 0.627488
vt 0.556462 0.379327
vt 0.565061 0.377779
vt 0.556462 0.129565
vt 0.565061 0.128099
vt 0.565061 0.232739
vt 0.556462 0.234287
vt 0.565061 0.482448
vt 0.556462 0.483996
vt 0.565061 0.732156
vt 0.556462 0.733705
vt 0.957733 0.260805
vt 0.950149 0.262509
vt 0.957733 0.523745
vt 0.951137 0.553644
vt 0.728604 0.690606
vt 0.721091 0.692459
vt 0.728604 0.971304
vt 0.721091 0.974903
vt 0.575327 0.734418
vt 0.582917 0.732588
vt 0.575327 0.451084
vt 0.582917 0.447839
vt 0.738852 0.739248
vt 0.746319 0.737443
vt 0.738852 0.460367
vt 0.746319 0.456721
vt 0.610849 0.730414
vt 0.618333 0.728609
vt 0.610849 0.451061
vt 0.618333 0.447839
vt 0.993184 0.262346
vt 0.985672 0.264161
vt 0.993184 0.542956
vt 0.985672 0.546625
vt 0.975425 0.262400
vt 0.967910 0.264216
vt 0.975425 0.543070
vt 0.967910 0.546739
vt 0.600723 0.707125
vt 0.593175 0.708879
vt 0.600723 0.990889
vt 0.600723 0.975866
vt 0.593175 0.692001
vt 0.600723 0.693062
vt 0.967910 0.529469
vt 0.975425 0.530325
vt 0.967910 0.247336
vt 0.975425 0.248442
vt 0.985672 0.529358
vt 0.993184 0.530215
vt 0.985672 0.247284
vt 0.993184 0.248390
vt 0.618333 0.465000
vt 0.610849 0.464306
vt 0.618333 0.745382
vt 0.610849 0.744283
vt 0.746319 0.473882
vt 0.738852 0.473030
vt 0.746319 0.754216
vt 0.738852 0.753117
vt 0.582917 0.465234
vt 0.575327 0.464532
vt 0.582917 0.749599
vt 0.575327 0.748484
vt 0.721091 0.957629
vt 0.728604 0.958523
vt 0.721091 0.675579
vt 0.728604 0.676663
vt 0.950149 0.527200
vt 0.957733 0.526242
vt 0.950149 0.245961
vt 0.957733 0.246935
vt 0.556462 0.718805
vt 0.565061 0.719742
vt 0.556462 0.469096
vt 0.565061 0.470033
vt 0.556462 0.219388
vt 0.565061 0.220324
vt 0.402497 0.164193
vt 0.388933 0.143750
vt 0.394066 0.146363
vt 0.158245 0.440790
vt 0.127622 0.802770
vt 0.373307 0.146351
vt 0.369038 0.150579
vt 0.366184 0.156095
vt 0.158245 0.170942
vt 0.323040 0.739153
vt 0.158245 0.433499
vt 0.127622 0.814120
vt 0.167787 0.433499
vt 0.400095 0.138684
vt 0.176425 0.433499
vt 0.392172 0.134617
vt 0.176425 0.440790
vt 0.167787 0.440790
vt 0.158245 0.425979
vt 0.127622 0.825875
vt 0.398327 0.150602
vt 0.167787 0.425979
vt 0.406568 0.145169
vt 0.176425 0.425979
vt 0.158245 0.418290
vt 0.250227 0.726681
vt 0.127622 0.837993
vt 0.756613 0.819362
vt 0.401181 0.156117
vt 0.167787 0.418290
vt 0.410836 0.153485
vt 0.176425 0.418290
vt 0.158245 0.410074
vt 0.248281 0.739154
vt 0.167787 0.410074
vt 0.176425 0.410074
vt 0.412516 0.163880
vt 0.383691 0.142868
vt 0.158245 0.447878
vt 0.158245 0.133137
vt 0.127622 0.791696
vt 0.176425 0.447878
vt 0.176425 0.133137
vt 0.383698 0.133172
vt 0.167787 0.447878
vt 0.167787 0.133137
vt 0.158245 0.147517
vt 0.127622 0.769252
vt 0.176425 0.147517
vt 0.367288 0.138658
vt 0.167787 0.147517
vt 0.158245 0.140225
vt 0.127622 0.780617
vt 0.378447 0.143746
vt 0.167787 0.140225
vt 0.176425 0.140225
vt 0.375221 0.134604
vt 0.158245 0.155037
vt 0.127622 0.757475
vt 0.176425 0.155037
vt 0.360799 0.145139
vt 0.167787 0.155037
vt 0.158245 0.162726
vt 0.321093 0.726681
vt 0.127622 0.745225
vt 0.827480 0.819362
vt 0.176425 0.162726
vt 0.356523 0.153461
vt 0.167787 0.162726
vt 0.364868 0.164182
vt 0.176425 0.170942
vt 0.354843 0.163868
vt 0.167787 0.170942
vt 0.402376 0.279315
vt 0.392427 0.289703
vt 0.399467 0.286668
vt 0.333407 0.745263
vt 0.503736 0.745268
vt 0.158245 0.263057
vt 0.323045 0.875147
vt 0.158245 0.273755
vt 0.348477 0.746769
vt 0.158245 0.268479
vt 0.341008 0.746328
vt 0.158245 0.307260
vt 0.403791 0.746769
vt 0.418861 0.745263
vt 0.428967 0.745268
vt 0.158245 0.317959
vt 0.248276 0.875147
vt 0.158245 0.312537
vt 0.411260 0.746328
vt 0.167787 0.317959
vt 0.167787 0.307260
vt 0.167787 0.312537
vt 0.176425 0.317959
vt 0.412287 0.289496
vt 0.176425 0.307260
vt 0.402040 0.300137
vt 0.409219 0.296971
vt 0.176425 0.312537
vt 0.374949 0.289669
vt 0.365016 0.279271
vt 0.367932 0.286624
vt 0.176425 0.263057
vt 0.355098 0.289482
vt 0.176425 0.273755
vt 0.365399 0.300137
vt 0.176425 0.268479
vt 0.358188 0.296976
vt 0.167787 0.263057
vt 0.167787 0.273755
vt 0.167787 0.268479
vt 0.403637 0.484332
vt 0.211780 0.837993
vt 0.756639 0.735455
vt 0.211594 0.732756
vt 0.390978 0.411574
vt 0.654059 0.623147
vt 0.403637 0.411574
vt 0.211594 0.745225
vt 0.827454 0.735455
vt 0.390978 0.484332
vt 0.211780 0.850812
vt 0.654059 0.697899
vt 0.235936 0.838668
vt 0.670097 0.518669
vt 0.235936 0.850812
vt 0.682617 0.520645
vt 0.628610 0.697898
vt 0.235936 0.826282
vt 0.659300 0.513082
vt 0.235936 0.814495
vt 0.650947 0.504619
vt 0.235936 0.802929
vt 0.645765 0.494337
vt 0.235936 0.791576
vt 0.643922 0.483270
vt 0.237937 0.745221
vt 0.670097 0.447871
vt 0.237937 0.732756
vt 0.682617 0.445895
vt 0.628610 0.623148
vt 0.235936 0.756915
vt 0.659300 0.453458
vt 0.235936 0.768678
vt 0.650947 0.461921
vt 0.235936 0.780227
vt 0.645765 0.472203
vt 0.398077 0.566087
vt 0.411284 0.855798
vt 0.401010 0.559229
vt 0.403838 0.856237
vt 0.390978 0.568926
vt 0.418856 0.854738
vt 0.428950 0.854743
vt 0.398077 0.496963
vt 0.340984 0.855798
vt 0.390978 0.494123
vt 0.333412 0.854738
vt 0.503753 0.854743
vt 0.401010 0.503820
vt 0.348429 0.856237
vt 0.724976 0.364429
vt 0.575327 0.062210
vt 0.874651 0.062210
vt 0.275093 0.142293
vt 0.724976 0.085816
vt 0.346494 0.003906
vt 0.331206 0.003906
vt 0.317331 0.003906
vt 0.303346 0.003906
vt 0.289253 0.003906
vt 0.514376 0.003906
vt 0.499558 0.003906
vt 0.508947 0.003906
vt 0.503997 0.003906
vt 0.502775 0.735469
vt 0.144771 0.177086
vt 0.491473 0.735469
vt 0.144771 0.185940
vt 0.496862 0.735469
vt 0.144771 0.181744
vt 0.289253 0.617617
vt 0.303346 0.617015
vt 0.317331 0.616078
vt 0.331206 0.614911
vt 0.490010 0.620532
vt 0.494506 0.620532
vt 0.499541 0.620532
vt 0.505063 0.620532
vt 0.289253 0.102245
vt 0.303346 0.102245
vt 0.317331 0.102245
vt 0.331206 0.102245
vt 0.344358 0.102245
vt 0.495486 0.102245
vt 0.500556 0.102245
vt 0.506088 0.102245
vt 0.275093 0.102245
vt 0.490943 0.102245
vt 0.539154 0.102245
vt 0.010996 0.102245
vt 0.669739 0.306275
vt 0.657705 0.282500
vt 0.531909 0.078683
vt 0.665372 0.299852
vt 0.536037 0.096085
vt 0.724976 0.003906
vt 0.686270 0.003906
vt 0.694925 0.003906
vt 0.702549 0.003906
vt 0.710105 0.003906
vt 0.717576 0.003906
vt 0.593489 0.003906
vt 0.598715 0.003906
vt 0.595534 0.003906
vt 0.597090 0.003906
vt 0.602368 0.438040
vt 0.148409 0.189839
vt 0.596058 0.438040
vt 0.148409 0.177086
vt 0.598356 0.438040
vt 0.148409 0.181744
vt 0.717576 0.364264
vt 0.710105 0.363774
vt 0.702549 0.363002
vt 0.694925 0.362024
vt 0.600836 0.369563
vt 0.599029 0.369344
vt 0.597340 0.369217
vt 0.595132 0.369261
vt 0.717576 0.062210
vt 0.710105 0.062210
vt 0.702549 0.062210
vt 0.694925 0.062210
vt 0.687629 0.062210
vt 0.599273 0.062210
vt 0.597551 0.062210
vt 0.595304 0.062210
vt 0.601105 0.062210
vt 0.902454 0.594295
vt 0.344863 0.606068
vt 0.350898 0.607148
vt 0.902454 0.587615
vt 0.902454 0.563576
vt 0.372555 0.605448
vt 0.388155 0.602662
vt 0.902454 0.545811
vt 0.902454 0.528202
vt 0.402225 0.596619
vt 0.420435 0.577657
vt 0.902454 0.496186
vt 0.422834 0.566426
vt 0.902454 0.482285
vt 0.413358 0.588020
vt 0.902454 0.511497
vt 0.884617 0.108920
vt 0.344874 0.145972
vt 0.366941 0.122017
vt 0.884617 0.068243
vt 0.884617 0.081745
vt 0.357376 0.126928
vt 0.377750 0.120499
vt 0.884617 0.055195
vt 0.350341 0.135474
vt 0.884617 0.095417
vt 0.401585 0.122755
vt 0.884617 0.027582
vt 0.419072 0.137625
vt 0.884617 0.003906
vt 0.902454 0.003906
vt 0.423898 0.148676
vt 0.902454 0.015845
vt 0.425133 0.160804
vt 0.902454 0.028298
vt 0.411290 0.128639
vt 0.884617 0.015643
vt 0.390799 0.120616
vt 0.884617 0.040034
vt 0.343059 0.157878
vt 0.884617 0.121968
vt 0.884617 0.604650
vt 0.338942 0.595830
vt 0.902454 0.600705
vt 0.884617 0.611330
vt 0.340506 0.601846
vt 0.898703 0.545811
vt 0.661270 0.358755
vt 0.888367 0.081745
vt 0.680431 0.076780
vt 0.888367 0.068243
vt 0.674806 0.073996
vt 0.888367 0.027582
vt 0.654139 0.074489
vt 0.898703 0.496186
vt 0.641572 0.344032
vt 0.898704 0.600705
vt 0.888368 0.611330
vt 0.689498 0.358719
vt 0.344496 0.721693
vt 0.144771 0.336226
vt 0.331206 0.716962
vt 0.144771 0.350601
vt 0.317331 0.712794
vt 0.144771 0.364763
vt 0.303346 0.709449
vt 0.144771 0.378527
vt 0.289253 0.707280
vt 0.144771 0.392159
vt 0.275093 0.003906
vt 0.275093 0.617817
vt 0.724976 0.062210
vt 0.275093 0.706520
vt 0.144771 0.405640
vt 0.395946 0.735469
vt 0.144771 0.281145
vt 0.375706 0.733193
vt 0.144771 0.302071
vt 0.389409 0.735629
vt 0.144771 0.287802
vt 0.144771 0.295413
vt 0.381995 0.734776
vt 0.575327 0.003906
vt 0.874651 0.003906
vt 0.575327 0.369400
vt 0.874651 0.369371
vt 0.539154 0.735469
vt 0.010996 0.735183
vt 0.144771 0.143021
vt 0.539154 0.620532
vt 0.010996 0.620245
vt 0.575327 0.438040
vt 0.874651 0.437640
vt 0.148409 0.143021
vt 0.546225 0.003906
vt 0.003906 0.003906
vt 0.546225 0.054144
vt 0.003906 0.054158
vt 0.802415 0.447464
vt 0.434405 0.102245
vt 0.331206 0.139549
vt 0.317331 0.140644
vt 0.289253 0.142126
vt 0.303346 0.141547
vt 0.344959 0.134828
vt 0.344607 0.125923
vt 0.442515 0.003906
vt 0.493905 0.158160
vt 0.499016 0.157910
vt 0.504615 0.157933
vt 0.489337 0.158569
vt 0.539154 0.158301
vt 0.010996 0.158244
vt 0.351780 0.724313
vt 0.144771 0.328224
vt 0.599856 0.097123
vt 0.598106 0.097050
vt 0.601721 0.097277
vt 0.595814 0.097144
vt 0.575327 0.097343
vt 0.874651 0.097360
vt 0.629494 0.062210
vt 0.625504 0.003906
vt 0.684876 0.081402
vt 0.888367 0.095417
vt 0.694925 0.083983
vt 0.702549 0.084645
vt 0.717576 0.085684
vt 0.710105 0.085281
vt 0.640773 0.089729
vt 0.898704 0.015845
vt 0.888367 0.055195
vt 0.668370 0.073150
vt 0.898703 0.528202
vt 0.652752 0.355199
vt 0.898703 0.511497
vt 0.645961 0.350132
vt 0.888367 0.121968
vt 0.689875 0.093895
vt 0.898703 0.587615
vt 0.683593 0.361805
vt 0.898703 0.594295
vt 0.687213 0.361216
vt 0.486789 0.735469
vt 0.144771 0.189839
vt 0.600378 0.438040
vt 0.148409 0.185940
vt 0.148409 0.295413
vt 0.664899 0.437256
vt 0.656556 0.438040
vt 0.148409 0.281145
vt 0.717576 0.421355
vt 0.148409 0.392159
vt 0.710105 0.422515
vt 0.148409 0.378527
vt 0.798903 0.458754
vt 0.666162 0.253926
vt 0.660378 0.254607
vt 0.793338 0.457260
vt 0.648209 0.258864
vt 0.785399 0.447464
vt 0.528000 0.053421
vt 0.654107 0.256366
vt 0.788394 0.453125
vt 0.724976 0.420937
vt 0.148409 0.405640
vt 0.694925 0.426674
vt 0.148409 0.350601
vt 0.148409 0.336226
vt 0.687262 0.429390
vt 0.668658 0.436143
vt 0.148409 0.302071
vt 0.702549 0.424299
vt 0.148409 0.364763
vt 0.148409 0.287802
vt 0.660459 0.437898
vt 0.148409 0.328224
vt 0.682920 0.431057
vt 0.639948 0.096925
vt 0.898704 0.028298
vt 0.687932 0.087386
vt 0.888367 0.108920
vt 0.888367 0.015643
vt 0.648361 0.077911
vt 0.888368 0.604650
vt 0.689875 0.354992
vt 0.888367 0.040034
vt 0.660570 0.073275
vt 0.898703 0.563576
vt 0.670613 0.360639
vt 0.898703 0.482285
vt 0.639948 0.337448
vt 0.888368 0.003906
vt 0.898704 0.003906
vt 0.643714 0.083192
vt 0.203675 0.003906
vt 0.218973 0.003906
vt 0.232851 0.003906
vt 0.246838 0.003906
vt 0.260933 0.003906
vt 0.035742 0.003906
vt 0.050559 0.003906
vt 0.041170 0.003906
vt 0.046120 0.003906
vt 0.047360 0.735183
vt 0.144771 0.177086
vt 0.058657 0.735183
vt 0.144771 0.185940
vt 0.053271 0.735183
vt 0.144771 0.181744
vt 0.260933 0.617592
vt 0.246838 0.616964
vt 0.232851 0.615999
vt 0.218973 0.614798
vt 0.060143 0.620245
vt 0.055646 0.620245
vt 0.050611 0.620245
vt 0.045089 0.620245
vt 0.260933 0.102245
vt 0.246838 0.102245
vt 0.232851 0.102245
vt 0.218973 0.102245
vt 0.205687 0.102245
vt 0.054678 0.102245
vt 0.049607 0.102245
vt 0.044074 0.102245
vt 0.059222 0.102245
vt 0.657705 0.282500
vt 0.018241 0.078690
vt 0.665372 0.299852
vt 0.014122 0.096088
vt 0.763690 0.003906
vt 0.755028 0.003906
vt 0.747404 0.003906
vt 0.739848 0.003906
vt 0.732376 0.003906
vt 0.856514 0.003906
vt 0.851303 0.003906
vt 0.854472 0.003906
vt 0.852921 0.003906
vt 0.847096 0.437640
vt 0.148409 0.189839
vt 0.853554 0.437640
vt 0.148409 0.177086
vt 0.851209 0.437640
vt 0.148409 0.181744
vt 0.732376 0.364253
vt 0.739848 0.363753
vt 0.747404 0.362979
vt 0.755028 0.362007
vt 0.849227 0.369949
vt 0.851032 0.369611
vt 0.852719 0.369361
vt 0.854923 0.369285
vt 0.732376 0.062210
vt 0.739848 0.062210
vt 0.747404 0.062210
vt 0.755028 0.062210
vt 0.762325 0.062210
vt 0.850702 0.062210
vt 0.852423 0.062210
vt 0.854671 0.062210
vt 0.848872 0.062210
vt 0.692918 0.965429
vt 0.205332 0.605922
vt 0.199302 0.606998
vt 0.692918 0.959493
vt 0.692918 0.938130
vt 0.177654 0.605262
vt 0.162052 0.602452
vt 0.692918 0.922343
vt 0.692918 0.906695
vt 0.147963 0.596402
vt 0.129721 0.577442
vt 0.692918 0.878243
vt 0.127329 0.566202
vt 0.692918 0.865890
vt 0.136810 0.587802
vt 0.692918 0.891850
vt 0.711225 0.529079
vt 0.205330 0.144003
vt 0.183795 0.122102
vt 0.711225 0.492931
vt 0.711225 0.504930
vt 0.193478 0.126700
vt 0.172832 0.120657
vt 0.711225 0.481335
vt 0.200795 0.134129
vt 0.711225 0.517080
vt 0.148674 0.122923
vt 0.711225 0.456796
vt 0.131083 0.137701
vt 0.711225 0.435757
vt 0.692918 0.440773
vt 0.126255 0.148720
vt 0.692918 0.451382
vt 0.125015 0.160817
vt 0.692918 0.462448
vt 0.138890 0.128752
vt 0.711225 0.446187
vt 0.159568 0.120845
vt 0.711225 0.467863
vt 0.206924 0.155237
vt 0.711225 0.540675
vt 0.711225 0.969620
vt 0.211229 0.595633
vt 0.692918 0.971126
vt 0.711225 0.975556
vt 0.209681 0.601698
vt 0.697139 0.922343
vt 0.789290 0.358920
vt 0.707005 0.504930
vt 0.769540 0.076723
vt 0.707005 0.492931
vt 0.775161 0.073959
vt 0.707005 0.456796
vt 0.795816 0.074461
vt 0.697139 0.878243
vt 0.808532 0.344407
vt 0.697139 0.971126
vt 0.707005 0.975556
vt 0.760505 0.358652
vt 0.205650 0.721573
vt 0.144771 0.336226
vt 0.218973 0.716861
vt 0.144771 0.350601
vt 0.232851 0.712704
vt 0.144771 0.364763
vt 0.246838 0.709383
vt 0.144771 0.378527
vt 0.260933 0.707247
vt 0.144771 0.392159
vt 0.154139 0.735183
vt 0.144771 0.281145
vt 0.174388 0.733006
vt 0.144771 0.302071
vt 0.160677 0.735375
vt 0.144771 0.287802
vt 0.144771 0.295413
vt 0.168095 0.734554
vt 0.115750 0.102245
vt 0.218973 0.138747
vt 0.232851 0.140171
vt 0.260933 0.142011
vt 0.246838 0.141287
vt 0.206122 0.134104
vt 0.205993 0.125022
vt 0.107601 0.003906
vt 0.056243 0.158110
vt 0.051133 0.157859
vt 0.045534 0.157880
vt 0.060811 0.158520
vt 0.198351 0.724162
vt 0.144771 0.328224
vt 0.850111 0.097162
vt 0.851861 0.097081
vt 0.848246 0.097326
vt 0.854153 0.097167
vt 0.820504 0.062210
vt 0.824515 0.003906
vt 0.765092 0.081331
vt 0.707005 0.517080
vt 0.755028 0.083892
vt 0.747404 0.084577
vt 0.732376 0.085662
vt 0.739848 0.085236
vt 0.809215 0.089710
vt 0.697139 0.451382
vt 0.707005 0.481335
vt 0.781594 0.073119
vt 0.697139 0.906695
vt 0.797623 0.355439
vt 0.697139 0.891850
vt 0.804262 0.350452
vt 0.707005 0.540675
vt 0.760079 0.093748
vt 0.697139 0.959493
vt 0.766534 0.361729
vt 0.697139 0.965429
vt 0.762853 0.361099
vt 0.063339 0.735183
vt 0.144771 0.189839
vt 0.849138 0.437640
vt 0.148409 0.185940
vt 0.148409 0.295413
vt 0.784401 0.437131
vt 0.792556 0.437640
vt 0.148409 0.281145
vt 0.732376 0.421379
vt 0.148409 0.392159
vt 0.739848 0.422552
vt 0.148409 0.378527
vt 0.805978 0.458758
vt 0.666162 0.253926
vt 0.660378 0.254607
vt 0.811540 0.457249
vt 0.648209 0.258864
vt 0.022137 0.053427
vt 0.819421 0.447464
vt 0.654107 0.256366
vt 0.816462 0.453109
vt 0.755028 0.426661
vt 0.148409 0.350601
vt 0.148409 0.336226
vt 0.762535 0.429307
vt 0.780726 0.436173
vt 0.148409 0.302071
vt 0.747404 0.424324
vt 0.148409 0.364763
vt 0.148409 0.287802
vt 0.788727 0.437665
vt 0.148409 0.328224
vt 0.766781 0.430818
vt 0.810042 0.096923
vt 0.697139 0.462448
vt 0.762031 0.087266
vt 0.707005 0.529079
vt 0.707005 0.446187
vt 0.801600 0.077882
vt 0.707005 0.969620
vt 0.760079 0.354980
vt 0.707005 0.467863
vt 0.789396 0.073243
vt 0.697139 0.938130
vt 0.779737 0.360622
vt 0.697139 0.865890
vt 0.810042 0.337814
vt 0.707005 0.435757
vt 0.697139 0.440773
vt 0.806262 0.083162
s 1
usemtl MAG
f 478/956/88 500/1007/88 501/1010/88 479/957/88
f 465/924/89 466/927/89 478/955/89 475/946/89
f 468/933/90 472/941/91 471/938/92
f 482/967/93 480/959/89 479/958/89
f 473/942/94 484/970/95 483/968/96 474/944/97
f 476/951/88 498/1003/88 489/983/98 467/930/98
f 504/1021/93 501/1012/89 502/1013/89
f 490/984/99 494/992/100 472/940/100 468/932/99
f 475/946/89 481/962/89 477/952/89 465/924/89
f 472/940/100 494/992/100 496/997/101 474/945/101
f 500/1008/89 478/955/89 466/927/89 488/980/89
f 476/949/102 482/967/93 504/1021/93 498/1001/102
f 482/965/103 476/950/103 477/953/103 481/963/103
f 487/976/104 488/979/104 493/991/105 489/982/106
f 469/934/107 491/987/108 507/1026/109 485/972/110
f 480/960/111 482/966/111 481/964/111 475/947/111
f 478/956/103 479/957/103 480/961/103 475/948/103
f 486/974/112 470/936/113 469/934/107 485/972/110
f 473/942/94 470/936/113 486/974/112 484/970/95
f 474/944/97 483/968/96 471/938/92 472/941/91
f 489/983/98 490/984/99 468/932/99 467/930/98
f 467/931/114 468/933/90 471/938/92
f 483/969/111 505/1023/111 493/990/111 471/939/111
f 467/930/98 465/926/88 476/951/88
f 470/937/115 492/988/115 491/986/116 469/935/116
f 495/995/117 492/988/115 470/937/115 473/943/117
f 499/1004/88 487/978/88 498/1003/88
f 487/977/89 497/998/89 500/1008/89 488/980/89
f 490/985/118 493/991/105 494/993/119
f 495/994/120 496/996/121 505/1022/122 506/1024/123
f 471/938/92 466/928/124 465/925/124 467/931/114
f 497/998/89 487/977/89 499/1005/89 503/1016/89
f 504/1019/125 503/1017/125 499/1006/125 498/1002/125
f 471/939/111 493/990/111 488/981/111 466/929/111
f 502/1014/111 497/999/111 503/1018/111 504/1020/111
f 500/1009/125 497/1000/125 502/1015/125 501/1011/125
f 508/1028/126 507/1026/109 491/987/108 492/989/127
f 495/994/120 506/1024/123 508/1028/126 492/989/127
f 496/996/121 494/993/119 493/991/105 505/1022/122
f 489/982/106 493/991/105 490/985/118
f 489/983/98 498/1003/88 487/978/88
f 504/1021/93 482/967/93 479/958/89 501/1012/89
f 477/954/88 476/951/88 465/926/88
f 474/945/101 496/997/101 495/995/117 473/943/117
f 484/971/111 506/1025/111 505/1023/111 483/969/111
f 486/975/111 508/1029/111 506/1025/111 484/971/111
f 485/973/111 507/1027/111 508/1029/111 486/975/111
f 606/1234/88 605/1232/128 511/1035/128 509/1031/88
f 513/1038/129 543/1101/129 542/1099/130 511/1034/130
f 523/1058/131 548/1111/131 547/1109/132 521/1054/132
f 533/1081/133 553/1123/133 552/1121/134 531/1077/134
f 519/1050/135 546/1107/135 545/1105/136 517/1046/136
f 529/1073/137 551/1119/137 550/1117/138 527/1069/138
f 539/1093/139 556/1129/139 555/1128/140 537/1090/140
f 515/1042/141 544/1103/141 543/1101/129 513/1038/129
f 525/1062/142 549/1113/142 548/1111/131 523/1058/131
f 511/1034/130 542/1099/130 541/1097/143 509/1030/143
f 535/1086/144 554/1126/144 553/1123/133 533/1081/133
f 521/1054/132 547/1109/132 546/1107/135 519/1050/135
f 531/1077/134 552/1121/134 551/1119/137 529/1073/137
f 509/1030/143 541/1097/143 556/1129/139 539/1093/139
f 517/1046/136 545/1105/136 544/1103/141 515/1042/141
f 527/1069/138 550/1117/138 549/1114/142 525/1063/142
f 550/1118/145 566/1150/145 565/1147/111 549/1115/111
f 543/1102/146 559/1135/146 558/1133/128 542/1100/128
f 551/1120/147 567/1152/147 566/1150/145 550/1118/145
f 544/1104/148 560/1137/148 559/1135/146 543/1102/146
f 552/1122/149 568/1154/149 567/1152/147 551/1120/147
f 545/1106/125 561/1139/125 560/1137/148 544/1104/148
f 553/1124/103 569/1156/103 568/1154/149 552/1122/149
f 546/1108/150 562/1141/150 561/1139/125 545/1106/125
f 554/1125/151 570/1158/151 569/1156/103 553/1124/103
f 547/1110/152 563/1143/152 562/1141/150 546/1108/150
f 555/1127/153 571/1160/153 570/1158/151 554/1125/151
f 548/1112/154 564/1145/154 563/1143/152 547/1110/152
f 556/1130/155 572/1163/155 571/1160/153 555/1127/153
f 549/1116/111 565/1148/111 564/1145/154 548/1112/154
f 542/1100/128 558/1133/128 557/1132/88 541/1098/88
f 571/1161/156 587/1193/156 586/1191/156 570/1159/156
f 564/1146/156 580/1178/156 579/1177/156 563/1144/156
f 572/1162/156 588/1195/156 587/1193/156 571/1161/156
f 565/1149/156 581/1180/156 580/1178/156 564/1146/156
f 558/1134/156 574/1166/156 573/1164/156 557/1131/156
f 557/1131/156 573/1164/156 588/1195/156 572/1162/156
f 566/1151/156 582/1183/156 581/1180/156 565/1149/156
f 559/1136/156 575/1168/156 574/1166/156 558/1134/156
f 567/1153/156 583/1185/156 582/1183/156 566/1151/156
f 560/1138/156 576/1170/156 575/1168/156 559/1136/156
f 568/1155/156 584/1187/156 583/1185/156 567/1153/156
f 561/1140/156 577/1172/156 576/1170/156 560/1138/156
f 569/1157/156 585/1189/156 584/1187/156 568/1155/156
f 562/1142/156 578/1175/156 577/1172/156 561/1140/156
f 570/1159/156 586/1191/156 585/1189/156 569/1157/156
f 577/1173/125 593/1205/125 592/1203/148 576/1171/148
f 585/1190/103 601/1223/103 600/1222/149 584/1188/149
f 578/1174/150 594/1207/150 593/1205/125 577/1173/125
f 586/1192/151 602/1225/151 601/1223/103 585/1190/103
f 579/1176/152 595/1209/152 594/1207/150 578/1174/150
f 587/1194/153 603/1227/153 602/1225/151 586/1192/151
f 580/1179/154 596/1211/154 595/1209/152 579/1176/152
f 588/1196/155 604/1229/155 603/1227/153 587/1194/153
f 581/1181/111 597/1213/111 596/1211/154 580/1179/154
f 574/1167/128 590/1199/128 589/1197/88 573/1165/88
f 573/1165/88 589/1197/88 604/1229/155 588/1196/155
f 582/1184/145 598/1217/145 597/1214/111 581/1182/111
f 575/1169/146 591/1201/146 590/1199/128 574/1167/128
f 583/1186/147 599/1220/147 598/1217/145 582/1184/145
f 576/1171/148 592/1203/148 591/1201/146 575/1169/146
f 598/1218/157 703/1376/157 702/1373/158 597/1215/158
f 591/1202/159 696/1361/159 695/1359/160 590/1200/160
f 599/1219/161 704/1378/161 703/1376/157 598/1218/157
f 592/1204/162 697/1363/162 696/1361/159 591/1202/159
f 600/1221/163 705/1380/163 704/1378/161 599/1219/161
f 593/1206/164 698/1365/164 697/1363/162 592/1204/162
f 601/1224/165 706/1382/165 705/1380/163 600/1221/163
f 594/1208/166 699/1367/166 698/1365/164 593/1206/164
f 602/1226/167 707/1384/167 706/1382/165 601/1224/165
f 595/1210/168 700/1369/168 699/1367/166 594/1208/166
f 603/1228/169 708/1386/169 707/1384/167 602/1226/167
f 596/1212/170 701/1371/170 700/1369/168 595/1210/168
f 604/1230/171 709/1388/171 708/1386/169 603/1228/169
f 597/1216/158 702/1374/158 701/1371/170 596/1212/170
f 590/1200/160 695/1359/160 694/1357/172 589/1198/172
f 605/1231/156 606/1233/156 510/1033/156 512/1036/156
f 636/1280/173 635/1279/174 651/1296/175 652/1297/176
f 530/1075/177 528/1071/178 630/1274/179 631/1275/180
f 516/1044/181 514/1041/182 623/1266/183 624/1267/184
f 532/1079/185 530/1075/177 631/1275/180 632/1276/186
f 518/1048/187 516/1044/181 624/1267/184 625/1268/188
f 534/1083/189 532/1079/185 632/1276/186 633/1277/190
f 520/1052/191 518/1048/187 625/1268/188 626/1269/192
f 536/1087/193 534/1083/189 633/1277/190 634/1278/194
f 522/1056/195 520/1052/191 626/1269/192 627/1270/196
f 538/1091/197 536/1087/193 634/1278/194 635/1279/174
f 524/1060/198 522/1056/195 627/1270/196 628/1271/199
f 540/1095/200 538/1091/197 635/1279/174 636/1280/173
f 526/1066/201 524/1060/198 628/1271/199 629/1272/202
f 512/1037/203 510/1032/204 621/1264/205 622/1265/206
f 510/1032/204 540/1095/200 636/1280/173 621/1264/205
f 528/1071/178 526/1067/201 629/1273/202 630/1274/179
f 650/1295/207 649/1294/208 665/1311/209 666/1312/210
f 629/1272/202 628/1271/199 644/1288/211 645/1289/212
f 622/1265/206 621/1264/205 637/1281/213 638/1282/214
f 621/1264/205 636/1280/173 652/1297/176 637/1281/213
f 630/1274/179 629/1273/202 645/1290/212 646/1291/215
f 623/1266/183 622/1265/206 638/1282/214 639/1283/216
f 631/1275/180 630/1274/179 646/1291/215 647/1292/217
f 624/1267/184 623/1266/183 639/1283/216 640/1284/218
f 632/1276/186 631/1275/180 647/1292/217 648/1293/219
f 625/1268/188 624/1267/184 640/1284/218 641/1285/220
f 633/1277/190 632/1276/186 648/1293/219 649/1294/208
f 626/1269/192 625/1268/188 641/1285/220 642/1286/221
f 634/1278/194 633/1277/190 649/1294/208 650/1295/207
f 627/1270/196 626/1269/192 642/1286/221 643/1287/222
f 635/1279/174 634/1278/194 650/1295/207 651/1296/175
f 628/1271/199 627/1270/196 643/1287/222 644/1288/211
f 656/1301/223 655/1300/224 671/1319/225 672/1321/226
f 643/1287/222 642/1286/221 658/1303/227 659/1304/228
f 651/1296/175 650/1295/207 666/1312/210 667/1313/229
f 644/1288/211 643/1287/222 659/1304/228 660/1305/230
f 652/1297/176 651/1296/175 667/1313/229 668/1314/231
f 645/1289/212 644/1288/211 660/1305/230 661/1306/232
f 638/1282/214 637/1281/213 653/1298/233 654/1299/234
f 637/1281/213 652/1297/176 668/1314/231 653/1298/233
f 646/1291/215 645/1290/212 661/1307/232 662/1308/235
f 639/1283/216 638/1282/214 654/1299/234 655/1300/224
f 647/1292/217 646/1291/215 662/1308/235 663/1309/236
f 640/1284/218 639/1283/216 655/1300/224 656/1301/223
f 648/1293/219 647/1292/217 663/1309/236 664/1310/237
f 641/1285/220 640/1284/218 656/1301/223 657/1302/238
f 649/1294/208 648/1293/219 664/1310/237 665/1311/209
f 642/1286/221 641/1285/220 657/1302/238 658/1303/227
f 683/1344/239 682/1343/240 685/1348/241 684/1347/242
f 664/1310/237 663/1309/236 679/1336/243 680/1338/244
f 657/1302/238 656/1301/223 672/1321/226 673/1323/245
f 665/1311/209 664/1310/237 680/1338/244 681/1340/246
f 658/1303/227 657/1302/238 673/1323/245 674/1325/247
f 666/1312/210 665/1311/209 681/1340/246 682/1342/240
f 659/1304/228 658/1303/227 674/1325/247 675/1327/248
f 667/1313/229 666/1312/210 682/1342/240 683/1345/239
f 660/1305/230 659/1304/228 675/1327/248 676/1329/249
f 668/1314/231 667/1313/229 683/1345/239 684/1346/242
f 661/1306/232 660/1305/230 676/1329/249 677/1331/250
f 654/1299/234 653/1298/233 669/1315/251 670/1317/252
f 653/1298/233 668/1314/231 684/1346/242 669/1315/251
f 662/1308/235 661/1307/232 677/1332/250 678/1334/253
f 655/1300/224 654/1299/234 670/1317/252 671/1319/225
f 663/1309/236 662/1308/235 678/1334/253 679/1336/243
f 682/1343/240 681/1341/246 688/1351/254 685/1348/241
f 681/1341/246 680/1339/244 691/1354/255 688/1351/254
f 680/1339/244 679/1337/243 678/1335/253 691/1354/255
f 684/1347/242 685/1348/241 686/1349/256 669/1316/251
f 685/1348/241 688/1351/254 689/1352/156 686/1349/256
f 688/1351/254 691/1354/255 692/1355/257 689/1352/156
f 691/1354/255 678/1335/253 677/1333/250 692/1355/257
f 669/1316/251 686/1349/256 687/1350/258 670/1318/252
f 686/1349/256 689/1352/156 690/1353/259 687/1350/258
f 689/1352/156 692/1355/257 693/1356/260 690/1353/259
f 692/1355/257 677/1333/250 676/1330/249 693/1356/260
f 670/1318/252 687/1350/258 672/1322/226 671/1320/225
f 687/1350/258 690/1353/259 673/1324/245 672/1322/226
f 690/1353/259 693/1356/260 674/1326/247 673/1324/245
f 693/1356/260 676/1330/249 675/1328/248 674/1326/247
f 607/1235/156 605/1231/156 512/1036/156 514/1040/156
f 608/1237/156 607/1235/156 514/1040/156 516/1045/156
f 609/1239/156 608/1237/156 516/1045/156 518/1049/156
f 610/1241/156 609/1239/156 518/1049/156 520/1053/156
f 611/1243/156 610/1241/156 520/1053/156 522/1057/156
f 612/1245/156 611/1243/156 522/1057/156 524/1061/156
f 613/1247/156 612/1245/156 524/1061/156 526/1068/156
f 614/1250/156 613/1247/156 526/1068/156 528/1072/156
f 615/1252/156 614/1250/156 528/1072/156 530/1076/156
f 616/1254/156 615/1252/156 530/1076/156 532/1080/156
f 617/1256/156 616/1254/156 532/1080/156 534/1084/156
f 618/1258/156 617/1256/156 534/1084/156 536/1088/156
f 619/1260/156 618/1258/156 536/1088/156 538/1092/156
f 620/1262/156 619/1260/156 538/1092/156 540/1096/156
f 510/1033/156 606/1233/156 620/1262/156 540/1096/156
f 514/1041/182 512/1037/203 622/1265/206 623/1266/183
f 511/1035/128 605/1232/128 607/1236/146 513/1039/146
f 513/1039/146 607/1236/146 608/1238/148 515/1043/148
f 515/1043/148 608/1238/148 609/1240/125 517/1047/125
f 517/1047/125 609/1240/125 610/1242/150 519/1051/150
f 519/1051/150 610/1242/150 611/1244/152 521/1055/152
f 521/1055/152 611/1244/152 612/1246/154 523/1059/154
f 523/1059/154 612/1246/154 613/1248/111 525/1064/111
f 525/1065/111 613/1249/111 614/1251/145 527/1070/145
f 527/1070/145 614/1251/145 615/1253/147 529/1074/147
f 529/1074/147 615/1253/147 616/1255/149 531/1078/149
f 531/1078/149 616/1255/149 617/1257/103 533/1082/103
f 533/1082/103 617/1257/103 618/1259/151 535/1085/151
f 535/1085/151 618/1259/151 619/1261/153 537/1089/153
f 537/1089/153 619/1261/153 620/1263/155 539/1094/155
f 539/1094/155 620/1263/155 606/1234/88 509/1031/88
f 537/1090/140 555/1128/140 554/1126/144 535/1086/144
f 541/1098/88 557/1132/88 572/1163/155 556/1130/155
f 563/1144/156 579/1177/156 578/1175/156 562/1142/156
f 584/1188/149 600/1222/149 599/1220/147 583/1186/147
f 589/1198/172 694/1357/172 709/1388/171 604/1230/171
f 708/1387/261 697/1364/261 698/1366/261 707/1385/261
f 709/1389/261 696/1362/261 697/1364/261 708/1387/261
f 704/1379/261 701/1372/261 702/1375/261 703/1377/261
f 694/1358/261 695/1360/261 696/1362/261 709/1389/261
f 707/1385/261 698/1366/261 699/1368/261 706/1383/261
f 706/1383/261 699/1368/261 700/1370/261 705/1381/261
f 705/1381/261 700/1370/261 701/1372/261 704/1379/261
f 828/1524/262 903/1599/263 716/1396/264
f 755/1451/265 710/1390/266 713/1393/267 865/1561/268
f 754/1450/269 711/1391/269 710/1390/266 755/1451/265
f 902/1598/270 717/1397/271 716/1396/264 903/1599/263
f 976/1672/272 715/1395/272 714/1394/273 977/1673/274
f 975/1671/275 719/1399/276 718/1398/277
f 973/1669/275 721/1403/276 720/1400/277
f 971/1667/275 723/1405/276 722/1404/277
f 969/1665/275 725/1409/276 724/1406/277
f 967/1663/275 727/1411/276 726/1410/277
f 965/1661/275 729/1415/276 728/1412/277
f 963/1659/275 731/1417/276 730/1416/277
f 961/1657/275 733/1421/276 732/1418/277
f 959/1655/275 735/1423/276 734/1422/277
f 957/1653/275 737/1427/276 736/1424/277
f 955/1651/275 739/1429/276 738/1428/277
f 953/1649/275 741/1433/276 740/1430/277
f 951/1647/275 743/1435/276 742/1434/277
f 949/1645/275 745/1439/276 744/1436/277
f 947/1643/275 747/1441/276 746/1440/277
f 945/1641/275 749/1445/276 748/1442/277
f 943/1639/275 751/1447/276 750/1446/277
f 941/1637/275 753/1449/276 752/1448/277
f 802/1498/262 801/1497/278 929/1625/263
f 792/1488/262 712/1392/278 939/1635/263 938/1634/264
f 940/1636/279 941/1637/275 1012/1708/273 1013/1709/274
f 942/1638/279 943/1639/275 1010/1706/273 1011/1707/274
f 944/1640/279 945/1641/275 1008/1704/273 1009/1705/274
f 946/1642/279 947/1643/275 1006/1702/273 1007/1703/274
f 948/1644/279 949/1645/275 1004/1700/273 1005/1701/274
f 950/1646/279 951/1647/275 1002/1698/273 1003/1699/274
f 952/1648/279 953/1649/275 1000/1696/273 1001/1697/274
f 954/1650/279 955/1651/275 998/1694/273 999/1695/274
f 956/1652/279 957/1653/275 996/1692/273 997/1693/274
f 958/1654/279 959/1655/275 994/1690/273 995/1691/274
f 960/1656/279 961/1657/275 992/1688/273 993/1689/274
f 962/1658/279 963/1659/275 990/1686/273 991/1687/274
f 964/1660/279 965/1661/275 988/1684/273 989/1685/274
f 966/1662/279 967/1663/275 986/1682/273 987/1683/274
f 968/1664/279 969/1665/275 984/1680/273 985/1681/274
f 970/1666/279 971/1667/275 982/1678/273 983/1679/274
f 972/1668/279 973/1669/275 980/1676/273 981/1677/274
f 974/1670/279 975/1671/275 978/1674/273 979/1675/274
f 866/1562/270 867/1563/271 938/1634/264 939/1635/263
f 798/1494/262 797/1493/278 933/1629/263
f 868/1564/270 869/1565/271 936/1632/264 937/1633/263
f 870/1566/270 871/1567/271 934/1630/264 935/1631/263
f 872/1568/270 873/1569/271 932/1628/264 933/1629/263
f 874/1570/270 875/1571/271 930/1626/264 931/1627/263
f 876/1572/270 877/1573/271 928/1624/264 929/1625/263
f 878/1574/270 879/1575/271 926/1622/264 927/1623/263
f 880/1576/270 881/1577/271 924/1620/264 925/1621/263
f 882/1578/270 883/1579/271 922/1618/264 923/1619/263
f 884/1580/270 885/1581/271 920/1616/264 921/1617/263
f 886/1582/270 887/1583/271 918/1614/264 919/1615/263
f 888/1584/270 889/1585/271 916/1612/264 917/1613/263
f 890/1586/270 891/1587/271 914/1610/264 915/1611/263
f 892/1588/270 893/1589/271 912/1608/264 913/1609/263
f 894/1590/270 895/1591/271 910/1606/264 911/1607/263
f 896/1592/270 897/1593/271 908/1604/264 909/1605/263
f 898/1594/270 899/1595/271 906/1602/264 907/1603/263
f 900/1596/270 901/1597/271 904/1600/264 905/1601/263
f 712/1392/278 792/1488/262 865/1561/268 713/1393/267
f 793/1489/278 794/1490/262 863/1559/268 864/1560/267
f 795/1491/278 796/1492/262 861/1557/268 862/1558/267
f 797/1493/278 798/1494/262 859/1555/268 860/1556/267
f 799/1495/278 800/1496/262 857/1553/268 858/1554/267
f 801/1497/278 802/1498/262 855/1551/268 856/1552/267
f 803/1499/278 804/1500/262 853/1549/268 854/1550/267
f 805/1501/278 806/1502/262 851/1547/268 852/1548/267
f 807/1503/278 808/1504/262 849/1545/268 850/1546/267
f 809/1505/278 810/1506/262 847/1543/268 848/1544/267
f 811/1507/278 812/1508/262 845/1541/268 846/1542/267
f 813/1509/278 814/1510/262 843/1539/268 844/1540/267
f 815/1511/278 816/1512/262 841/1537/268 842/1538/267
f 817/1513/278 818/1514/262 839/1535/268 840/1536/267
f 819/1515/278 820/1516/262 837/1533/268 838/1534/267
f 821/1517/278 822/1518/262 835/1531/268 836/1532/267
f 823/1519/278 824/1520/262 833/1529/268 834/1530/267
f 825/1521/278 826/1522/262 831/1527/268 832/1528/267
f 827/1523/278 828/1524/262 829/1525/268 830/1526/267
f 718/1398/277 719/1399/276 790/1486/266 791/1487/265
f 720/1401/277 721/1402/276 788/1484/266 789/1485/265
f 722/1404/277 723/1405/276 786/1482/266 787/1483/265
f 724/1407/277 725/1408/276 784/1480/266 785/1481/265
f 726/1410/277 727/1411/276 782/1478/266 783/1479/265
f 728/1413/277 729/1414/276 780/1476/266 781/1477/265
f 730/1416/277 731/1417/276 778/1474/266 779/1475/265
f 732/1419/277 733/1420/276 776/1472/266 777/1473/265
f 734/1422/277 735/1423/276 774/1470/266 775/1471/265
f 736/1425/277 737/1426/276 772/1468/266 773/1469/265
f 738/1428/277 739/1429/276 770/1466/266 771/1467/265
f 740/1431/277 741/1432/276 768/1464/266 769/1465/265
f 742/1434/277 743/1435/276 766/1462/266 767/1463/265
f 744/1437/277 745/1438/276 764/1460/266 765/1461/265
f 746/1440/277 747/1441/276 762/1458/266 763/1459/265
f 748/1443/277 749/1444/276 760/1456/266 761/1457/265
f 750/1446/277 751/1447/276 758/1454/266 759/1455/265
f 752/1448/277 753/1449/276 756/1452/266 757/1453/265
f 800/1496/262 799/1495/278 931/1627/263
f 791/1487/265 790/1486/266 830/1526/267 829/1525/268
f 789/1485/265 788/1484/266 832/1528/267 831/1527/268
f 787/1483/265 786/1482/266 834/1530/267 833/1529/268
f 785/1481/265 784/1480/266 836/1532/267 835/1531/268
f 783/1479/265 782/1478/266 838/1534/267 837/1533/268
f 781/1477/265 780/1476/266 840/1536/267 839/1535/268
f 779/1475/265 778/1474/266 842/1538/267 841/1537/268
f 777/1473/265 776/1472/266 844/1540/267 843/1539/268
f 775/1471/265 774/1470/266 846/1542/267 845/1541/268
f 773/1469/265 772/1468/266 848/1544/267 847/1543/268
f 771/1467/265 770/1466/266 850/1546/267 849/1545/268
f 769/1465/265 768/1464/266 852/1548/267 851/1547/268
f 767/1463/265 766/1462/266 854/1550/267 853/1549/268
f 765/1461/265 764/1460/266 856/1552/267 855/1551/268
f 763/1459/265 762/1458/266 858/1554/267 857/1553/268
f 761/1457/265 760/1456/266 860/1556/267 859/1555/268
f 759/1455/265 758/1454/266 862/1558/267 861/1557/268
f 757/1453/265 756/1452/266 864/1560/267 863/1559/268
f 794/1490/262 793/1489/278 937/1633/263
f 717/1397/271 902/1598/270 977/1673/274 714/1394/273
f 901/1597/271 900/1596/270 979/1675/274 978/1674/273
f 899/1595/271 898/1594/270 981/1677/274 980/1676/273
f 897/1593/271 896/1592/270 983/1679/274 982/1678/273
f 895/1591/271 894/1590/270 985/1681/274 984/1680/273
f 893/1589/271 892/1588/270 987/1683/274 986/1682/273
f 891/1587/271 890/1586/270 989/1685/274 988/1684/273
f 889/1585/271 888/1584/270 991/1687/274 990/1686/273
f 887/1583/271 886/1582/270 993/1689/274 992/1688/273
f 885/1581/271 884/1580/270 995/1691/274 994/1690/273
f 883/1579/271 882/1578/270 997/1693/274 996/1692/273
f 881/1577/271 880/1576/270 999/1695/274 998/1694/273
f 879/1575/271 878/1574/270 1001/1697/274 1000/1696/273
f 877/1573/271 876/1572/270 1003/1699/274 1002/1698/273
f 875/1571/271 874/1570/270 1005/1701/274 1004/1700/273
f 873/1569/271 872/1568/270 1007/1703/274 1006/1702/273
f 871/1567/271 870/1566/270 1009/1705/274 1008/1704/273
f 869/1565/271 868/1564/270 1011/1707/274 1010/1706/273
f 867/1563/271 866/1562/270 1013/1709/274 1012/1708/273
f 941/1637/275 940/1636/279 753/1449/276
f 796/1492/262 795/1491/278 935/1631/263
f 794/1490/262 937/1633/263 936/1632/264
f 796/1492/262 935/1631/263 934/1630/264
f 798/1494/262 933/1629/263 932/1628/264
f 800/1496/262 931/1627/263 930/1626/264
f 802/1498/262 929/1625/263 928/1624/264
f 804/1500/262 927/1623/263 926/1622/264
f 806/1502/262 925/1621/263 924/1620/264
f 808/1504/262 923/1619/263 922/1618/264
f 810/1506/262 921/1617/263 920/1616/264
f 812/1508/262 919/1615/263 918/1614/264
f 814/1510/262 917/1613/263 916/1612/264
f 816/1512/262 915/1611/263 914/1610/264
f 818/1514/262 913/1609/263 912/1608/264
f 820/1516/262 911/1607/263 910/1606/264
f 822/1518/262 909/1605/263 908/1604/264
f 824/1520/262 907/1603/263 906/1602/264
f 826/1522/262 905/1601/263 904/1600/264
f 804/1500/262 803/1499/278 927/1623/263
f 806/1502/262 805/1501/278 925/1621/263
f 808/1504/262 807/1503/278 923/1619/263
f 810/1506/262 809/1505/278 921/1617/263
f 812/1508/262 811/1507/278 919/1615/263
f 814/1510/262 813/1509/278 917/1613/263
f 816/1512/262 815/1511/278 915/1611/263
f 818/1514/262 817/1513/278 913/1609/263
f 820/1516/262 819/1515/278 911/1607/263
f 822/1518/262 821/1517/278 909/1605/263
f 824/1520/262 823/1519/278 907/1603/263
f 826/1522/262 825/1521/278 905/1601/263
f 828/1524/262 827/1523/278 903/1599/263
f 943/1639/275 942/1638/279 751/1447/276
f 945/1641/275 944/1640/279 749/1445/276
f 947/1643/275 946/1642/279 747/1441/276
f 949/1645/275 948/1644/279 745/1439/276
f 951/1647/275 950/1646/279 743/1435/276
f 953/1649/275 952/1648/279 741/1433/276
f 955/1651/275 954/1650/279 739/1429/276
f 957/1653/275 956/1652/279 737/1427/276
f 959/1655/275 958/1654/279 735/1423/276
f 961/1657/275 960/1656/279 733/1421/276
f 963/1659/275 962/1658/279 731/1417/276
f 965/1661/275 964/1660/279 729/1415/276
f 967/1663/275 966/1662/279 727/1411/276
f 969/1665/275 968/1664/279 725/1409/276
f 971/1667/275 970/1666/279 723/1405/276
f 973/1669/275 972/1668/279 721/1403/276
f 975/1671/275 974/1670/279 719/1399/276
f 1093/1850/280 1092/1848/281 1084/1830/282 1083/1826/280
f 1075/1813/283 1060/1785/284 1059/1784/285 1073/1811/286
f 1080/1821/287 1068/1803/288 1064/1794/289 1062/1790/290
f 1102/1872/291 1062/1791/290 1064/1795/289 1098/1862/292
f 1016/1712/293 1015/1711/294 1025/1725/295 1024/1723/296
f 1024/1724/296 1025/1726/295 1026/1727/297 1023/1722/298
f 1023/1722/298 1026/1727/297 1017/1713/299 1022/1720/300
f 1028/1730/301 1016/1712/293 1024/1723/296 1030/1732/302
f 1030/1733/302 1024/1724/296 1023/1722/298 1029/1731/303
f 1029/1731/303 1023/1722/298 1022/1720/300 1027/1728/304
f 1032/1738/305 1028/1730/301 1030/1732/302 1034/1740/306
f 1034/1741/306 1030/1733/302 1029/1731/303 1033/1739/307
f 1033/1739/307 1029/1731/303 1027/1728/304 1031/1734/308
f 1014/1710/309 1032/1738/305 1034/1740/306 1037/1746/310
f 1037/1745/310 1034/1741/306 1033/1739/307 1036/1744/311
f 1036/1744/311 1033/1739/307 1031/1734/308 1035/1742/312
f 1015/1711/294 1038/1747/313 1040/1753/314 1025/1725/295
f 1025/1726/295 1040/1751/314 1041/1754/315 1026/1727/297
f 1026/1727/297 1041/1754/315 1039/1748/316 1017/1713/299
f 1071/1807/317 1068/1803/288 1080/1821/287 1077/1816/318
f 1020/1717/319 1032/1738/305 1014/1710/309 1055/1779/320
f 1070/1805/321 1037/1745/310 1036/1744/311 1067/1802/322
f 1042/1756/323 1045/1761/324 1047/1764/325 1044/1760/326
f 1044/1760/326 1047/1764/325 1048/1765/327 1043/1758/328
f 1043/1759/328 1048/1766/327 1046/1763/329 1018/1715/330
f 1049/1767/331 1042/1756/323 1044/1760/326 1051/1771/332
f 1051/1771/332 1044/1760/326 1043/1758/328 1050/1769/333
f 1050/1770/333 1043/1759/328 1018/1715/330 1019/1716/334
f 1052/1772/335 1049/1767/331 1051/1771/332 1054/1778/336
f 1054/1778/336 1051/1771/332 1050/1769/333 1053/1776/337
f 1053/1777/337 1050/1770/333 1019/1716/334 1020/1717/319
f 1021/1718/338 1052/1772/335 1054/1778/336 1057/1782/339
f 1057/1782/339 1054/1778/336 1053/1776/337 1056/1780/340
f 1056/1781/340 1053/1777/337 1020/1717/319 1055/1779/320
f 1045/1761/324 1039/1749/316 1041/1755/315 1047/1764/325
f 1047/1764/325 1041/1755/315 1040/1752/314 1048/1765/327
f 1048/1766/327 1040/1753/314 1038/1747/313 1046/1763/329
f 1074/1812/341 1058/1783/342 1060/1785/284 1075/1813/283
f 1019/1716/334 1028/1730/301 1032/1738/305 1020/1717/319
f 1080/1821/287 1062/1790/290 1063/1792/343 1081/1822/344
f 1081/1822/344 1063/1792/343 1061/1788/345 1079/1820/346
f 1071/1808/317 1059/1784/285 1060/1785/284 1072/1809/347
f 1072/1809/347 1060/1785/284 1058/1783/342 1070/1806/321
f 1068/1803/288 1071/1807/317 1072/1810/347 1069/1804/348
f 1069/1804/348 1072/1810/347 1070/1805/321 1067/1802/322
f 1064/1794/289 1068/1803/288 1069/1804/348 1066/1800/349
f 1066/1800/349 1069/1804/348 1067/1802/322 1065/1798/350
f 1077/1816/318 1080/1821/287 1081/1822/344 1078/1818/351
f 1078/1818/351 1081/1822/344 1079/1820/346 1076/1814/352
f 1073/1811/286 1077/1817/318 1078/1819/351 1075/1813/283
f 1075/1813/283 1078/1819/351 1076/1815/352 1074/1812/341
f 1082/1823/353 1085/1832/353 1083/1827/353 1084/1829/353
f 1042/1757/323 1095/1855/354 1096/1857/355 1045/1762/324
f 1035/1743/356 1031/1735/357 1052/1773/358 1021/1719/356
f 1085/1833/359 1082/1824/360 1086/1835/361 1087/1837/359
f 1098/1861/362 1097/1859/363 1100/1866/363 1102/1871/362
f 1071/1808/317 1077/1817/318 1073/1811/286 1059/1784/285
f 1097/1859/363 1099/1863/364 1101/1868/364 1100/1866/363
f 1055/1779/320 1014/1710/309 1058/1783/342 1074/1812/341
f 1098/1862/292 1064/1795/289 1066/1801/349 1097/1860/365
f 1097/1860/365 1066/1801/349 1065/1796/350 1099/1864/366
f 1101/1869/367 1061/1786/345 1063/1793/343 1100/1867/368
f 1100/1867/368 1063/1793/343 1062/1791/290 1102/1872/291
f 1099/1865/369 1065/1797/369 1061/1787/370 1101/1870/369
f 1086/1836/371 1092/1849/371 1093/1851/372 1087/1838/372
f 1088/1840/373 1086/1835/361 1082/1824/360
f 1027/1729/304 1088/1840/373 1082/1824/360 1031/1736/308
f 1022/1721/300 1089/1842/374 1088/1840/373 1027/1729/304
f 1017/1714/299 1090/1844/375 1089/1842/374 1022/1721/300
f 1084/1830/282 1092/1848/281 1094/1853/376
f 1052/1774/335 1084/1830/282 1094/1853/376 1049/1768/331
f 1049/1768/331 1094/1853/376 1095/1855/354 1042/1757/323
f 1093/1852/377 1083/1828/377 1085/1834/377 1087/1839/377
f 1031/1737/378 1082/1825/379 1084/1831/379 1052/1775/379
f 1036/1744/311 1035/1742/312 1065/1798/350 1067/1802/322
f 1061/1788/345 1021/1718/338 1057/1782/339 1079/1820/346
f 1079/1820/346 1057/1782/339 1056/1780/340 1076/1814/352
f 1056/1781/340 1055/1779/320 1074/1812/341 1076/1815/352
f 1014/1710/309 1037/1746/310 1070/1806/321 1058/1783/342
f 1035/1743/356 1021/1719/356 1061/1789/380 1065/1799/364
f 1046/1763/329 1038/1747/313 1015/1711/294
f 1019/1716/334 1018/1715/330 1016/1712/293 1028/1730/301
f 1018/1715/330 1046/1763/329 1015/1711/294 1016/1712/293
f 1039/1750/316 1091/1846/381 1090/1844/375 1017/1714/299
f 1096/1857/355 1091/1846/381 1039/1750/316 1045/1762/324
f 1088/1841/382 1094/1854/382 1092/1849/371 1086/1836/371
f 1095/1856/383 1094/1854/382 1088/1841/382 1089/1843/383
f 1096/1858/384 1095/1856/383 1089/1843/383 1090/1845/384
f 1091/1847/385 1096/1858/384 1090/1845/384
f 1223/2055/386 1182/1975/387 1178/1968/388
f 1157/1938/389 1192/1998/390 1254/2100/391 1150/1928/392
f 1171/1953/125 1172/1956/125 1208/2027/125 1231/2064/125
f 1269/2131/393 1240/2076/394 1248/2089/395
f 1237/2072/396 1275/2145/397 1244/2080/398
f 1245/2083/399 1165/1946/400 1194/2002/401
f 1411/2346/402 1410/2343/403 1257/2106/402 1258/2109/402
f 1174/1960/125 1123/1897/404 1173/1957/405
f 1118/1891/406 1125/1899/407 1126/1900/408 1116/1887/409
f 1117/1889/410 1124/1898/411 1125/1899/407 1118/1891/406
f 1173/1957/405 1123/1897/404 1251/2094/412 1207/2025/413
f 1122/1896/414 1170/1952/415 1198/2010/416 1199/2012/417
f 1121/1895/418 1122/1896/414 1199/2012/417 1200/2014/419
f 1120/1894/420 1121/1895/418 1200/2014/419 1201/2016/421
f 1202/2018/422 1119/1893/423 1120/1894/420 1201/2016/421
f 1127/1901/423 1111/1882/424 1110/1881/425 1128/1902/420
f 1128/1902/420 1110/1881/425 1109/1880/426 1129/1903/418
f 1129/1903/418 1109/1880/426 1108/1879/427 1130/1904/428
f 1131/1905/429 1107/1878/430 1225/2057/125 1218/2050/125
f 1133/1907/431 1114/1885/432 1112/1883/433 1134/1908/434
f 1105/1876/435 1135/1909/435 1127/1901/423 1221/2053/423
f 1221/2053/423 1127/1901/423 1128/1902/420 1222/2054/420
f 1222/2054/420 1128/1902/420 1129/1903/418 1220/2052/418
f 1220/2052/418 1129/1903/418 1130/1904/428 1219/2051/436
f 1224/2056/437 1219/2051/436 1130/1904/428 1131/1905/429
f 1184/1979/125 1187/1986/125 1218/2050/125
f 1251/2094/412 1123/1897/404 1124/1898/411 1117/1889/410
f 1139/1916/438 1258/2108/439 1257/2107/440 1137/1913/441
f 1216/2045/442 1217/2047/442 1259/2112/443 1112/1883/433
f 1138/1914/444 1260/2113/445 1258/2108/439 1139/1916/438
f 1135/1909/435 1203/2020/435 1111/1882/424 1127/1901/423
f 1183/1978/446 1195/2003/446 1272/2137/447 1188/1989/447
f 1136/1910/448 1113/1884/449 1115/1886/450 1132/1906/451
f 1147/1925/452 1238/2073/103 1237/2072/396 1169/1950/453
f 1162/1943/454 1163/1944/455 1143/1921/456 1144/1922/457
f 1166/1947/458 1167/1948/459 1148/1926/460 1149/1927/461
f 1167/1948/459 1168/1949/462 1146/1924/463 1148/1926/460
f 1161/1942/464 1162/1943/454 1144/1922/457 1145/1923/465
f 1164/1945/466 1165/1946/400 1141/1919/467 1142/1920/468
f 1163/1944/455 1164/1945/466 1142/1920/468 1143/1921/456
f 1205/2022/469 1161/1942/464 1145/1923/465 1140/1918/469
f 1269/2131/393 1239/2074/470 1240/2076/394
f 1274/2142/471 1157/1938/389 1234/2068/472 1268/2129/473
f 1152/1932/474 1151/1930/475 1160/1941/476 1159/1940/477
f 1252/2096/478 1152/1932/474 1159/1940/477 1158/1939/479
f 1273/2140/480 1249/2091/481 1267/2128/482 1264/2121/483
f 1250/2093/484 1156/1937/485 1262/2117/486 1263/2120/487
f 1156/1937/485 1155/1936/488 1265/2123/489 1262/2117/486
f 1155/1936/488 1154/1935/490 1256/2104/491 1265/2123/489
f 1154/1935/490 1153/1934/492 1255/2102/493 1256/2104/491
f 1153/1934/492 1242/2078/494 1106/1877/495 1103/1873/496
f 1106/1877/495 1242/2078/494 1161/1942/464 1205/2022/469
f 1242/2078/494 1243/2079/497 1162/1943/454 1161/1942/464
f 1243/2079/497 1241/2077/498 1163/1944/455 1162/1943/454
f 1235/2069/499 1168/1949/462 1167/1948/459 1233/2067/500
f 1214/2040/501 1213/2037/501 1116/1887/409 1126/1900/408
f 1269/2132/502 1178/1967/502 1182/1976/503 1239/2075/503
f 1268/2130/504 1186/1985/504 1176/1964/505 1274/2141/505
f 1246/2084/506 1174/1959/506 1173/1958/507 1192/1997/507
f 1247/2086/508 1177/1966/508 1174/1959/506 1246/2084/506
f 1271/2135/509 1190/1992/509 1189/1991/510 1248/2088/510
f 1250/2092/511 1249/2090/512 1171/1954/512 1170/1951/511
f 1250/2092/511 1170/1951/511 1191/1994/513 1197/2007/513
f 1197/2008/513 1191/1995/513 1190/1992/509 1271/2135/509
f 1150/1928/392 1252/2096/478 1158/1939/479 1157/1938/389
f 1132/1906/451 1115/1886/450 1114/1885/432 1133/1907/431
f 1172/1956/125 1173/1957/405 1209/2029/125 1210/2032/125
f 1179/1969/125 1131/1905/429 1181/1973/125
f 1181/1973/125 1131/1905/429 1218/2050/125 1188/1988/125
f 1121/1895/418 1220/2052/418 1219/2051/436 1122/1896/414
f 1120/1894/420 1222/2054/420 1220/2052/418 1121/1895/418
f 1183/1977/125 1218/2050/125 1187/1986/125
f 1190/1993/514 1122/1896/414 1219/2051/436 1189/1990/515
f 1170/1952/415 1122/1896/414 1191/1996/516
f 1189/1990/515 1219/2051/436 1178/1968/388
f 1136/1910/448 1218/2050/125 1225/2057/125 1113/1884/449
f 1134/1908/434 1112/1883/433 1259/2112/443
f 1188/1988/125 1218/2050/125 1183/1977/125
f 1180/1972/517 1131/1905/429 1179/1969/125
f 1226/2058/451 1124/1898/411 1123/1897/404 1229/2061/448
f 1136/1910/448 1132/1906/451 1226/2058/451 1229/2061/448
f 1224/2056/437 1180/1972/517 1182/1975/387 1223/2055/386
f 1132/1906/451 1133/1907/431 1227/2059/407 1226/2058/451
f 1133/1907/431 1134/1908/434 1228/2060/408 1227/2059/407
f 1218/2050/125 1136/1910/448 1229/2061/448 1186/1984/125
f 1185/1982/125 1218/2050/125 1186/1984/125
f 1184/1979/125 1218/2050/125 1185/1982/125
f 1119/1893/423 1221/2053/423 1222/2054/420 1120/1894/420
f 1105/1876/435 1221/2053/423 1119/1893/423 1204/2021/435
f 1170/1952/415 1171/1953/125 1231/2064/125 1198/2010/416
f 1191/1996/516 1122/1896/414 1190/1993/514
f 1186/1984/125 1229/2061/448 1123/1897/404 1176/1963/125
f 1125/1899/407 1227/2059/407 1228/2060/408 1126/1900/408
f 1124/1898/411 1226/2058/451 1227/2059/407 1125/1899/407
f 1230/2062/501 1214/2040/501 1126/1900/408 1228/2060/408
f 1176/1963/125 1123/1897/404 1175/1961/125
f 1175/1961/125 1123/1897/404 1177/1965/125
f 1206/2023/435 1204/2021/435 1119/1893/423 1202/2018/422
f 1209/2029/125 1173/1957/405 1207/2025/413
f 1177/1965/125 1123/1897/404 1174/1960/125
f 1153/1934/492 1103/1873/496 1261/2115/518 1255/2102/493
f 1192/1998/390 1266/2126/519 1254/2100/391
f 1273/2140/480 1264/2121/483 1253/2099/520
f 1151/1930/475 1215/2042/521 1212/2035/521 1160/1941/476
f 1154/1935/490 1243/2079/497 1242/2078/494 1153/1934/492
f 1239/2074/470 1165/1946/400 1164/1945/466 1240/2076/394
f 1212/2035/521 1236/2070/521 1235/2069/499 1160/1941/476
f 1158/1939/479 1232/2066/522 1234/2068/472 1157/1938/389
f 1159/1940/477 1233/2067/500 1232/2066/522 1158/1939/479
f 1160/1941/476 1235/2069/499 1233/2067/500 1159/1940/477
f 1237/2072/396 1238/2073/103 1141/1919/467 1165/1946/400
f 1146/1924/463 1168/1949/462 1104/1874/521 1211/2033/521
f 1239/2074/470 1193/2000/523 1165/1946/400
f 1155/1936/488 1241/2077/498 1243/2079/497 1154/1935/490
f 1240/2076/394 1241/2077/498 1155/1936/488 1156/1937/485
f 1237/2072/396 1244/2080/398 1268/2129/473
f 1241/2077/498 1240/2076/394 1164/1945/466 1163/1944/455
f 1233/2067/500 1167/1948/459 1166/1947/458 1232/2066/522
f 1232/2066/522 1166/1947/458 1169/1950/453 1234/2068/472
f 1236/2070/521 1104/1874/521 1168/1949/462 1235/2069/499
f 1169/1950/453 1237/2072/396 1268/2129/473 1234/2068/472
f 1187/1987/524 1270/2133/524 1195/2003/446 1183/1978/446
f 1184/1980/525 1275/2143/525 1270/2133/524 1187/1987/524
f 1185/1983/526 1244/2081/526 1275/2144/525 1184/1981/525
f 1186/1985/504 1268/2130/504 1244/2081/526 1185/1983/526
f 1181/1974/527 1245/2082/527 1194/2001/528 1179/1970/528
f 1179/1970/528 1194/2001/528 1193/1999/529 1180/1971/529
f 1180/1971/529 1193/1999/529 1239/2075/503 1182/1976/503
f 1178/1967/502 1269/2132/502 1248/2088/510 1189/1991/510
f 1188/1989/447 1272/2137/447 1245/2082/527 1181/1974/527
f 1172/1955/530 1273/2139/530 1192/1997/507 1173/1958/507
f 1177/1966/508 1247/2086/508 1196/2005/531 1175/1962/531
f 1175/1962/531 1196/2005/531 1274/2141/505 1176/1964/505
f 1273/2139/530 1172/1955/530 1171/1954/512 1249/2090/512
f 1263/2119/532 1198/2011/532 1231/2065/532 1267/2127/532
f 1266/2125/533 1209/2030/534 1207/2026/535 1254/2101/536
f 1253/2098/537 1210/2031/538 1209/2030/534 1266/2125/533
f 1264/2122/539 1208/2028/540 1210/2031/538 1253/2098/537
f 1261/2116/532 1206/2024/532 1202/2019/532 1255/2103/532
f 1262/2118/532 1199/2013/532 1198/2011/532 1263/2119/532
f 1255/2103/532 1202/2019/532 1201/2017/532 1256/2105/532
f 1256/2105/532 1201/2017/532 1200/2015/532 1265/2124/532
f 1130/1904/428 1108/1879/427 1107/1878/430 1131/1905/429
f 1138/1914/444 1259/2110/541 1260/2113/445
f 1139/1917/501 1134/1908/434 1138/1915/542
f 1260/2114/543 1259/2111/402 1217/2049/544
f 1208/2027/125 1172/1956/125 1210/2032/125
f 1207/2026/535 1251/2095/545 1150/1929/546 1254/2101/536
f 1246/2085/547 1157/1938/389 1247/2087/548
f 1267/2127/532 1231/2065/532 1208/2028/540 1264/2122/539
f 1213/2039/549 1215/2044/549 1151/1931/550 1116/1888/551
f 1251/2095/545 1117/1890/552 1252/2097/553 1150/1929/546
f 1117/1890/552 1118/1892/554 1152/1933/555 1252/2097/553
f 1118/1892/554 1116/1888/551 1151/1931/550 1152/1933/555
f 1200/2015/532 1199/2013/532 1262/2118/532 1265/2124/532
f 1195/2004/556 1237/2072/396 1272/2138/557
f 1270/2134/558 1237/2072/396 1195/2004/556
f 1237/2072/396 1270/2134/558 1275/2145/397
f 1237/2072/396 1165/1946/400 1245/2083/399 1272/2138/557
f 1192/1998/390 1157/1938/389 1246/2085/547
f 1194/2002/401 1165/1946/400 1193/2000/523
f 1224/2056/437 1131/1905/429 1180/1972/517
f 1223/2055/386 1219/2051/436 1224/2056/437
f 1249/2091/481 1250/2093/484 1263/2120/487 1267/2128/482
f 1247/2087/548 1157/1938/389 1196/2006/559
f 1196/2006/559 1157/1938/389 1274/2142/471
f 1271/2136/560 1156/1937/485 1197/2009/561
f 1197/2009/561 1156/1937/485 1250/2093/484
f 1248/2089/395 1240/2076/394 1156/1937/485 1271/2136/560
f 1192/1998/390 1273/2140/480 1253/2099/520 1266/2126/519
f 1219/2051/436 1223/2055/386 1178/1968/388
f 1139/1917/501 1137/1911/501 1134/1908/434
f 1137/1911/501 1230/2062/501 1228/2060/408 1134/1908/434
f 1138/1915/542 1134/1908/434 1259/2112/443
f 1169/1950/453 1166/1947/458 1149/1927/461 1147/1925/452
f 1378/2296/562 1344/2231/563 1348/2238/564
f 1323/2201/565 1316/2191/566 1407/2337/567 1358/2261/568
f 1337/2216/103 1385/2303/103 1370/2285/103 1338/2219/103
f 1421/2366/569 1401/2326/570 1393/2313/571
f 1390/2309/572 1397/2317/573 1427/2380/574
f 1398/2320/575 1360/2265/576 1331/2209/577
f 1340/2223/103 1339/2220/578 1292/2165/579
f 1287/2159/580 1285/2155/581 1295/2168/582 1294/2167/583
f 1286/2157/584 1287/2159/580 1294/2167/583 1293/2166/585
f 1339/2220/578 1369/2283/586 1404/2331/587 1292/2165/579
f 1291/2164/588 1365/2275/589 1364/2273/590 1336/2215/591
f 1290/2163/592 1366/2277/593 1365/2275/589 1291/2164/588
f 1289/2162/594 1367/2279/595 1366/2277/593 1290/2163/592
f 1368/2281/596 1367/2279/595 1289/2162/594 1288/2161/597
f 1296/2169/597 1297/2170/594 1279/2149/598 1280/2150/599
f 1297/2170/594 1298/2171/592 1278/2148/600 1279/2149/598
f 1298/2171/592 1299/2172/601 1277/2147/602 1278/2148/600
f 1300/2173/603 1373/2291/103 1380/2298/103 1276/2146/604
f 1302/2175/605 1303/2176/606 1281/2151/607 1283/2153/608
f 1105/1876/435 1376/2294/597 1296/2169/597 1135/1909/435
f 1376/2294/597 1377/2295/594 1297/2170/594 1296/2169/597
f 1377/2295/594 1375/2293/592 1298/2171/592 1297/2170/594
f 1375/2293/592 1374/2292/609 1299/2172/601 1298/2171/592
f 1379/2297/610 1300/2173/603 1299/2172/601 1374/2292/609
f 1350/2242/103 1373/2291/103 1353/2249/103
f 1404/2331/587 1286/2157/584 1293/2166/585 1292/2165/579
f 1306/2180/611 1137/1913/441 1410/2344/612 1411/2345/613
f 1216/2046/442 1281/2151/607 1412/2348/614 1217/2048/442
f 1305/2178/615 1306/2180/611 1411/2345/613 1413/2350/616
f 1135/1909/435 1296/2169/597 1280/2150/599 1203/2020/435
f 1349/2241/446 1354/2252/447 1424/2372/447 1361/2266/446
f 1304/2177/617 1301/2174/618 1284/2154/619 1282/2152/620
f 1313/2188/621 1335/2213/622 1390/2309/572 1391/2310/125
f 1328/2206/623 1310/2185/624 1309/2184/625 1329/2207/626
f 1332/2210/627 1315/2190/628 1314/2189/629 1333/2211/630
f 1333/2211/630 1314/2189/629 1312/2187/631 1334/2212/632
f 1327/2205/633 1311/2186/634 1310/2185/624 1328/2206/623
f 1330/2208/635 1308/2183/636 1307/2182/637 1331/2209/577
f 1329/2207/626 1309/2184/625 1308/2183/636 1330/2208/635
f 1205/2022/469 1140/1918/469 1311/2186/634 1327/2205/633
f 1421/2366/569 1393/2313/571 1392/2311/638
f 1426/2377/639 1420/2364/640 1388/2307/641 1323/2201/565
f 1318/2195/642 1325/2203/643 1326/2204/644 1317/2193/645
f 1405/2333/646 1324/2202/647 1325/2203/643 1318/2195/642
f 1425/2375/648 1416/2356/649 1419/2363/650 1402/2328/651
f 1403/2330/652 1415/2355/653 1414/2352/654 1322/2200/655
f 1322/2200/655 1414/2352/654 1417/2358/656 1321/2199/657
f 1321/2199/657 1417/2358/656 1409/2341/658 1320/2198/659
f 1320/2198/659 1409/2341/658 1408/2339/660 1319/2197/661
f 1319/2197/661 1103/1873/496 1106/1877/495 1395/2315/662
f 1106/1877/495 1205/2022/469 1327/2205/633 1395/2315/662
f 1395/2315/662 1327/2205/633 1328/2206/623 1396/2316/663
f 1396/2316/663 1328/2206/623 1329/2207/626 1394/2314/664
f 1389/2308/665 1387/2306/666 1333/2211/630 1334/2212/632
f 1214/2041/501 1295/2168/582 1285/2155/581 1213/2038/501
f 1421/2367/502 1392/2312/503 1348/2239/503 1344/2230/502
f 1420/2365/504 1426/2376/505 1342/2227/505 1352/2248/504
f 1399/2321/506 1358/2260/507 1339/2221/507 1340/2222/506
f 1400/2323/508 1399/2321/506 1340/2222/506 1343/2229/508
f 1423/2370/509 1401/2325/510 1355/2254/510 1356/2255/509
f 1403/2329/511 1336/2214/511 1337/2217/512 1402/2327/512
f 1403/2329/511 1363/2270/513 1357/2257/513 1336/2214/511
f 1363/2271/513 1423/2370/509 1356/2255/509 1357/2258/513
f 1316/2191/566 1323/2201/565 1324/2202/647 1405/2333/646
f 1301/2174/618 1302/2175/605 1283/2153/608 1284/2154/619
f 1338/2219/103 1372/2290/103 1371/2287/103 1339/2220/578
f 1345/2232/103 1347/2236/103 1300/2173/603
f 1347/2236/103 1354/2251/103 1373/2291/103 1300/2173/603
f 1290/2163/592 1291/2164/588 1374/2292/609 1375/2293/592
f 1289/2162/594 1290/2163/592 1375/2293/592 1377/2295/594
f 1349/2240/103 1353/2249/103 1373/2291/103
f 1356/2256/667 1355/2253/668 1374/2292/609 1291/2164/588
f 1336/2215/591 1357/2259/669 1291/2164/588
f 1355/2253/668 1344/2231/563 1374/2292/609
f 1304/2177/617 1282/2152/620 1380/2298/103 1373/2291/103
f 1303/2176/606 1412/2348/614 1281/2151/607
f 1354/2251/103 1349/2240/103 1373/2291/103
f 1346/2235/670 1345/2232/103 1300/2173/603
f 1381/2299/618 1384/2302/617 1292/2165/579 1293/2166/585
f 1304/2177/617 1384/2302/617 1381/2299/618 1301/2174/618
f 1379/2297/610 1378/2296/562 1348/2238/564 1346/2235/670
f 1301/2174/618 1381/2299/618 1382/2300/583 1302/2175/605
f 1302/2175/605 1382/2300/583 1383/2301/582 1303/2176/606
f 1373/2291/103 1352/2247/103 1384/2302/617 1304/2177/617
f 1351/2245/103 1352/2247/103 1373/2291/103
f 1350/2242/103 1351/2245/103 1373/2291/103
f 1288/2161/597 1289/2162/594 1377/2295/594 1376/2294/597
f 1105/1876/435 1204/2021/435 1288/2161/597 1376/2294/597
f 1336/2215/591 1364/2273/590 1385/2303/103 1337/2216/103
f 1357/2259/669 1356/2256/667 1291/2164/588
f 1352/2247/103 1342/2226/103 1292/2165/579 1384/2302/617
f 1294/2167/583 1295/2168/582 1383/2301/582 1382/2300/583
f 1293/2166/585 1294/2167/583 1382/2300/583 1381/2299/618
f 1230/2063/501 1383/2301/582 1295/2168/582 1214/2041/501
f 1342/2226/103 1341/2224/103 1292/2165/579
f 1341/2224/103 1343/2228/103 1292/2165/579
f 1206/2023/435 1368/2281/596 1288/2161/597 1204/2021/435
f 1371/2287/103 1369/2283/586 1339/2220/578
f 1343/2228/103 1340/2223/103 1292/2165/579
f 1319/2197/661 1408/2339/660 1261/2115/518 1103/1873/496
f 1358/2261/568 1407/2337/567 1418/2361/671
f 1425/2375/648 1406/2336/672 1416/2356/649
f 1317/2193/645 1326/2204/644 1212/2036/521 1215/2043/521
f 1320/2198/659 1319/2197/661 1395/2315/662 1396/2316/663
f 1392/2311/638 1393/2313/571 1330/2208/635 1331/2209/577
f 1212/2036/521 1326/2204/644 1389/2308/665 1236/2071/521
f 1324/2202/647 1323/2201/565 1388/2307/641 1386/2305/673
f 1325/2203/643 1324/2202/647 1386/2305/673 1387/2306/666
f 1326/2204/644 1325/2203/643 1387/2306/666 1389/2308/665
f 1390/2309/572 1331/2209/577 1307/2182/637 1391/2310/125
f 1312/2187/631 1211/2034/521 1104/1875/521 1334/2212/632
f 1392/2311/638 1331/2209/577 1359/2263/674
f 1321/2199/657 1320/2198/659 1396/2316/663 1394/2314/664
f 1393/2313/571 1322/2200/655 1321/2199/657 1394/2314/664
f 1390/2309/572 1420/2364/640 1397/2317/573
f 1394/2314/664 1329/2207/626 1330/2208/635 1393/2313/571
f 1387/2306/666 1386/2305/673 1332/2210/627 1333/2211/630
f 1386/2305/673 1388/2307/641 1335/2213/622 1332/2210/627
f 1236/2071/521 1389/2308/665 1334/2212/632 1104/1875/521
f 1335/2213/622 1388/2307/641 1420/2364/640 1390/2309/572
f 1353/2250/524 1349/2241/446 1361/2266/446 1422/2368/524
f 1350/2243/525 1353/2250/524 1422/2368/524 1427/2378/525
f 1351/2246/526 1350/2244/525 1427/2379/525 1397/2318/526
f 1352/2248/504 1351/2246/526 1397/2318/526 1420/2365/504
f 1347/2237/527 1345/2233/528 1360/2264/528 1398/2319/527
f 1345/2233/528 1346/2234/529 1359/2262/529 1360/2264/528
f 1346/2234/529 1348/2239/503 1392/2312/503 1359/2262/529
f 1344/2230/502 1355/2254/510 1401/2325/510 1421/2367/502
f 1354/2252/447 1347/2237/527 1398/2319/527 1424/2372/447
f 1338/2218/530 1339/2221/507 1358/2260/507 1425/2374/530
f 1343/2229/508 1341/2225/531 1362/2268/531 1400/2323/508
f 1341/2225/531 1342/2227/505 1426/2376/505 1362/2268/531
f 1425/2374/530 1402/2327/512 1337/2217/512 1338/2218/530
f 1415/2354/532 1419/2362/532 1385/2304/532 1364/2274/532
f 1418/2360/533 1407/2338/675 1369/2284/676 1371/2288/534
f 1406/2335/677 1418/2360/533 1371/2288/534 1372/2289/678
f 1416/2357/679 1406/2335/677 1372/2289/678 1370/2286/680
f 1261/2116/532 1408/2340/532 1368/2282/532 1206/2024/532
f 1414/2353/532 1415/2354/532 1364/2274/532 1365/2276/532
f 1408/2340/532 1409/2342/532 1367/2280/532 1368/2282/532
f 1409/2342/532 1417/2359/532 1366/2278/532 1367/2280/532
f 1299/2172/601 1300/2173/603 1276/2146/604 1277/2147/602
f 1305/2178/615 1413/2350/616 1412/2347/681
f 1306/2181/501 1305/2179/682 1303/2176/606
f 1413/2351/543 1411/2346/402 1258/2109/402 1260/2114/543
f 1370/2285/103 1372/2290/103 1338/2219/103
f 1369/2284/676 1407/2338/675 1316/2192/683 1404/2332/684
f 1399/2322/685 1400/2324/686 1323/2201/565
f 1419/2362/532 1416/2357/679 1370/2286/680 1385/2304/532
f 1213/2039/549 1285/2156/687 1317/2194/688 1215/2044/549
f 1404/2332/684 1316/2192/683 1405/2334/689 1286/2158/690
f 1286/2158/690 1405/2334/689 1318/2196/691 1287/2160/692
f 1287/2160/692 1318/2196/691 1317/2194/688 1285/2156/687
f 1366/2278/532 1417/2359/532 1414/2353/532 1365/2276/532
f 1361/2267/693 1424/2373/694 1390/2309/572
f 1422/2369/695 1361/2267/693 1390/2309/572
f 1390/2309/572 1427/2380/574 1422/2369/695
f 1390/2309/572 1424/2373/694 1398/2320/575 1331/2209/577
f 1358/2261/568 1399/2322/685 1323/2201/565
f 1360/2265/576 1359/2263/674 1331/2209/577
f 1379/2297/610 1346/2235/670 1300/2173/603
f 1378/2296/562 1379/2297/610 1374/2292/609
f 1402/2328/651 1419/2363/650 1415/2355/653 1403/2330/652
f 1400/2324/686 1362/2269/696 1323/2201/565
f 1362/2269/696 1426/2377/639 1323/2201/565
f 1423/2371/697 1363/2272/698 1322/2200/655
f 1363/2272/698 1403/2330/652 1322/2200/655
f 1401/2326/570 1423/2371/697 1322/2200/655 1393/2313/571
f 1358/2261/568 1418/2361/671 1406/2336/672 1425/2375/648
f 1374/2292/609 1344/2231/563 1378/2296/562
f 1306/2181/501 1303/2176/606 1137/1912/501
f 1137/1912/501 1303/2176/606 1383/2301/582 1230/2063/501
f 1305/2179/682 1412/2348/614 1303/2176/606
f 1335/2213/622 1313/2188/621 1315/2190/628 1332/2210/627
f 1257/2107/440 1410/2344/612 1137/1913/441
f 1412/2349/699 1413/2351/543 1217/2049/544
f 1413/2351/543 1260/2114/543 1217/2049/544
o Gun
v 0.000000 0.124858 0.035301
v 0.011395 0.113562 0.007929
v 0.012295 0.103329 -0.025092
v 0.011395 0.112180 0.008403
v 0.012295 0.100974 -0.028093
v 0.012295 0.098652 -0.028093
v 0.002361 0.124547 0.035301
v 0.011395 0.109037 0.008484
v 0.012295 0.105582 -0.024030
v 0.004561 0.123636 0.035301
v 0.011395 0.104983 0.007859
v 0.012295 0.111561 -0.022473
v 0.011395 0.101430 0.006141
v 0.011395 0.100082 0.004702
v 0.012295 0.098460 0.039505
v 0.011395 0.099838 0.003347
v 0.006450 0.122187 0.035301
v 0.012295 0.097839 0.042229
v 0.011395 0.099948 0.001690
v 0.007899 0.120297 0.035301
v 0.011395 0.100674 -0.000704
v 0.012295 0.096640 0.045236
v 0.012295 0.095699 0.047962
v 0.011395 0.103013 -0.006405
v 0.012295 0.095699 0.107472
v 0.011395 0.105541 -0.010600
v 0.008811 0.118098 0.035301
v 0.014977 0.114205 0.053289
v 0.009122 0.115737 0.035301
v 0.011395 0.108284 -0.013020
v 0.014977 0.099907 0.053618
v 0.011395 0.110489 -0.013558
v 0.012295 0.098652 0.002327
v 0.011395 0.112802 -0.013558
v 0.002883 0.129509 0.057827
v 0.002883 0.123545 -0.016571
v 0.012295 0.114835 0.045236
v 0.013904 0.114513 0.051118
v 0.010900 0.116384 -0.021099
v 0.011338 0.115405 -0.021099
v 0.011338 0.115405 0.045236
v 0.010900 0.116384 0.057827
v 0.011338 0.115405 0.057827
v 0.012295 0.114835 0.057827
v 0.014977 0.114205 0.057827
v 0.006154 0.125049 -0.016078
v 0.002883 0.125990 -0.016152
v 0.004687 0.125723 -0.016152
v 0.002883 0.125990 0.002327
v 0.013904 0.114513 0.057827
v 0.009132 0.122098 0.045236
v 0.002883 0.125990 0.045236
v 0.004687 0.125723 0.045236
v 0.010627 0.118311 0.057827
v 0.010284 0.119598 0.057827
v 0.009751 0.120875 0.057827
v 0.009132 0.122098 0.057827
v 0.008030 0.123545 0.057827
v 0.006154 0.125049 0.057827
v 0.002883 0.125990 0.057827
v 0.004687 0.125723 0.057827
v 0.010892 0.099599 -0.028989
v 0.011579 0.098652 -0.028804
v 0.011579 0.101431 -0.028728
v 0.009538 0.101818 -0.029266
v 0.006485 0.102077 -0.029625
v 0.012295 0.101873 -0.026593
v 0.006485 0.103241 -0.028156
v 0.009538 0.102920 -0.027789
v 0.011579 0.102440 -0.027240
v 0.006485 0.104530 -0.027242
v 0.009538 0.104248 -0.026738
v 0.011579 0.103827 -0.025983
v 0.006485 0.106280 -0.026822
v 0.009538 0.106116 -0.026167
v 0.011579 0.105871 -0.025187
v 0.012295 0.108420 -0.023619
v 0.006485 0.108979 -0.026466
v 0.009538 0.108848 -0.025798
v 0.011579 0.108652 -0.024798
v 0.006485 0.112247 -0.025412
v 0.009538 0.112086 -0.024722
v 0.011579 0.111845 -0.023690
v 0.012295 0.113000 -0.021947
v 0.011579 0.113123 -0.023161
v 0.009538 0.113227 -0.024190
v 0.006485 0.113296 -0.024877
v 0.005951 0.116384 -0.022878
v 0.008552 0.116384 -0.022461
v 0.010289 0.116384 -0.021836
v 0.006119 0.115331 -0.023554
v 0.008862 0.115370 -0.022963
v 0.010695 0.115396 -0.022101
v 0.012295 0.114835 -0.021099
v 0.011579 0.114827 -0.022250
v 0.009538 0.114806 -0.023237
v 0.006485 0.114773 -0.023908
v 0.010627 0.118311 -0.019169
v 0.010037 0.118311 -0.019907
v 0.008359 0.118311 -0.020532
v 0.005846 0.118311 -0.020949
v 0.010284 0.119598 -0.016983
v 0.005715 0.119598 -0.018762
v 0.008116 0.119598 -0.018345
v 0.009720 0.119598 -0.017720
v 0.009751 0.120875 -0.016202
v 0.005511 0.120875 -0.017584
v 0.007739 0.120875 -0.017260
v 0.009228 0.120875 -0.016774
v 0.009132 0.122098 -0.015879
v 0.008657 0.122098 -0.016255
v 0.007302 0.122098 -0.016573
v 0.005275 0.122098 -0.016785
v 0.008030 0.123545 -0.015877
v 0.004853 0.123545 -0.016518
v 0.006523 0.123545 -0.016368
v 0.007639 0.123545 -0.016143
v 0.005905 0.125049 -0.016279
v 0.005196 0.125049 -0.016449
v 0.004135 0.125049 -0.016563
v 0.002883 0.125919 -0.016349
v 0.002883 0.125715 -0.016504
v 0.002883 0.125409 -0.016593
v 0.002883 0.125049 -0.016603
v 0.003573 0.125307 -0.016586
v 0.004158 0.125526 -0.016495
v 0.004549 0.125672 -0.016342
v 0.012295 0.098652 -0.010433
v 0.013947 0.098652 0.051449
v 0.013802 0.098411 0.053179
v 0.013100 0.114674 0.048588
v 0.012910 0.096995 0.051000
v 0.013121 0.097646 0.048754
v 0.004572 0.114750 -0.024063
v 0.004572 0.113311 -0.025024
v 0.004572 0.103309 -0.028234
v 0.004572 0.101918 -0.029702
v 0.004572 0.104590 -0.027350
v 0.004572 0.106315 -0.026962
v 0.004572 0.109007 -0.026609
v 0.004572 0.115305 -0.023683
v 0.004572 0.116384 -0.022957
v 0.004572 0.119598 -0.018836
v 0.004572 0.118311 -0.021026
v 0.004572 0.120874 -0.017636
v 0.004572 0.122233 -0.016790
v 0.004572 0.112281 -0.025559
v 0.010891 0.098652 -0.029001
v 0.014977 0.107367 0.057827
v 0.010875 0.102904 0.057827
v 0.013085 0.105140 0.057827
v 0.010875 0.102904 0.107472
v 0.008544 0.101331 0.107472
v 0.013085 0.105140 0.107472
v 0.005885 0.099910 0.107472
v 0.000000 0.098739 0.107472
v 0.003000 0.099035 0.107472
v 0.014977 0.107367 0.107472
v 0.012295 0.095699 0.093933
v 0.013730 0.098291 0.090397
v 0.012910 0.096995 0.090397
v 0.014977 0.099907 0.090397
v 0.010875 0.102904 0.093933
v 0.013085 0.105140 0.093933
v 0.014977 0.107367 0.093933
v 0.012910 0.096995 0.097469
v 0.014977 0.101399 0.107472
v 0.014977 0.101399 0.097469
v 0.010891 0.098652 0.002327
v 0.010891 0.098652 -0.010433
v 0.009562 0.108011 0.035301
v 0.010891 0.099599 0.002327
v 0.010891 0.099599 -0.010433
v 0.009562 0.099599 -0.029407
v 0.009562 0.099599 0.035301
v 0.004572 0.099599 -0.029754
v 0.009562 0.112281 -0.022570
v 0.004572 0.112281 -0.022570
v 0.006154 0.125049 0.037140
v 0.011338 0.115405 0.035935
v 0.004687 0.125723 0.037140
v 0.004572 0.121565 -0.015001
v 0.004572 0.116503 -0.015001
v 0.006485 0.099599 -0.029754
v 0.009562 0.099599 -0.026368
v 0.004572 0.099599 -0.026368
v 0.010891 0.099599 -0.026368
v 0.004572 0.112281 -0.019428
v 0.004572 0.116503 -0.019428
v 0.009562 0.112281 -0.019428
v 0.009562 0.116503 -0.019428
v 0.009562 0.099599 -0.010607
v 0.009562 0.099599 0.002327
v 0.006450 0.122187 0.040867
v 0.000000 0.124858 0.040867
v 0.005885 0.099910 0.101931
v 0.009122 0.101720 0.093933
v 0.009122 0.101720 0.101931
v 0.000000 0.098739 0.101931
v 0.003000 0.099035 0.101931
v 0.002361 0.124547 0.057827
v 0.000000 0.124858 0.057827
v 0.009122 0.101720 0.057827
v 0.004561 0.123636 0.057827
v 0.007899 0.120297 0.057827
v 0.006450 0.122187 0.057827
v 0.008811 0.118098 0.057827
v 0.009122 0.115737 0.057827
v 0.009122 0.095723 0.093933
v 0.009122 0.095723 0.047962
v 0.009562 0.116503 -0.010607
v 0.009110 0.095699 0.101931
v 0.009122 0.099599 0.035301
v 0.009122 0.096640 0.045236
v 0.009122 0.097839 0.042229
v 0.009122 0.098460 0.039505
v 0.007899 0.120297 0.040867
v 0.009122 0.115737 0.040867
v 0.008811 0.118098 0.040867
v 0.009562 0.108011 0.002327
v 0.004561 0.123636 0.040867
v 0.002361 0.124547 0.040867
v 0.009562 0.108011 -0.010607
v 0.009122 0.108011 0.035301
v 0.002883 0.126258 0.003582
v 0.002883 0.127021 0.004645
v 0.002883 0.128626 0.005442
v 0.002883 0.129509 0.006503
v 0.002883 0.129279 0.006227
v 0.002883 0.129509 0.045236
v 0.010891 0.098652 -0.026368
v 0.010891 0.098652 0.035301
v 0.010891 0.098460 0.039505
v 0.010891 0.099599 0.035301
v 0.012295 0.105489 -0.010513
v 0.008030 0.123545 0.045236
v 0.006154 0.125049 0.045236
v 0.010900 0.116384 0.045236
v 0.011338 0.115405 0.048588
v 0.012295 0.114835 0.048588
v 0.010627 0.118311 0.045236
v 0.010284 0.119598 0.045236
v 0.009751 0.120875 0.045236
v 0.011338 0.115405 0.051118
v 0.012295 0.114835 0.051118
v 0.010891 0.099599 0.032487
v -0.012295 0.103329 -0.025092
v -0.012295 0.100974 -0.028093
v -0.012295 0.098652 -0.028093
v -0.002361 0.124547 0.035301
v -0.012295 0.105582 -0.024030
v -0.004561 0.123636 0.035301
v -0.012295 0.111561 -0.022473
v -0.012295 0.098460 0.039505
v -0.012295 0.097839 0.042229
v -0.012295 0.096640 0.045236
v -0.012295 0.095699 0.047962
v -0.012295 0.095699 0.107472
v -0.008811 0.118098 0.035301
v -0.014977 0.114205 0.053289
v -0.009122 0.115737 0.035301
v -0.014977 0.099907 0.053618
v -0.012295 0.098652 0.002327
v -0.002883 0.129509 0.057827
v -0.002883 0.123545 -0.016571
v -0.012295 0.114835 0.045236
v -0.013904 0.114513 0.051118
v -0.002883 0.129509 0.041705
v -0.010900 0.116384 -0.021099
v -0.011338 0.115405 -0.021099
v -0.010900 0.116384 0.002327
v -0.011338 0.115405 0.002327
v -0.012295 0.114835 0.002327
v -0.011338 0.115405 0.045236
v -0.011338 0.115405 0.057827
v -0.012295 0.114835 0.057827
v -0.014977 0.114205 0.057827
v -0.006154 0.125049 -0.016078
v -0.002883 0.125990 -0.016152
v -0.004687 0.125723 -0.016152
v -0.010627 0.118311 0.002327
v -0.010284 0.119598 0.002327
v -0.009751 0.120875 0.002327
v -0.009132 0.122098 0.002327
v -0.008030 0.123545 0.002327
v -0.006154 0.125049 0.002327
v -0.002883 0.125990 0.002327
v -0.004687 0.125723 0.002327
v -0.013904 0.114513 0.057827
v -0.002883 0.125990 0.057827
v -0.010892 0.099599 -0.028989
v -0.011579 0.098652 -0.028804
v -0.011579 0.101431 -0.028728
v -0.009538 0.101818 -0.029266
v -0.006485 0.102077 -0.029625
v -0.012295 0.101873 -0.026593
v -0.006485 0.103241 -0.028156
v -0.009538 0.102920 -0.027789
v -0.011579 0.102440 -0.027240
v -0.006485 0.104530 -0.027242
v -0.009538 0.104248 -0.026738
v -0.011579 0.103827 -0.025983
v -0.006485 0.106280 -0.026822
v -0.009538 0.106116 -0.026167
v -0.011579 0.105871 -0.025187
v -0.012295 0.108420 -0.023619
v -0.006485 0.108979 -0.026466
v -0.009538 0.108848 -0.025798
v -0.011579 0.108652 -0.024798
v -0.006485 0.112247 -0.025412
v -0.009538 0.112086 -0.024722
v -0.011579 0.111845 -0.023690
v -0.012295 0.113000 -0.021947
v -0.011579 0.113123 -0.023161
v -0.009538 0.113227 -0.024190
v -0.006485 0.113296 -0.024877
v -0.005951 0.116384 -0.022878
v -0.008552 0.116384 -0.022461
v -0.010289 0.116384 -0.021836
v -0.006119 0.115331 -0.023554
v -0.008862 0.115370 -0.022963
v -0.010695 0.115396 -0.022101
v -0.012295 0.114835 -0.021099
v -0.011579 0.114827 -0.022250
v -0.009538 0.114806 -0.023237
v -0.006485 0.114773 -0.023908
v -0.010627 0.118311 -0.019169
v -0.010037 0.118311 -0.019907
v -0.008359 0.118311 -0.020532
v -0.005846 0.118311 -0.020949
v -0.010284 0.119598 -0.016983
v -0.005715 0.119598 -0.018762
v -0.008116 0.119598 -0.018345
v -0.009720 0.119598 -0.017720
v -0.009751 0.120875 -0.016202
v -0.005511 0.120875 -0.017584
v -0.007739 0.120875 -0.017260
v -0.009228 0.120875 -0.016774
v -0.009132 0.122098 -0.015879
v -0.008657 0.122098 -0.016255
v -0.007302 0.122098 -0.016573
v -0.005275 0.122098 -0.016785
v -0.008030 0.123545 -0.015877
v -0.004853 0.123545 -0.016518
v -0.006523 0.123545 -0.016368
v -0.007639 0.123545 -0.016143
v -0.005905 0.125049 -0.016279
v -0.005196 0.125049 -0.016449
v -0.004135 0.125049 -0.016563
v -0.002883 0.125919 -0.016349
v -0.002883 0.125715 -0.016504
v -0.002883 0.125409 -0.016593
v -0.002883 0.125049 -0.016603
v -0.003573 0.125307 -0.016586
v -0.004158 0.125526 -0.016495
v -0.004549 0.125672 -0.016342
v -0.013947 0.098652 0.051449
v -0.013802 0.098411 0.053179
v -0.013100 0.114674 0.048588
v -0.012910 0.096995 0.051000
v -0.013121 0.097646 0.048754
v -0.004572 0.114750 -0.024063
v -0.004572 0.113311 -0.025024
v -0.004572 0.103309 -0.028234
v -0.004572 0.101918 -0.029702
v -0.004572 0.104590 -0.027350
v -0.004572 0.106315 -0.026962
v -0.004572 0.109007 -0.026609
v -0.004572 0.115305 -0.023683
v -0.004572 0.116384 -0.022957
v -0.004572 0.119598 -0.018836
v -0.004572 0.118311 -0.021026
v -0.004572 0.120874 -0.017636
v -0.004572 0.122233 -0.016790
v -0.004572 0.112281 -0.025559
v -0.010891 0.098652 -0.029001
v -0.014977 0.107367 0.057827
v -0.010875 0.102904 0.057827
v -0.013085 0.105140 0.057827
v -0.010875 0.102904 0.107472
v -0.008544 0.101331 0.107472
v -0.013085 0.105140 0.107472
v -0.005885 0.099910 0.107472
v -0.003000 0.099035 0.107472
v -0.014977 0.107367 0.107472
v -0.012295 0.095699 0.093933
v -0.013730 0.098291 0.090397
v -0.012910 0.096995 0.090397
v -0.014977 0.099907 0.090397
v -0.010875 0.102904 0.093933
v -0.013085 0.105140 0.093933
v -0.014977 0.107367 0.093933
v -0.012910 0.096995 0.097469
v -0.014977 0.101399 0.107472
v -0.014977 0.101399 0.097469
v -0.010891 0.098652 0.002327
v -0.009562 0.108011 0.035301
v -0.010891 0.099599 0.002327
v -0.009562 0.099599 -0.029407
v -0.009562 0.099599 0.035301
v -0.004572 0.099599 -0.029754
v -0.009562 0.112281 -0.022570
v -0.004572 0.112281 -0.022570
v -0.010627 0.118311 0.035301
v -0.010900 0.116384 0.035301
v -0.010284 0.119598 0.035301
v -0.011338 0.115405 0.035301
v -0.002883 0.125990 0.038026
v -0.004572 0.121565 -0.015001
v -0.004572 0.116503 -0.015001
v -0.006485 0.099599 -0.029754
v -0.009562 0.099599 -0.026368
v -0.004572 0.099599 -0.026368
v -0.010891 0.099599 -0.026368
v -0.004572 0.112281 -0.019428
v -0.004572 0.116503 -0.019428
v -0.009562 0.112281 -0.019428
v -0.009562 0.116503 -0.019428
v -0.009562 0.099599 0.002327
v -0.005885 0.099910 0.101931
v -0.009122 0.101720 0.093933
v -0.009122 0.101720 0.101931
v -0.003000 0.099035 0.101931
v -0.009122 0.101720 0.057827
v -0.009122 0.095723 0.093933
v -0.009122 0.095723 0.047962
v -0.009562 0.116503 -0.010607
v -0.009110 0.095699 0.101931
v -0.009122 0.099599 0.035301
v -0.009122 0.096640 0.045236
v -0.009122 0.097839 0.042229
v -0.009122 0.098460 0.039505
v -0.009562 0.108011 0.002327
v -0.009562 0.108011 -0.010607
v -0.009122 0.108011 0.035301
v -0.002883 0.126258 0.003582
v -0.002883 0.127021 0.004645
v -0.002883 0.128626 0.005442
v -0.002883 0.129509 0.006503
v -0.011338 0.115405 0.039505
v -0.010861 0.116656 0.039802
v -0.012295 0.114835 0.039505
v -0.011338 0.115405 0.042229
v -0.002883 0.125990 0.041705
v -0.012295 0.114835 0.042229
v -0.002883 0.129279 0.006227
v -0.010891 0.098652 -0.026734
v -0.010891 0.098460 0.039505
v -0.010891 0.099599 0.035301
v -0.011338 0.115405 0.048588
v -0.012295 0.114835 0.048588
v -0.011338 0.115405 0.051118
v -0.012295 0.114835 0.051118
v -0.010891 0.098652 0.033145
v -0.010948 0.116276 0.048383
v -0.010948 0.116276 0.057827
v -0.003096 0.125959 0.057827
v -0.001987 0.124597 0.040098
v -0.001719 0.124632 0.041705
v -0.009122 0.114517 0.047962
v -0.002689 0.124411 0.038600
v -0.003533 0.124062 0.037509
v -0.004561 0.123636 0.036646
v -0.009122 0.114981 0.039802
v -0.009122 0.114517 0.041705
v -0.009122 0.114517 0.057827
v -0.001719 0.124632 0.057827
v -0.004136 0.125805 0.038600
v -0.004687 0.125723 0.038026
v -0.010627 0.118311 0.037482
v -0.010284 0.119598 0.036519
v -0.006154 0.125049 0.036579
v -0.010775 0.117264 0.038600
v -0.003096 0.125959 0.041705
v -0.003361 0.125920 0.040098
v -0.010948 0.116276 0.041705
v -0.009122 0.115704 0.038569
v -0.008969 0.116895 0.037313
v -0.008811 0.118098 0.036565
v -0.010014 0.120244 0.035301
v -0.006094 0.122460 0.035301
v -0.008440 0.118994 0.035301
v -0.007747 0.123773 0.035680
v -0.010014 0.120244 0.036160
v -0.009132 0.122098 0.020324
v -0.008448 0.122997 0.020592
v -0.008030 0.123545 0.021258
v -0.007747 0.123773 0.022399
v -0.009662 0.121051 0.020740
v -0.010014 0.120244 0.022399
v -0.009902 0.120512 0.021355
v -0.008440 0.118994 0.036081
v -0.006094 0.122460 0.035708
v 0.011801 0.098652 0.034914
v 0.012295 0.114835 0.035248
v 0.011801 0.115129 0.035320
v 0.012295 0.114835 0.038896
v 0.011801 0.115129 0.036568
v 0.011801 0.115129 0.038968
v 0.011801 0.115129 0.037720
v 0.012295 0.114835 0.037648
v 0.012295 0.114835 0.036496
v 0.011801 0.115129 0.034168
v 0.012295 0.114835 0.034096
v 0.012295 0.098652 0.034914
v 0.011801 0.098652 0.033702
v 0.012295 0.098652 0.033702
v 0.012295 0.098652 0.007302
v 0.012295 0.098652 0.032514
v 0.012295 0.098652 0.031302
v 0.012295 0.098652 0.030114
v 0.012295 0.098652 0.028902
v 0.012295 0.098652 0.027714
v 0.012295 0.098652 0.026502
v 0.012295 0.098652 0.025314
v 0.012295 0.098652 0.024102
v 0.012295 0.098652 0.022914
v 0.012295 0.098652 0.021702
v 0.012295 0.098652 0.020514
v 0.012295 0.098652 0.019302
v 0.012295 0.098652 0.018114
v 0.012295 0.098652 0.016902
v 0.012295 0.098652 0.015714
v 0.012295 0.098652 0.014502
v 0.012295 0.098652 0.013314
v 0.012295 0.098652 0.012102
v 0.012295 0.098652 0.010914
v 0.012295 0.098652 0.009702
v 0.012295 0.098652 0.008514
v 0.012295 0.114835 0.031696
v 0.012295 0.114835 0.032848
v 0.012295 0.114835 0.029296
v 0.012295 0.114835 0.028048
v 0.012295 0.114835 0.030448
v 0.012295 0.114835 0.025648
v 0.012295 0.114835 0.026896
v 0.012295 0.114835 0.023248
v 0.012295 0.114835 0.022096
v 0.012295 0.114835 0.024496
v 0.012295 0.114835 0.019696
v 0.012295 0.114835 0.020848
v 0.012295 0.114835 0.017296
v 0.012295 0.114835 0.016048
v 0.012295 0.114835 0.018448
v 0.012295 0.114835 0.013648
v 0.012295 0.114835 0.014896
v 0.012295 0.114835 0.012496
v 0.012295 0.114835 0.011248
v 0.011801 0.098652 0.007302
v 0.011801 0.098652 0.032514
v 0.011801 0.098652 0.031302
v 0.011801 0.098652 0.030114
v 0.011801 0.098652 0.028902
v 0.011801 0.098652 0.027714
v 0.011801 0.098652 0.026502
v 0.011801 0.098652 0.025314
v 0.011801 0.098652 0.024102
v 0.011801 0.098652 0.022914
v 0.011801 0.098652 0.021702
v 0.011801 0.098652 0.020514
v 0.011801 0.098652 0.019302
v 0.011801 0.098652 0.018114
v 0.011801 0.098652 0.016902
v 0.011801 0.098652 0.015714
v 0.011801 0.098652 0.014502
v 0.011801 0.098652 0.013314
v 0.011801 0.098652 0.012102
v 0.011801 0.098652 0.010914
v 0.011801 0.098652 0.009702
v 0.011801 0.098652 0.008514
v 0.011801 0.115129 0.018520
v 0.011801 0.115129 0.017368
v 0.011801 0.115129 0.016120
v 0.011801 0.115129 0.014968
v 0.011801 0.115129 0.013720
v 0.011801 0.115129 0.012568
v 0.011801 0.115129 0.011320
v 0.011801 0.115129 0.032920
v 0.011801 0.115129 0.031768
v 0.011801 0.115129 0.030520
v 0.011801 0.115129 0.029368
v 0.011801 0.115129 0.028120
v 0.011801 0.115129 0.026968
v 0.011801 0.115129 0.025720
v 0.011801 0.115129 0.024568
v 0.011801 0.115129 0.022168
v 0.011801 0.115129 0.023320
v 0.011801 0.115129 0.020920
v 0.011801 0.115129 0.019768
v -0.011801 0.098652 0.034914
v -0.012295 0.114835 0.035248
v -0.011801 0.115129 0.037720
v -0.011801 0.115129 0.038968
v -0.012295 0.114835 0.038896
v -0.012295 0.114835 0.037648
v -0.012295 0.114835 0.036496
v -0.011801 0.115129 0.036568
v -0.011801 0.115129 0.035320
v -0.011801 0.115129 0.034168
v -0.012295 0.114835 0.034096
v -0.012295 0.098652 0.034914
v -0.011801 0.098652 0.033702
v -0.012295 0.098652 0.033702
v -0.012295 0.098652 0.032514
v -0.012295 0.098652 0.031302
v -0.012295 0.098652 0.030114
v -0.012295 0.098652 0.028902
v -0.012295 0.098652 0.027714
v -0.012295 0.098652 0.026502
v -0.012295 0.098652 0.025314
v -0.012295 0.098652 0.024102
v -0.012295 0.098652 0.022914
v -0.012295 0.098652 0.021702
v -0.012295 0.098652 0.020514
v -0.012295 0.098652 0.019302
v -0.012295 0.098652 0.018114
v -0.012295 0.098652 0.016902
v -0.012295 0.098652 0.015714
v -0.012295 0.098652 0.014502
v -0.012295 0.098652 0.013314
v -0.012295 0.098652 0.012102
v -0.012295 0.098652 0.010914
v -0.012295 0.098652 0.009702
v -0.012295 0.098652 0.008514
v -0.012295 0.098652 0.007302
v -0.012295 0.114835 0.031696
v -0.012295 0.114835 0.032848
v -0.012295 0.114835 0.029296
v -0.012295 0.114835 0.028048
v -0.012295 0.114835 0.030448
v -0.012295 0.114835 0.025648
v -0.012295 0.114835 0.026896
v -0.012295 0.114835 0.023248
v -0.012295 0.114835 0.022096
v -0.012295 0.114835 0.024496
v -0.012295 0.114835 0.019696
v -0.012295 0.114835 0.020848
v -0.012295 0.114835 0.017296
v -0.012295 0.114835 0.016048
v -0.012295 0.114835 0.018448
v -0.012295 0.114835 0.013648
v -0.012295 0.114835 0.014896
v -0.012295 0.114835 0.012496
v -0.012295 0.114835 0.011248
v -0.011801 0.098652 0.007302
v -0.011801 0.098652 0.008514
v -0.011801 0.098652 0.032514
v -0.011801 0.098652 0.010914
v -0.011801 0.098652 0.009702
v -0.011801 0.098652 0.013314
v -0.011801 0.098652 0.014502
v -0.011801 0.098652 0.012102
v -0.011801 0.098652 0.019302
v -0.011801 0.098652 0.018114
v -0.011801 0.098652 0.016902
v -0.011801 0.098652 0.015714
v -0.011801 0.098652 0.030114
v -0.011801 0.098652 0.031302
v -0.011801 0.098652 0.028902
v -0.011801 0.098652 0.027714
v -0.011801 0.098652 0.026502
v -0.011801 0.098652 0.025314
v -0.011801 0.098652 0.024102
v -0.011801 0.098652 0.022914
v -0.011801 0.098652 0.021702
v -0.011801 0.098652 0.020514
v -0.011801 0.115129 0.032920
v -0.011801 0.115129 0.031768
v -0.011801 0.115129 0.030520
v -0.011801 0.115129 0.029368
v -0.011801 0.115129 0.019768
v -0.011801 0.115129 0.020920
v -0.011801 0.115129 0.022168
v -0.011801 0.115129 0.023320
v -0.011801 0.115129 0.028120
v -0.011801 0.115129 0.026968
v -0.011801 0.115129 0.025720
v -0.011801 0.115129 0.024568
v -0.011801 0.115129 0.011320
v -0.011801 0.115129 0.013720
v -0.011801 0.115129 0.012568
v -0.011801 0.115129 0.018520
v -0.011801 0.115129 0.017368
v -0.011801 0.115129 0.016120
v -0.011801 0.115129 0.014968
v 0.011395 0.115371 -0.013558
v 0.012295 0.114835 -0.013558
v 0.012295 0.108352 -0.013037
v 0.012295 0.110489 -0.013558
v 0.012295 0.112901 -0.013558
v 0.012295 0.103013 -0.006405
v 0.012295 0.100674 -0.000704
v 0.012295 0.099948 0.001690
v 0.012295 0.099838 0.003347
v 0.012295 0.101430 0.006141
v 0.012295 0.100082 0.004702
v 0.012295 0.104983 0.007859
v 0.012295 0.109037 0.008484
v 0.012295 0.113562 0.007929
v 0.012295 0.112180 0.008403
v 0.012295 0.114835 0.008128
v 0.011395 0.115371 0.008212
v -0.010891 0.098652 0.009108
v -0.009562 0.099599 0.009108
v 0.009562 0.099599 0.032487
v -0.009562 0.099599 0.032487
v -0.010891 0.099599 0.032487
v -0.009562 0.108011 0.032487
v 0.009562 0.108011 0.032487
v 0.010891 0.098652 0.032487
v 0.009562 0.099599 0.028308
v -0.010891 0.099599 0.028308
v 0.010891 0.099599 0.028308
v 0.010891 0.098652 0.028308
v -0.009562 0.108011 0.028308
v 0.009562 0.108011 0.028308
v -0.010891 0.098652 0.028308
v -0.009562 0.099599 0.028308
v -0.010891 0.099599 0.023508
v 0.010891 0.099599 0.023508
v 0.010891 0.098652 0.023508
v -0.010891 0.098652 0.023508
v -0.009562 0.099599 0.023508
v 0.009562 0.099599 0.023508
v -0.009562 0.108011 0.023508
v 0.009562 0.108011 0.023508
v -0.010891 0.099599 0.018708
v -0.009562 0.108011 0.018708
v 0.009562 0.108011 0.018708
v -0.010891 0.098652 0.018708
v -0.009562 0.099599 0.018708
v 0.009562 0.099599 0.018708
v 0.010891 0.099599 0.018708
v 0.010891 0.098652 0.018708
v 0.010891 0.099599 0.013908
v 0.009562 0.099599 0.013908
v -0.010891 0.099599 0.013908
v -0.009562 0.108011 0.013908
v 0.009562 0.108011 0.013908
v 0.010891 0.098652 0.013908
v -0.010891 0.098652 0.013908
v -0.009562 0.099599 0.013908
v 0.009562 0.099599 0.009108
v -0.010891 0.099599 0.009108
v 0.010891 0.099599 0.009108
v -0.009562 0.108011 0.009108
v 0.009562 0.108011 0.009108
v 0.010891 0.098652 0.009108
v -0.007595 0.118322 0.022399
v -0.007595 0.118322 0.035301
v -0.005648 0.120773 0.020592
v -0.006297 0.119956 0.020312
v -0.004999 0.121589 0.035301
v -0.007421 0.118541 0.021355
v -0.006946 0.119139 0.020592
v -0.005173 0.121371 0.021355
v -0.004999 0.121589 0.022399
v -0.010627 0.118311 0.013144
v -0.010284 0.119598 0.013144
v -0.011338 0.115405 0.011944
v -0.010900 0.116384 0.013144
v -0.011338 0.115405 0.014344
v -0.010284 0.119598 0.016744
v -0.010627 0.118311 0.016744
v -0.011338 0.115405 0.016744
v -0.010900 0.116384 0.016744
v -0.010284 0.119598 0.019144
v -0.011338 0.115405 0.019144
v -0.010627 0.118311 0.019144
v -0.010900 0.116384 0.019144
v -0.010627 0.118311 0.021544
v -0.011338 0.115405 0.021544
v -0.010900 0.116384 0.021544
v -0.010284 0.119598 0.021544
v -0.010284 0.119598 0.023944
v -0.010627 0.118311 0.023944
v -0.011338 0.115405 0.023944
v -0.010900 0.116384 0.023944
v -0.010284 0.119598 0.026344
v -0.010627 0.118311 0.026344
v -0.011338 0.115405 0.026344
v -0.010900 0.116384 0.026344
v -0.010284 0.119598 0.028744
v -0.010627 0.118311 0.028744
v -0.011338 0.115405 0.028744
v -0.010900 0.116384 0.028744
v -0.010284 0.119598 0.031144
v -0.010627 0.118311 0.031144
v -0.011338 0.115405 0.031144
v -0.010900 0.116384 0.031144
v -0.010284 0.119598 0.033544
v -0.010627 0.118311 0.033544
v -0.011338 0.115405 0.033544
v -0.010900 0.116384 0.033544
v -0.010900 0.116384 0.037489
v -0.011338 0.115405 0.037242
v -0.006154 0.125049 0.021659
v 0.010900 0.116384 0.022802
v -0.002883 0.129509 0.022821
v -0.002883 0.125990 0.022802
v -0.004687 0.125723 0.021659
v 0.010284 0.119598 0.022802
v -0.002883 0.125990 0.013144
v -0.006154 0.125049 0.013144
v 0.002883 0.125990 0.013144
v -0.002883 0.129509 0.013144
v 0.010627 0.118311 0.013144
v 0.009132 0.122098 0.013144
v 0.010284 0.119598 0.013144
v 0.009751 0.120875 0.013144
v 0.004687 0.125723 0.013144
v 0.010900 0.116384 0.013144
v 0.011338 0.115405 0.011944
v 0.002883 0.129509 0.013144
v 0.008030 0.123545 0.013144
v 0.006154 0.125049 0.013144
v -0.004687 0.125723 0.013144
v 0.011338 0.115405 0.014344
v -0.004687 0.125723 0.016744
v -0.002883 0.127021 0.017944
v -0.006154 0.125049 0.016744
v 0.010900 0.116384 0.017944
v 0.011338 0.115405 0.016744
v 0.002883 0.125990 0.017944
v -0.002883 0.125990 0.017944
v 0.010627 0.118311 0.017944
v 0.010284 0.119598 0.017944
v 0.009751 0.120875 0.017944
v 0.004687 0.125723 0.017944
v 0.008030 0.123545 0.017944
v 0.009132 0.122098 0.017944
v 0.006154 0.125049 0.017944
v -0.004687 0.125723 0.019144
v -0.006154 0.125049 0.019144
v 0.011338 0.115405 0.019144
v -0.002883 0.129509 0.017944
v -0.009702 0.120970 0.013144
v -0.008030 0.123545 0.013144
v -0.009132 0.122098 0.013144
v -0.009132 0.122098 0.016744
v -0.009683 0.121008 0.016744
v -0.008030 0.123545 0.016744
v -0.008030 0.123545 0.019144
v -0.009132 0.122098 0.019144
v -0.009670 0.121034 0.019144
v 0.002883 0.129509 0.017944
v 0.002883 0.127021 0.017944
v 0.011338 0.115405 0.021659
v 0.002883 0.125990 0.022821
v 0.010627 0.118311 0.022802
v 0.009751 0.120875 0.022802
v 0.006154 0.125049 0.022802
v -0.004687 0.125723 0.023944
v -0.007747 0.123773 0.023944
v -0.006154 0.125049 0.023944
v 0.002883 0.129509 0.022821
v 0.009132 0.122098 0.022802
v -0.004999 0.121589 0.023944
v 0.004687 0.125723 0.022802
v -0.002883 0.127021 0.022821
v 0.011338 0.115405 0.023944
v 0.008030 0.123545 0.022802
v 0.006154 0.125049 0.027544
v -0.004687 0.125723 0.027544
v -0.007747 0.123773 0.027544
v 0.010900 0.116384 0.027544
v 0.011338 0.115405 0.026344
v 0.002883 0.125990 0.027544
v 0.002883 0.129509 0.027544
v 0.008030 0.123545 0.027544
v -0.002883 0.129509 0.027544
v -0.002883 0.125990 0.027544
v 0.009132 0.122098 0.027544
v -0.004999 0.121589 0.027544
v 0.004687 0.125723 0.027544
v -0.006154 0.125049 0.027544
v 0.011338 0.115405 0.028744
v 0.010627 0.118311 0.027544
v 0.010284 0.119598 0.027544
v 0.009751 0.120875 0.027544
v 0.006154 0.125049 0.032344
v -0.004687 0.125723 0.032344
v -0.004999 0.121589 0.032344
v 0.004687 0.125723 0.032344
v 0.010900 0.116384 0.032344
v 0.002883 0.125990 0.032344
v -0.007747 0.123773 0.032344
v 0.011338 0.115405 0.031144
v 0.008030 0.123545 0.032344
v 0.009132 0.122098 0.032344
v -0.006154 0.125049 0.032344
v 0.011338 0.115405 0.033544
v 0.002883 0.129509 0.032344
v -0.002883 0.129509 0.032344
v -0.002883 0.125990 0.032344
v 0.010627 0.118311 0.032344
v 0.010284 0.119598 0.032344
v 0.009751 0.120875 0.032344
v -0.010014 0.120244 0.033544
v -0.007595 0.118322 0.032344
v -0.010014 0.120244 0.031144
v -0.010014 0.120244 0.028744
v -0.007595 0.118322 0.027544
v -0.010014 0.120244 0.026344
v -0.007595 0.118322 0.023944
v -0.010014 0.120244 0.023944
v 0.011338 0.115405 0.038344
v 0.002883 0.125990 0.037141
v 0.010900 0.116384 0.037140
v 0.009751 0.120875 0.037140
v 0.010284 0.119598 0.037140
v 0.008030 0.123545 0.037140
v 0.009132 0.122098 0.037140
v 0.002883 0.129509 0.037141
v 0.010627 0.118311 0.037140
v -0.002883 0.129509 0.036908
v -0.011817 0.115120 0.002327
v 0.008030 0.123545 0.002327
v 0.010900 0.116384 0.002327
v 0.009751 0.120875 0.002327
v 0.009132 0.122098 0.002327
v 0.004687 0.125723 0.002327
v 0.010284 0.119598 0.002327
v 0.010627 0.118311 0.002327
v 0.006154 0.125049 0.002327
v 0.011395 0.115371 0.002327
v 0.011338 0.115405 0.002327
v 0.011395 0.113361 0.002244
v 0.011395 0.111701 0.002175
v 0.011395 0.108812 0.002056
v 0.011395 0.105163 0.001905
v 0.011395 0.101981 0.001774
v 0.011338 0.115405 -0.013558
v 0.008780 0.020680 -0.027054
v 0.011113 0.020680 -0.027054
v 0.008780 0.020100 -0.026700
v 0.011113 0.020100 -0.026700
v 0.008780 0.019774 -0.026105
v 0.011113 0.019774 -0.026105
v 0.008780 0.019790 -0.025426
v 0.011113 0.019790 -0.025426
v 0.008780 0.020144 -0.024846
v 0.011113 0.020144 -0.024846
v 0.008780 0.020739 -0.024521
v 0.011113 0.020739 -0.024521
v 0.008780 0.021418 -0.024537
v 0.011113 0.021418 -0.024537
v 0.008780 0.021998 -0.024890
v 0.011113 0.021998 -0.024890
v 0.008780 0.022323 -0.025486
v 0.011113 0.022323 -0.025486
v 0.008780 0.022307 -0.026164
v 0.011113 0.022307 -0.026164
v 0.008780 0.021954 -0.026744
v 0.011113 0.021954 -0.026744
v 0.008780 0.021358 -0.027070
v 0.011113 0.021358 -0.027070
v 0.013352 0.019981 -0.026849
v 0.013024 0.019486 -0.026520
v 0.012784 0.019222 -0.025943
v 0.012696 0.019260 -0.025271
v 0.012784 0.019591 -0.024684
v 0.013024 0.020125 -0.024341
v 0.013352 0.020720 -0.024332
v 0.013679 0.021215 -0.024660
v 0.013919 0.021479 -0.025238
v 0.014007 0.021440 -0.025910
v 0.013919 0.021110 -0.026496
v 0.013679 0.020576 -0.026840
v 0.014926 0.018302 -0.026356
v 0.014358 0.018037 -0.026095
v 0.013942 0.017942 -0.025567
v 0.013790 0.018042 -0.024913
v 0.013942 0.018311 -0.024309
v 0.014358 0.018677 -0.023915
v 0.014926 0.019041 -0.023839
v 0.015494 0.019306 -0.024100
v 0.015910 0.019401 -0.024628
v 0.016062 0.019301 -0.025282
v 0.015910 0.019032 -0.025887
v 0.015494 0.018666 -0.026280
v 0.015415 0.016093 -0.025708
v 0.014759 0.016142 -0.025539
v 0.014279 0.016277 -0.025079
v 0.014103 0.016462 -0.024449
v 0.014279 0.016646 -0.023820
v 0.014759 0.016782 -0.023360
v 0.015415 0.016831 -0.023191
v 0.016071 0.016782 -0.023360
v 0.016551 0.016646 -0.023820
v 0.016726 0.016462 -0.024449
v 0.016551 0.016277 -0.025079
v 0.016071 0.016142 -0.025539
v 0.014687 0.013945 -0.025078
v 0.014119 0.014309 -0.025001
v 0.013703 0.014674 -0.024608
v 0.013551 0.014943 -0.024004
v 0.013703 0.015043 -0.023350
v 0.014119 0.014948 -0.022822
v 0.014687 0.014683 -0.022561
v 0.015255 0.014319 -0.022637
v 0.015670 0.013954 -0.023030
v 0.015823 0.013685 -0.023635
v 0.015670 0.013584 -0.024289
v 0.015255 0.013680 -0.024817
v 0.012937 0.012434 -0.024634
v 0.012609 0.013028 -0.024626
v 0.012369 0.013562 -0.024282
v 0.012281 0.013893 -0.023696
v 0.012369 0.013932 -0.023024
v 0.012609 0.013668 -0.022446
v 0.012937 0.013172 -0.022117
v 0.013265 0.012578 -0.022126
v 0.013505 0.012044 -0.022470
v 0.013593 0.011713 -0.023056
v 0.013505 0.011675 -0.023728
v 0.013265 0.011938 -0.024306
v 0.010634 0.011965 -0.024497
v 0.010634 0.012644 -0.024513
v 0.010634 0.013239 -0.024187
v 0.010634 0.013593 -0.023608
v 0.010634 0.013609 -0.022929
v 0.010634 0.013283 -0.022333
v 0.010634 0.012703 -0.021980
v 0.010634 0.012025 -0.021964
v 0.010634 0.011429 -0.022289
v 0.010634 0.011076 -0.022869
v 0.010634 0.011060 -0.023548
v 0.010634 0.011385 -0.024144
v 0.008646 0.012644 -0.024513
v 0.008646 0.011965 -0.024497
v 0.008646 0.013239 -0.024187
v 0.008646 0.013593 -0.023608
v 0.008646 0.013609 -0.022929
v 0.008646 0.013283 -0.022333
v 0.008646 0.012703 -0.021980
v 0.008646 0.012025 -0.021964
v 0.008646 0.011429 -0.022289
v 0.008646 0.011076 -0.022869
v 0.008646 0.011060 -0.023548
v 0.008646 0.011385 -0.024144
v 0.001884 0.009476 -0.018045
v -0.001884 0.009476 -0.018045
v 0.001884 0.008130 -0.017488
v -0.001884 0.008130 -0.017488
v 0.001884 0.007244 -0.016332
v -0.001884 0.007244 -0.016332
v 0.001884 0.007054 -0.014888
v -0.001884 0.007054 -0.014888
v 0.001884 0.007611 -0.013543
v -0.001884 0.007611 -0.013543
v 0.001884 0.008767 -0.012656
v -0.001884 0.008767 -0.012656
v 0.001884 0.010211 -0.012466
v -0.001884 0.010211 -0.012466
v 0.001884 0.011557 -0.013023
v -0.001884 0.011557 -0.013023
v 0.001884 0.012443 -0.014179
v -0.001884 0.012443 -0.014179
v 0.001884 0.012633 -0.015623
v -0.001884 0.012633 -0.015623
v 0.001884 0.012076 -0.016969
v -0.001884 0.012076 -0.016969
v 0.001884 0.010920 -0.017855
v -0.001884 0.010920 -0.017855
v -0.001868 0.009844 -0.018991
v -0.001868 0.008877 -0.018863
v 0.001868 0.008877 -0.018863
v 0.001868 0.009844 -0.018991
v -0.001868 0.007976 -0.018490
v 0.001868 0.007976 -0.018490
v -0.001868 0.007202 -0.017897
v 0.001868 0.007202 -0.017897
v -0.001868 0.006609 -0.017123
v 0.001868 0.006609 -0.017123
v -0.001868 0.006236 -0.016222
v 0.001868 0.006236 -0.016222
v -0.001868 0.006108 -0.015256
v 0.001868 0.006108 -0.015256
v -0.001868 0.006236 -0.014289
v 0.001868 0.006236 -0.014289
v -0.001868 0.006609 -0.013388
v 0.001868 0.006609 -0.013388
v -0.001868 0.007202 -0.012614
v 0.001868 0.007202 -0.012614
v -0.001868 0.007976 -0.012021
v 0.001868 0.007976 -0.012021
v -0.001868 0.008877 -0.011648
v 0.001868 0.008877 -0.011648
v -0.001868 0.009844 -0.011520
v 0.001868 0.009844 -0.011520
v -0.001868 0.010810 -0.011648
v 0.001868 0.010810 -0.011648
v -0.001868 0.011711 -0.012021
v 0.001868 0.011711 -0.012021
v -0.001868 0.012485 -0.012614
v 0.001868 0.012485 -0.012614
v -0.001868 0.013078 -0.013388
v 0.001868 0.013078 -0.013388
v -0.001868 0.013451 -0.014289
v 0.001868 0.013451 -0.014289
v -0.001868 0.013579 -0.015256
v 0.001868 0.013579 -0.015256
v -0.001868 0.013451 -0.016222
v 0.001868 0.013451 -0.016222
v -0.001868 0.013078 -0.017123
v 0.001868 0.013078 -0.017123
v -0.001868 0.012485 -0.017897
v 0.001868 0.012485 -0.017897
v -0.001868 0.011711 -0.018490
v 0.001868 0.011711 -0.018490
v -0.001868 0.010810 -0.018863
v 0.001868 0.010810 -0.018863
v -0.006898 0.065773 0.035654
v -0.006898 0.065063 0.035844
v 0.006898 0.065063 0.035844
v 0.006898 0.065773 0.035654
v -0.006898 0.064543 0.036364
v 0.006898 0.064543 0.036364
v -0.006898 0.064352 0.037075
v 0.006898 0.064352 0.037075
v -0.006898 0.064543 0.037785
v 0.006898 0.064543 0.037785
v -0.006898 0.065063 0.038305
v 0.006898 0.065063 0.038305
v -0.006898 0.065773 0.038496
v 0.006898 0.065773 0.038496
v -0.006898 0.066484 0.038305
v 0.006898 0.066484 0.038305
v -0.006898 0.067004 0.037785
v 0.006898 0.067004 0.037785
v -0.006898 0.067194 0.037075
v 0.006898 0.067194 0.037075
v -0.006898 0.067004 0.036364
v 0.006898 0.067004 0.036364
v -0.006898 0.066484 0.035844
v 0.006898 0.066484 0.035844
v 0.008853 0.071075 0.022823
v 0.012666 0.071075 0.023608
v 0.008853 0.069508 0.023135
v 0.012666 0.069808 0.023860
v 0.008853 0.068179 0.024022
v 0.012666 0.068734 0.024577
v 0.008853 0.067291 0.025351
v 0.012666 0.068016 0.025652
v 0.008853 0.066979 0.026919
v 0.012666 0.067764 0.026919
v 0.008853 0.067291 0.028486
v 0.012666 0.068016 0.028186
v 0.008853 0.068179 0.029815
v 0.012666 0.068734 0.029260
v 0.008853 0.069508 0.030703
v 0.012666 0.069808 0.029978
v 0.008853 0.071075 0.031015
v 0.012666 0.071075 0.030230
v 0.008853 0.072642 0.030703
v 0.012666 0.072342 0.029978
v 0.008853 0.073971 0.029815
v 0.012666 0.073416 0.029260
v 0.008853 0.074859 0.028486
v 0.012666 0.074134 0.028186
v 0.008853 0.075171 0.026919
v 0.012666 0.074386 0.026919
v 0.008853 0.074859 0.025351
v 0.012666 0.074134 0.025652
v 0.008853 0.073971 0.024022
v 0.012666 0.073416 0.024577
v 0.008853 0.072642 0.023135
v 0.012666 0.072342 0.023860
v 0.012563 0.069508 0.023135
v 0.012563 0.071075 0.022823
v 0.012563 0.068179 0.024022
v 0.012563 0.067291 0.025351
v 0.012563 0.066979 0.026919
v 0.012563 0.067291 0.028486
v 0.012563 0.068179 0.029815
v 0.012563 0.069508 0.030703
v 0.012563 0.071075 0.031015
v 0.012563 0.072642 0.030703
v 0.012563 0.073971 0.029815
v 0.012563 0.074859 0.028486
v 0.012563 0.075171 0.026919
v 0.012563 0.074859 0.025351
v 0.012563 0.073971 0.024022
v 0.012563 0.072642 0.023135
v 0.013033 0.069808 0.023860
v 0.013992 0.069963 0.024234
v 0.013033 0.071075 0.023608
v 0.013992 0.071075 0.024013
v 0.013033 0.068734 0.024577
v 0.013992 0.069020 0.024864
v 0.013033 0.068016 0.025652
v 0.013992 0.068390 0.025807
v 0.013033 0.067764 0.026919
v 0.013992 0.068169 0.026919
v 0.013033 0.068016 0.028186
v 0.013992 0.068390 0.028031
v 0.013033 0.068734 0.029260
v 0.013992 0.069020 0.028974
v 0.013033 0.069808 0.029978
v 0.013992 0.069963 0.029604
v 0.013033 0.071075 0.030230
v 0.013992 0.071075 0.029825
v 0.013033 0.072342 0.029978
v 0.013992 0.072187 0.029604
v 0.013033 0.073416 0.029260
v 0.013992 0.073130 0.028974
v 0.013033 0.074134 0.028186
v 0.013992 0.073760 0.028031
v 0.013033 0.074386 0.026919
v 0.013992 0.073981 0.026919
v 0.013033 0.074134 0.025652
v 0.013992 0.073760 0.025807
v 0.013033 0.073416 0.024577
v 0.013992 0.073130 0.024864
v 0.013033 0.072342 0.023860
v 0.013992 0.072187 0.024234
v 0.014389 0.071075 0.024990
v 0.014389 0.071816 0.025130
v 0.014389 0.071816 0.028708
v 0.014389 0.071075 0.028847
v 0.014389 0.070334 0.028708
v 0.014389 0.069293 0.026181
v 0.014389 0.069706 0.025549
v 0.014389 0.072444 0.025549
v 0.014389 0.072857 0.026181
v 0.014389 0.072444 0.028288
v 0.014389 0.072864 0.027660
v 0.014389 0.073012 0.026919
v 0.014389 0.069711 0.028282
v 0.014389 0.070337 0.025137
v 0.014389 0.069146 0.026919
v 0.014389 0.069293 0.027657
v -0.006367 0.121512 0.020387
v -0.005395 0.121787 0.020889
v -0.004536 0.121516 0.021568
v -0.004019 0.120773 0.022243
v -0.003985 0.119757 0.022732
v -0.004441 0.118739 0.022904
v -0.005266 0.117993 0.022713
v -0.006238 0.117719 0.022211
v -0.007098 0.117989 0.021532
v -0.007614 0.118732 0.020857
v -0.007649 0.119748 0.020368
v -0.007192 0.120766 0.020196
v -0.007910 0.122353 0.023150
v -0.007814 0.122540 0.022626
v -0.007119 0.122577 0.023559
v -0.006842 0.122815 0.023128
v -0.006420 0.122357 0.024112
v -0.005982 0.122544 0.023808
v -0.006000 0.121752 0.024660
v -0.005466 0.121801 0.024482
v -0.005972 0.120925 0.025058
v -0.005432 0.120785 0.024971
v -0.006343 0.120097 0.025198
v -0.005888 0.119767 0.025143
v -0.007014 0.119490 0.025043
v -0.006713 0.119021 0.024953
v -0.007805 0.119267 0.024635
v -0.007685 0.118747 0.024451
v -0.008505 0.119487 0.024082
v -0.008545 0.119017 0.023771
v -0.008925 0.120091 0.023533
v -0.009061 0.119760 0.023097
v -0.008953 0.120918 0.023135
v -0.009095 0.120776 0.022608
v -0.008581 0.121746 0.022995
v -0.008639 0.121794 0.022435
v -0.001723 0.120550 0.059100
v -0.003329 0.119885 0.059100
v -0.004708 0.118827 0.059100
v -0.005766 0.117448 0.059100
v -0.006431 0.115842 0.059100
v -0.006658 0.114119 0.059100
v -0.006431 0.112395 0.059100
v -0.005766 0.110789 0.059100
v -0.004708 0.109410 0.059100
v -0.003329 0.108352 0.059100
v -0.001723 0.107687 0.059100
v -0.000000 0.107460 0.059100
v 0.001723 0.107687 0.059100
v 0.003329 0.108352 0.059100
v 0.004708 0.109410 0.059100
v 0.005766 0.110789 0.059100
v 0.006431 0.112395 0.059100
v 0.006658 0.114119 0.059100
v 0.006431 0.115842 0.059100
v 0.005766 0.117448 0.059100
v 0.004708 0.118827 0.059100
v 0.003329 0.119885 0.059100
v -0.000000 0.120777 0.059100
v 0.001723 0.120550 0.059100
v 0.003383 0.126933 0.134193
v -0.000000 0.127378 0.134193
v 0.006535 0.125627 0.134193
v 0.009242 0.123550 0.134193
v 0.011319 0.120843 0.134193
v 0.012625 0.117691 0.134193
v 0.013070 0.114308 0.134193
v 0.012625 0.110925 0.134193
v 0.011319 0.107773 0.134193
v 0.009242 0.105066 0.134193
v 0.006535 0.102989 0.134193
v 0.003383 0.101683 0.134193
v -0.000000 0.101238 0.134193
v -0.003383 0.101683 0.134193
v -0.006535 0.102989 0.134193
v -0.009242 0.105066 0.134193
v -0.011319 0.107773 0.134193
v -0.012625 0.110925 0.134193
v -0.013070 0.114308 0.134193
v -0.012625 0.117691 0.134193
v -0.011319 0.120843 0.134193
v -0.009242 0.123550 0.134193
v -0.006535 0.125627 0.134193
v -0.003383 0.126933 0.134193
v 0.003383 0.126933 0.137848
v -0.000000 0.127378 0.137848
v 0.006535 0.125627 0.137848
v 0.009242 0.123550 0.137848
v 0.011319 0.120843 0.137848
v 0.012625 0.117691 0.137848
v 0.013070 0.114308 0.137848
v 0.012625 0.110925 0.137848
v 0.011319 0.107773 0.137848
v 0.009242 0.105066 0.137848
v 0.006535 0.102989 0.137848
v 0.003383 0.101683 0.137848
v -0.000000 0.101238 0.137848
v -0.003383 0.101683 0.137848
v -0.006535 0.102989 0.137848
v -0.009242 0.105066 0.137848
v -0.011319 0.107773 0.137848
v -0.012625 0.110925 0.137848
v -0.013070 0.114308 0.137848
v -0.012625 0.117691 0.137848
v -0.011319 0.120843 0.137848
v -0.009242 0.123550 0.137848
v -0.006535 0.125627 0.137848
v -0.003383 0.126933 0.137848
v 0.002229 0.122628 0.137848
v -0.000000 0.122922 0.137848
v 0.004307 0.121768 0.137848
v 0.006091 0.120399 0.137848
v 0.007460 0.118615 0.137848
v 0.008320 0.116537 0.137848
v 0.008614 0.114308 0.137848
v 0.008320 0.112079 0.137848
v 0.007460 0.110001 0.137848
v 0.006091 0.108217 0.137848
v 0.004307 0.106848 0.137848
v 0.002229 0.105988 0.137848
v -0.000000 0.105694 0.137848
v -0.002229 0.105988 0.137848
v -0.004307 0.106848 0.137848
v -0.006091 0.108217 0.137848
v -0.007460 0.110001 0.137848
v -0.008320 0.112079 0.137848
v -0.008614 0.114308 0.137848
v -0.008320 0.116537 0.137848
v -0.007460 0.118615 0.137848
v -0.006091 0.120399 0.137848
v -0.004307 0.121768 0.137848
v -0.002229 0.122628 0.137848
v 0.002229 0.122628 0.125481
v -0.000000 0.122922 0.125481
v 0.004307 0.121768 0.125481
v 0.006091 0.120399 0.125481
v 0.007460 0.118615 0.125481
v 0.008320 0.116537 0.125481
v 0.008614 0.114308 0.125481
v 0.008320 0.112079 0.125481
v 0.007460 0.110001 0.125481
v 0.006091 0.108217 0.125481
v 0.004307 0.106848 0.125481
v 0.002229 0.105988 0.125481
v -0.000000 0.105694 0.125481
v -0.002229 0.105988 0.125481
v -0.004307 0.106848 0.125481
v -0.006091 0.108217 0.125481
v -0.007460 0.110001 0.125481
v -0.008320 0.112079 0.125481
v -0.008614 0.114308 0.125481
v -0.008320 0.116537 0.125481
v -0.007460 0.118615 0.125481
v -0.006091 0.120399 0.125481
v -0.004307 0.121768 0.125481
v -0.002229 0.122628 0.125481
v 0.001723 0.120740 0.125481
v -0.000000 0.120966 0.125481
v 0.003329 0.120074 0.125481
v 0.004708 0.119016 0.125481
v 0.005766 0.117637 0.125481
v 0.006431 0.116031 0.125481
v 0.006658 0.114308 0.125481
v 0.006431 0.112585 0.125481
v 0.005766 0.110979 0.125481
v 0.004708 0.109600 0.125481
v 0.003329 0.108542 0.125481
v 0.001723 0.107877 0.125481
v -0.000000 0.107650 0.125481
v -0.001723 0.107877 0.125481
v -0.003329 0.108542 0.125481
v -0.004708 0.109600 0.125481
v -0.005766 0.110979 0.125481
v -0.006431 0.112585 0.125481
v -0.006658 0.114308 0.125481
v -0.006431 0.116031 0.125481
v -0.005766 0.117637 0.125481
v -0.004708 0.119016 0.125481
v -0.003329 0.120074 0.125481
v -0.001723 0.120740 0.125481
v 0.000000 0.098739 0.059100
v 0.003000 0.099035 0.059100
v 0.005885 0.099910 0.059100
v 0.008544 0.101331 0.059100
v 0.010875 0.103244 0.059100
v 0.012788 0.105574 0.059100
v 0.014209 0.108233 0.059100
v 0.015084 0.111118 0.059100
v 0.015380 0.114119 0.059100
v 0.015084 0.117119 0.059100
v 0.014209 0.120004 0.059100
v 0.012788 0.122663 0.059100
v 0.010875 0.124994 0.059100
v 0.008544 0.126906 0.059100
v 0.005885 0.128327 0.059100
v 0.003000 0.129203 0.059100
v 0.000000 0.129498 0.059100
v -0.003000 0.099035 0.059100
v -0.005885 0.099910 0.059100
v -0.008544 0.101331 0.059100
v -0.010875 0.103244 0.059100
v -0.012788 0.105574 0.059100
v -0.014209 0.108233 0.059100
v -0.015084 0.111118 0.059100
v -0.015380 0.114119 0.059100
v -0.015084 0.117119 0.059100
v -0.014209 0.120004 0.059100
v -0.012788 0.122663 0.059100
v -0.010875 0.124994 0.059100
v -0.008544 0.126906 0.059100
v -0.005885 0.128327 0.059100
v -0.003000 0.129203 0.059100
v 0.015084 0.111118 0.060353
v 0.015380 0.114119 0.060353
v 0.008544 0.126906 0.060353
v 0.005885 0.128327 0.060353
v 0.000000 0.098739 0.060353
v 0.003000 0.099035 0.060353
v 0.010875 0.103244 0.060353
v 0.012788 0.105574 0.060353
v 0.010875 0.124994 0.060353
v 0.014209 0.108233 0.060353
v 0.015084 0.117119 0.060353
v 0.014209 0.120004 0.060353
v 0.012788 0.122663 0.060353
v 0.003000 0.129203 0.060353
v 0.000000 0.129498 0.060353
v 0.005885 0.099910 0.060353
v 0.008544 0.101331 0.060353
v -0.015084 0.111118 0.060353
v -0.015380 0.114119 0.060353
v -0.008544 0.126906 0.060353
v -0.005885 0.128327 0.060353
v -0.003000 0.099035 0.060353
v -0.010875 0.103244 0.060353
v -0.012788 0.105574 0.060353
v -0.010875 0.124994 0.060353
v -0.014209 0.108233 0.060353
v -0.015084 0.117119 0.060353
v -0.014209 0.120004 0.060353
v -0.012788 0.122663 0.060353
v -0.003000 0.129203 0.060353
v -0.005885 0.099910 0.060353
v -0.008544 0.101331 0.060353
v 0.014498 0.111235 0.060353
v 0.014782 0.114119 0.060353
v 0.008213 0.126410 0.060353
v 0.005657 0.127776 0.060353
v 0.000000 0.099336 0.060353
v 0.002884 0.099620 0.060353
v 0.010453 0.103666 0.060353
v 0.012291 0.105906 0.060353
v 0.010453 0.124571 0.060353
v 0.013657 0.108462 0.060353
v 0.014498 0.117002 0.060353
v 0.013657 0.119775 0.060353
v 0.012291 0.122331 0.060353
v 0.002884 0.128617 0.060353
v 0.000000 0.128901 0.060353
v 0.005657 0.100461 0.060353
v 0.008213 0.101828 0.060353
v -0.014498 0.111235 0.060353
v -0.014782 0.114119 0.060353
v -0.008213 0.126410 0.060353
v -0.005657 0.127776 0.060353
v -0.002884 0.099620 0.060353
v -0.010453 0.103666 0.060353
v -0.012291 0.105906 0.060353
v -0.010453 0.124571 0.060353
v -0.013657 0.108462 0.060353
v -0.014498 0.117002 0.060353
v -0.013657 0.119775 0.060353
v -0.012291 0.122331 0.060353
v -0.002884 0.128617 0.060353
v -0.005657 0.100461 0.060353
v -0.008213 0.101828 0.060353
v 0.014498 0.111235 0.064102
v 0.014782 0.114119 0.064102
v 0.008213 0.126410 0.064102
v 0.005657 0.127776 0.064102
v 0.000000 0.099336 0.064102
v 0.002884 0.099620 0.064102
v 0.010453 0.103666 0.064102
v 0.012291 0.105906 0.064102
v 0.010453 0.124571 0.064102
v 0.013657 0.108462 0.064102
v 0.014498 0.117002 0.064102
v 0.013657 0.119775 0.064102
v 0.012291 0.122331 0.064102
v 0.002884 0.128617 0.064102
v 0.000000 0.128901 0.064102
v 0.005657 0.100461 0.064102
v 0.008213 0.101828 0.064102
v -0.014498 0.111235 0.064102
v -0.014782 0.114119 0.064102
v -0.008213 0.126410 0.064102
v -0.005657 0.127776 0.064102
v -0.002884 0.099620 0.064102
v -0.010453 0.103666 0.064102
v -0.012291 0.105906 0.064102
v -0.010453 0.124571 0.064102
v -0.013657 0.108462 0.064102
v -0.014498 0.117002 0.064102
v -0.013657 0.119775 0.064102
v -0.012291 0.122331 0.064102
v -0.002884 0.128617 0.064102
v -0.005657 0.100461 0.064102
v -0.008213 0.101828 0.064102
v 0.003904 0.120332 0.133299
v 0.002689 0.120981 0.133299
v 0.001371 0.121381 0.133299
v 0.000000 0.121516 0.133299
v 0.004969 0.119458 0.133299
v 0.002689 0.107996 0.134912
v 0.003904 0.108646 0.134912
v 0.004969 0.109520 0.136525
v 0.001371 0.107596 0.136525
v 0.000000 0.121516 0.134912
v 0.004969 0.119458 0.134912
v 0.001371 0.107596 0.134912
v 0.004969 0.109520 0.134912
v 0.000000 0.107461 0.134912
v 0.002689 0.107996 0.136525
v 0.003904 0.120332 0.134912
v 0.002689 0.120981 0.134912
v 0.001371 0.121381 0.134912
v -0.003904 0.120332 0.133299
v -0.002689 0.120981 0.133299
v -0.001371 0.121381 0.133299
v -0.002689 0.107996 0.134912
v -0.003904 0.108646 0.134912
v -0.004969 0.109520 0.136525
v -0.001371 0.107596 0.136525
v -0.004969 0.119458 0.134912
v -0.004969 0.119458 0.133299
v -0.001371 0.107596 0.134912
v -0.004969 0.109520 0.134912
v -0.003904 0.120332 0.134912
v -0.002689 0.120981 0.134912
v -0.001371 0.121381 0.134912
v 0.008320 0.112079 0.134509
v 0.008614 0.114308 0.134509
v -0.006091 0.108217 0.136525
v -0.004307 0.106848 0.136525
v 0.007460 0.110001 0.136525
v -0.007460 0.110001 0.136525
v 0.006091 0.108217 0.136525
v -0.008320 0.112079 0.134509
v 0.004307 0.106848 0.136525
v -0.008614 0.114308 0.134509
v 0.002229 0.105988 0.136525
v -0.008320 0.116537 0.134509
v -0.000000 0.105694 0.136525
v 0.008320 0.116537 0.134509
v -0.002229 0.105988 0.136525
v -0.006091 0.120399 0.133299
v -0.000000 0.122922 0.133299
v -0.004307 0.121768 0.133299
v -0.002229 0.122628 0.133299
v 0.002229 0.122628 0.133299
v 0.004307 0.121768 0.133299
v 0.006091 0.120399 0.133299
v 0.007460 0.118615 0.133299
v -0.007460 0.118615 0.133299
v -0.004307 0.121768 0.134912
v -0.006091 0.108217 0.134912
v 0.007460 0.110001 0.134912
v -0.002229 0.122628 0.134912
v 0.002229 0.122628 0.134912
v -0.007460 0.110001 0.134912
v 0.006091 0.108217 0.134912
v 0.004307 0.121768 0.134912
v 0.004307 0.106848 0.134912
v 0.006091 0.120399 0.134912
v 0.002229 0.105988 0.134912
v 0.007460 0.118615 0.134912
v -0.000000 0.105694 0.134912
v -0.007460 0.118615 0.134912
v -0.002229 0.105988 0.134912
v -0.006091 0.120399 0.134912
v -0.004307 0.106848 0.134912
v -0.000000 0.122922 0.134912
v 0.003904 0.108646 0.136525
v 0.000000 0.107461 0.136525
v -0.002689 0.107996 0.136525
v -0.003904 0.108646 0.136525
v 0.004067 0.113534 -0.029007
v 0.004067 0.113534 -0.017480
v 0.004067 0.097287 -0.016452
v 0.004067 0.101841 -0.011254
v 0.004067 0.112095 -0.028411
v 0.004067 0.110859 -0.027463
v 0.004067 0.109911 -0.026227
v 0.004067 0.109340 -0.025166
v 0.004067 0.120245 -0.020260
v 0.004067 0.119297 -0.019025
v 0.004067 0.108685 -0.024939
v 0.004067 0.106872 -0.025191
v 0.004067 0.105168 -0.026025
v 0.004067 0.103681 -0.026496
v 0.004067 0.100527 -0.026569
v 0.004067 0.097590 -0.026315
v 0.004067 0.094399 -0.025807
v 0.004067 0.095443 -0.016452
v 0.004067 0.098034 -0.015787
v 0.004067 0.098577 -0.014094
v 0.004067 0.099786 -0.012463
v 0.004067 0.100904 -0.011556
v 0.004067 0.102536 -0.010106
v 0.004067 0.102989 -0.008505
v 0.004067 0.104500 -0.008944
v 0.004067 0.108617 -0.016610
v 0.004067 0.108617 -0.014783
v 0.004067 0.107877 -0.012215
v 0.004067 0.106398 -0.010214
v 0.004067 0.115309 -0.029158
v 0.004067 0.114679 -0.029158
v 0.004067 0.120687 -0.021328
v 0.004067 0.120860 -0.021971
v 0.004067 0.120992 -0.022845
v 0.004067 0.120992 -0.023643
v 0.004067 0.120894 -0.024389
v 0.004067 0.120687 -0.025160
v 0.004067 0.120399 -0.025855
v 0.004067 0.120000 -0.026546
v 0.004067 0.119542 -0.027144
v 0.004067 0.118978 -0.027708
v 0.004067 0.118381 -0.028166
v 0.004067 0.117690 -0.028565
v 0.004067 0.116994 -0.028853
v 0.004067 0.116223 -0.029060
v 0.004067 0.119275 -0.026306
v 0.004067 0.120211 -0.022441
v 0.004067 0.120211 -0.024046
v 0.004067 0.120244 -0.023797
v 0.004067 0.118339 -0.027288
v 0.004067 0.120244 -0.022690
v 0.004067 0.117181 -0.027994
v 0.004067 0.118140 -0.027440
v 0.004067 0.115632 -0.028409
v 0.004067 0.119828 -0.025347
v 0.004067 0.119924 -0.025115
v 0.004067 0.119122 -0.026505
v 0.004067 0.115880 -0.028376
v 0.004067 0.116950 -0.028090
v 0.004067 0.119621 -0.019447
v 0.004067 0.118280 -0.018752
v 0.004067 0.101977 -0.013269
v 0.004067 0.101498 -0.017549
v 0.004067 0.104702 -0.018502
v 0.004067 0.105067 -0.012082
v 0.004067 0.104955 -0.014033
v -0.004067 0.113534 -0.029007
v -0.004067 0.113534 -0.017480
v -0.004067 0.097287 -0.016452
v -0.004067 0.101841 -0.011254
v -0.004067 0.112095 -0.028411
v -0.004067 0.110859 -0.027463
v -0.004067 0.109911 -0.026227
v -0.004067 0.109340 -0.025166
v -0.004067 0.120245 -0.020260
v -0.004067 0.119297 -0.019025
v -0.004067 0.108685 -0.024939
v -0.004067 0.106872 -0.025191
v -0.004067 0.105168 -0.026025
v -0.004067 0.103681 -0.026496
v -0.004067 0.100527 -0.026569
v -0.004067 0.097590 -0.026315
v -0.004067 0.094399 -0.025807
v -0.004067 0.095443 -0.016452
v -0.004067 0.098034 -0.015787
v -0.004067 0.098577 -0.014094
v -0.004067 0.099786 -0.012463
v -0.004067 0.100904 -0.011556
v -0.004067 0.102536 -0.010106
v -0.004067 0.102989 -0.008505
v -0.004067 0.104500 -0.008944
v -0.004067 0.108617 -0.016610
v -0.004067 0.108617 -0.014783
v -0.004067 0.107877 -0.012215
v -0.004067 0.106398 -0.010214
v -0.004067 0.115309 -0.029158
v -0.004067 0.114679 -0.029158
v -0.004067 0.120687 -0.021328
v -0.004067 0.120860 -0.021971
v -0.004067 0.120992 -0.022845
v -0.004067 0.120992 -0.023643
v -0.004067 0.120894 -0.024389
v -0.004067 0.120687 -0.025160
v -0.004067 0.120399 -0.025855
v -0.004067 0.120000 -0.026546
v -0.004067 0.119542 -0.027144
v -0.004067 0.118978 -0.027708
v -0.004067 0.118381 -0.028166
v -0.004067 0.117690 -0.028565
v -0.004067 0.116994 -0.028853
v -0.004067 0.116223 -0.029060
v -0.004067 0.119275 -0.026306
v -0.004067 0.120211 -0.022441
v -0.004067 0.120211 -0.024046
v -0.004067 0.120244 -0.023797
v -0.004067 0.118339 -0.027288
v -0.004067 0.120244 -0.022690
v -0.004067 0.117181 -0.027994
v -0.004067 0.118140 -0.027440
v -0.004067 0.115632 -0.028409
v -0.004067 0.119828 -0.025347
v -0.004067 0.119924 -0.025115
v -0.004067 0.119122 -0.026505
v -0.004067 0.115880 -0.028376
v -0.004067 0.116950 -0.028090
v -0.004067 0.119621 -0.019447
v -0.004067 0.118280 -0.018752
v -0.004067 0.101977 -0.013269
v -0.004067 0.101498 -0.017549
v -0.004067 0.104702 -0.018502
v -0.004067 0.105067 -0.012082
v -0.004067 0.104955 -0.014033
v 0.004705 0.109019 0.059400
v 0.006340 0.110967 0.059400
v 0.007209 0.113356 0.059400
v 0.007209 0.115898 0.059400
v 0.006340 0.118287 0.059400
v 0.004705 0.120235 0.059400
v 0.002504 0.121506 0.059400
v -0.000000 0.121947 0.059400
v 0.004705 0.109019 0.034680
v 0.004705 0.109019 0.042681
v -0.000000 0.121947 0.042681
v 0.006340 0.110967 0.042681
v 0.004705 0.107025 0.030985
v 0.007209 0.113356 0.042681
v 0.007209 0.115898 0.042681
v 0.006340 0.118287 0.042681
v 0.004705 0.120235 0.042681
v 0.002504 0.121506 0.042681
v 0.004705 0.095290 0.059400
v 0.004705 0.095290 0.030985
v 0.004705 0.095290 0.038681
v 0.003189 0.107025 0.030985
v 0.003189 0.106141 0.030985
v 0.003189 0.109019 0.034680
v 0.003189 0.106141 0.034680
v 0.003189 0.109019 0.042631
v 0.003189 0.106141 0.042631
v -0.004705 0.109019 0.059400
v -0.006340 0.110967 0.059400
v -0.007209 0.113356 0.059400
v -0.007209 0.115898 0.059400
v -0.006340 0.118287 0.059400
v -0.004705 0.120235 0.059400
v -0.002504 0.121506 0.059400
v -0.004705 0.109019 0.034680
v -0.004705 0.109019 0.042681
v -0.006340 0.110967 0.042681
v -0.004705 0.107025 0.030985
v -0.007209 0.113356 0.042681
v -0.007209 0.115898 0.042681
v -0.006340 0.118287 0.042681
v -0.004705 0.120235 0.042681
v -0.002504 0.121506 0.042681
v -0.004705 0.095290 0.059400
v -0.004705 0.095290 0.030985
v -0.004705 0.095290 0.038681
v -0.003189 0.107025 0.030985
v -0.003189 0.106141 0.030985
v -0.003189 0.109019 0.034680
v -0.003189 0.106141 0.034680
v -0.003189 0.109019 0.042631
v -0.003189 0.106141 0.042631
v 0.000000 0.097889 0.124682
v 0.000000 0.097889 0.131719
v 0.000592 0.097771 0.124682
v 0.000592 0.097771 0.131719
v 0.001093 0.097436 0.124682
v 0.001093 0.097436 0.131719
v 0.001428 0.096934 0.124682
v 0.001428 0.096934 0.131719
v 0.001546 0.096343 0.124682
v 0.001546 0.096343 0.131719
v 0.001428 0.095751 0.124682
v 0.001428 0.095751 0.131719
v 0.001093 0.095250 0.124682
v 0.001093 0.095250 0.131719
v 0.000592 0.094915 0.124682
v 0.000592 0.094915 0.131719
v 0.000000 0.094797 0.124682
v 0.000000 0.094797 0.131719
v 0.002431 0.098062 0.131719
v 0.002431 0.096343 0.131719
v 0.002246 0.095412 0.131719
v 0.001719 0.094624 0.131719
v 0.000930 0.094096 0.131719
v 0.000000 0.093911 0.131719
v 0.002431 0.096343 0.135235
v 0.002431 0.098062 0.135235
v 0.000000 0.098062 0.131719
v 0.000000 0.093911 0.133553
v 0.000930 0.094085 0.133673
v 0.002246 0.095406 0.134587
v 0.001627 0.094619 0.134042
v 0.000000 0.098062 0.135235
v 0.000000 0.096343 0.135235
v 0.000000 0.095485 0.134642
v -0.000592 0.097771 0.124682
v -0.000592 0.097771 0.131719
v -0.001093 0.097436 0.124682
v -0.001093 0.097436 0.131719
v -0.001428 0.096934 0.124682
v -0.001428 0.096934 0.131719
v -0.001546 0.096343 0.124682
v -0.001546 0.096343 0.131719
v -0.001428 0.095751 0.124682
v -0.001428 0.095751 0.131719
v -0.001093 0.095250 0.124682
v -0.001093 0.095250 0.131719
v -0.000592 0.094915 0.124682
v -0.000592 0.094915 0.131719
v -0.002431 0.098062 0.131719
v -0.002431 0.096343 0.131719
v -0.002246 0.095412 0.131719
v -0.001719 0.094624 0.131719
v -0.000930 0.094096 0.131719
v -0.002431 0.096343 0.135235
v -0.002431 0.098062 0.135235
v -0.000930 0.094085 0.133673
v -0.002246 0.095406 0.134587
v -0.001627 0.094619 0.134042
v 0.000000 0.094619 0.134042
v 0.000000 0.108786 0.139051
v -0.000000 0.108786 0.042631
v -0.000000 0.120467 0.139051
v -0.000000 0.120467 0.042631
v -0.001998 0.120115 0.139051
v -0.001998 0.120115 0.042631
v -0.003754 0.119101 0.139051
v -0.003754 0.119101 0.042631
v -0.005058 0.117547 0.139051
v -0.005058 0.117547 0.042631
v -0.005752 0.115641 0.139051
v -0.005752 0.115641 0.042631
v -0.005752 0.113613 0.139051
v -0.005752 0.113613 0.042631
v -0.005058 0.111707 0.139051
v -0.005058 0.111707 0.042631
v -0.003754 0.110153 0.139051
v -0.003754 0.110153 0.042631
v -0.001998 0.109138 0.139051
v -0.001998 0.109139 0.042631
v -0.000000 0.107053 0.031015
v -0.000000 0.121947 0.035706
v -0.002504 0.121506 0.035706
v -0.004705 0.120235 0.035706
v -0.006340 0.118287 0.035706
v -0.007209 0.115898 0.035706
v -0.007209 0.113356 0.035706
v -0.006340 0.110967 0.035706
v -0.004705 0.109019 0.035706
v -0.000000 0.109060 0.035706
v -0.000000 0.119451 0.035706
v -0.001650 0.119138 0.035706
v -0.003101 0.118236 0.035706
v -0.004178 0.116854 0.035706
v -0.004751 0.115158 0.035706
v -0.004751 0.113353 0.035706
v -0.004178 0.111658 0.035706
v -0.003101 0.110276 0.035706
v -0.001650 0.109373 0.035706
v -0.004705 0.109019 0.042631
v -0.000000 0.121947 0.042631
v -0.002504 0.121506 0.042631
v -0.003158 0.107025 0.031015
v -0.004705 0.120235 0.042631
v -0.006340 0.118287 0.042631
v -0.007209 0.115898 0.042631
v -0.007209 0.113356 0.042631
v -0.006340 0.110967 0.042631
v -0.000000 0.109802 0.049544
v -0.000000 0.119451 0.049544
v -0.001650 0.119160 0.049544
v -0.003101 0.118323 0.049544
v -0.004178 0.117039 0.049544
v -0.004751 0.115465 0.049544
v -0.004751 0.113789 0.049544
v -0.004178 0.112215 0.049544
v -0.003101 0.110931 0.049544
v -0.001650 0.110093 0.049544
v -0.000000 0.110409 0.049544
v -0.000000 0.118844 0.049544
v -0.001442 0.118590 0.049544
v -0.002711 0.117858 0.049544
v -0.003652 0.116736 0.049544
v -0.004153 0.115359 0.049544
v -0.004153 0.113895 0.049544
v -0.003652 0.112518 0.049544
v -0.002711 0.111396 0.049544
v -0.001442 0.110664 0.049544
v 0.000000 0.110409 0.139051
v -0.000000 0.118844 0.139051
v -0.001442 0.118590 0.139051
v -0.002711 0.117857 0.139051
v -0.003652 0.116735 0.139051
v -0.004153 0.115359 0.139051
v -0.004153 0.113894 0.139051
v -0.003652 0.112518 0.139051
v -0.002711 0.111396 0.139051
v -0.001442 0.110664 0.139051
v -0.004751 0.115465 0.041265
v -0.004178 0.117039 0.041265
v -0.004751 0.113789 0.041265
v -0.004178 0.112215 0.041265
v -0.000000 0.109802 0.041265
v -0.003101 0.110931 0.041265
v -0.000000 0.119451 0.041265
v -0.001650 0.110093 0.041265
v -0.001650 0.119161 0.041265
v -0.003101 0.118323 0.041265
v -0.003158 0.109032 0.035706
v -0.003158 0.104524 0.042631
v -0.003158 0.104536 0.031015
v -0.003158 0.109019 0.042631
v -0.000000 0.104536 0.031015
v -0.000000 0.104524 0.042631
v 0.001998 0.120115 0.139051
v 0.001998 0.120115 0.042631
v 0.003754 0.119101 0.139051
v 0.003754 0.119101 0.042631
v 0.005058 0.117547 0.139051
v 0.005058 0.117547 0.042631
v 0.005752 0.115641 0.139051
v 0.005752 0.115641 0.042631
v 0.005752 0.113613 0.139051
v 0.005752 0.113613 0.042631
v 0.005058 0.111707 0.139051
v 0.005058 0.111707 0.042631
v 0.003754 0.110153 0.139051
v 0.003754 0.110153 0.042631
v 0.001998 0.109138 0.139051
v 0.001998 0.109139 0.042631
v 0.002504 0.121506 0.035706
v 0.004705 0.120235 0.035706
v 0.006340 0.118287 0.035706
v 0.007209 0.115898 0.035706
v 0.007209 0.113356 0.035706
v 0.006340 0.110967 0.035706
v 0.004705 0.109019 0.035706
v 0.001650 0.119138 0.035706
v 0.003101 0.118236 0.035706
v 0.004178 0.116854 0.035706
v 0.004751 0.115158 0.035706
v 0.004751 0.113353 0.035706
v 0.004178 0.111658 0.035706
v 0.003101 0.110276 0.035706
v 0.001650 0.109373 0.035706
v 0.004705 0.109019 0.042631
v 0.002504 0.121506 0.042631
v 0.003158 0.107025 0.031015
v 0.004705 0.120235 0.042631
v 0.006340 0.118287 0.042631
v 0.007209 0.115898 0.042631
v 0.007209 0.113356 0.042631
v 0.006340 0.110967 0.042631
v 0.001650 0.119160 0.049544
v 0.003101 0.118323 0.049544
v 0.004178 0.117039 0.049544
v 0.004751 0.115465 0.049544
v 0.004751 0.113789 0.049544
v 0.004178 0.112215 0.049544
v 0.003101 0.110931 0.049544
v 0.001650 0.110093 0.049544
v 0.001442 0.118590 0.049544
v 0.002711 0.117858 0.049544
v 0.003652 0.116736 0.049544
v 0.004153 0.115359 0.049544
v 0.004153 0.113895 0.049544
v 0.003652 0.112518 0.049544
v 0.002711 0.111396 0.049544
v 0.001442 0.110664 0.049544
v 0.001442 0.118590 0.139051
v 0.002711 0.117857 0.139051
v 0.003652 0.116735 0.139051
v 0.004153 0.115359 0.139051
v 0.004153 0.113894 0.139051
v 0.003652 0.112518 0.139051
v 0.002711 0.111396 0.139051
v 0.001442 0.110664 0.139051
v 0.004751 0.115465 0.041265
v 0.004178 0.117039 0.041265
v 0.004751 0.113789 0.041265
v 0.004178 0.112215 0.041265
v 0.003101 0.110931 0.041265
v 0.001650 0.110093 0.041265
v 0.001650 0.119161 0.041265
v 0.003101 0.118323 0.041265
v 0.003158 0.109032 0.035706
v 0.003158 0.104524 0.042631
v 0.003158 0.104536 0.031015
v 0.003158 0.109019 0.042631
v 0.000000 0.093622 0.130030
v 0.000000 0.098739 0.060604
v 0.000000 0.098739 0.137454
v 0.000000 0.093622 0.114235
v 0.000920 0.093805 0.130030
v 0.003000 0.099035 0.060604
v 0.000920 0.093805 0.114235
v 0.003000 0.099034 0.137454
v 0.001701 0.094326 0.130030
v 0.001701 0.094326 0.114235
v 0.000000 0.096894 0.107917
v 0.002222 0.095106 0.130030
v 0.005885 0.099910 0.060604
v 0.002222 0.095106 0.114235
v 0.005885 0.099910 0.137454
v 0.002405 0.096027 0.130030
v 0.002567 0.134507 0.129738
v 0.008544 0.101331 0.060604
v 0.000000 0.096894 0.110396
v 0.002567 0.135064 0.124488
v 0.008544 0.101331 0.137454
v 0.010875 0.103244 0.060604
v 0.010875 0.103244 0.137454
v 0.002550 0.097130 0.130030
v 0.012788 0.105574 0.060604
v 0.003046 0.098414 0.130030
v 0.012788 0.105574 0.137454
v 0.003171 0.097188 0.114235
v 0.003171 0.097188 0.110396
v 0.002405 0.096027 0.114235
v 0.014209 0.108233 0.060604
v 0.014209 0.108233 0.137454
v 0.005562 0.097675 0.118665
v 0.003046 0.098414 0.114235
v 0.015084 0.111118 0.060604
v 0.007662 0.098476 0.118665
v 0.015084 0.111118 0.137454
v 0.009372 0.099525 0.118665
v 0.015380 0.114119 0.060604
v 0.011004 0.100958 0.118665
v 0.015380 0.114119 0.137454
v 0.003276 0.097201 0.107917
v 0.015084 0.117119 0.060604
v 0.011004 0.100958 0.107917
v 0.015084 0.117119 0.137454
v 0.009372 0.099525 0.107917
v 0.014209 0.120004 0.060604
v 0.007662 0.098476 0.107917
v 0.014209 0.120004 0.137454
v 0.005562 0.097675 0.107917
v 0.005490 0.097666 0.114235
v 0.012788 0.122663 0.060604
v 0.007619 0.098471 0.114235
v 0.012788 0.122663 0.137454
v 0.010875 0.124994 0.060604
v 0.010875 0.124994 0.137454
v 0.010999 0.100957 0.110396
v 0.009352 0.099522 0.110396
v 0.008544 0.126906 0.060604
v 0.008544 0.126906 0.137454
v 0.007619 0.098471 0.110396
v 0.005885 0.128327 0.060604
v 0.005490 0.097666 0.110396
v 0.005885 0.128327 0.137454
v 0.010999 0.100957 0.117083
v 0.003000 0.129203 0.060604
v 0.003000 0.129203 0.137454
v 0.009352 0.099522 0.117083
v 0.000000 0.129498 0.060604
v -0.000000 0.129498 0.137454
v 0.008588 0.099058 0.114235
v 0.008588 0.099058 0.117083
v 0.002679 0.097540 0.114235
v 0.000000 0.098739 0.114235
v 0.005490 0.098070 0.114235
v 0.007857 0.099058 0.114235
v 0.007857 0.099058 0.117083
v 0.005490 0.098070 0.117083
v 0.000000 0.098739 0.130030
v 0.003000 0.099034 0.130030
v -0.000000 0.129498 0.129738
v 0.002567 0.129245 0.129738
v 0.002567 0.129245 0.124488
v -0.000000 0.129498 0.124488
v 0.012788 0.105574 0.109157
v 0.015084 0.117119 0.113354
v 0.003000 0.129203 0.113354
v 0.014209 0.108233 0.113354
v 0.015380 0.114119 0.113354
v 0.000000 0.098414 0.130030
v 0.000000 0.097130 0.130030
v 0.000000 0.096027 0.130030
v 0.000000 0.095106 0.130030
v 0.000000 0.094326 0.130030
v 0.000000 0.098140 0.114235
v 0.000000 0.097540 0.114235
v 0.000000 0.096686 0.114235
v 0.000000 0.096027 0.114235
v 0.010875 0.103244 0.107917
v 0.008544 0.101331 0.107917
v 0.005885 0.099910 0.107917
v 0.003000 0.099034 0.107917
v 0.000000 0.098739 0.107917
v -0.000000 0.134507 0.129738
v 0.010875 0.103244 0.110396
v 0.010875 0.103244 0.117083
v 0.008544 0.101331 0.117083
v 0.008544 0.101331 0.110396
v 0.005885 0.099910 0.117083
v 0.005885 0.099910 0.110396
v -0.000000 0.135064 0.124488
v 0.003467 0.099176 0.110396
v 0.000000 0.098739 0.110396
v 0.003746 0.099261 0.117083
v 0.003746 0.099261 0.114235
v 0.003746 0.099261 0.130030
v 0.002680 0.097546 0.117083
v 0.003046 0.098414 0.117083
v 0.010875 0.124994 0.127040
v 0.014209 0.108233 0.127040
v 0.015084 0.111118 0.127040
v 0.014209 0.120004 0.127040
v 0.008544 0.101331 0.127040
v 0.012788 0.122663 0.127040
v 0.003000 0.129203 0.130030
v 0.008544 0.126906 0.127040
v -0.000000 0.129498 0.130030
v 0.005885 0.099910 0.127040
v 0.015380 0.114119 0.127040
v 0.005885 0.128327 0.127040
v 0.012788 0.105574 0.127040
v 0.015084 0.117119 0.127040
v 0.010875 0.103244 0.127040
v 0.002697 0.096686 0.114235
v 0.003171 0.097188 0.118665
v 0.015084 0.111118 0.113354
v 0.000000 0.093622 0.120390
v 0.001701 0.094326 0.120390
v 0.005885 0.128327 0.113354
v 0.012788 0.122663 0.113354
v 0.002222 0.095106 0.120390
v 0.014209 0.120004 0.113354
v 0.005885 0.099910 0.120390
v 0.012788 0.105574 0.118737
v 0.008544 0.126906 0.113354
v 0.000920 0.093805 0.120390
v 0.010875 0.124994 0.113354
v 0.003046 0.098414 0.120390
v 0.002405 0.096027 0.120390
v 0.002615 0.097115 0.120390
v 0.007065 0.098869 0.118665
v 0.010966 0.101628 0.118665
v 0.009129 0.100054 0.118665
v 0.010875 0.103244 0.120390
v 0.000000 0.095106 0.114235
v 0.010920 0.102436 0.118896
v 0.010887 0.103027 0.119528
v 0.008544 0.101331 0.120390
v 0.008623 0.101160 0.119528
v 0.008837 0.100693 0.118896
v 0.006438 0.099376 0.118896
v 0.006033 0.099767 0.119528
v 0.003746 0.099261 0.120390
v 0.005029 0.098140 0.118665
v 0.003918 0.099111 0.119528
v 0.004388 0.098701 0.118896
v 0.003135 0.097547 0.118665
v 0.003090 0.097981 0.118896
v 0.003058 0.098298 0.119528
v 0.002695 0.096680 0.118665
v 0.002405 0.096027 0.118654
v 0.002442 0.096131 0.119528
v 0.002543 0.096418 0.118896
v 0.002658 0.096960 0.118896
v 0.002634 0.097072 0.119528
v 0.000000 0.100803 0.137454
v 0.002598 0.101059 0.137454
v 0.005096 0.101816 0.137454
v 0.007398 0.103047 0.137454
v 0.009416 0.104703 0.137454
v 0.011072 0.106721 0.137454
v 0.012302 0.109023 0.137454
v 0.013060 0.111521 0.137454
v 0.013316 0.114119 0.137454
v 0.013060 0.116716 0.137454
v 0.012302 0.119214 0.137454
v 0.011072 0.121516 0.137454
v 0.009416 0.123534 0.137454
v 0.007398 0.125190 0.137454
v 0.005096 0.126421 0.137454
v 0.002598 0.127178 0.137454
v -0.000000 0.127434 0.137454
v 0.000000 0.099146 0.060604
v 0.002921 0.099434 0.060604
v 0.005730 0.100286 0.060604
v 0.008318 0.101669 0.060604
v 0.010587 0.103531 0.060604
v 0.012449 0.105800 0.060604
v 0.013833 0.108389 0.060604
v 0.014685 0.111198 0.060604
v 0.014973 0.114119 0.060604
v 0.014685 0.117040 0.060604
v 0.013833 0.119848 0.060604
v 0.012449 0.122437 0.060604
v 0.010587 0.124706 0.060604
v 0.008318 0.126568 0.060604
v 0.005730 0.127951 0.060604
v 0.002921 0.128804 0.060604
v 0.000000 0.129091 0.060604
v 0.000000 0.100803 0.135880
v 0.002598 0.101059 0.135880
v 0.005096 0.101816 0.135880
v 0.007398 0.103047 0.135880
v 0.009416 0.104703 0.135880
v 0.011072 0.106721 0.135880
v 0.012302 0.109023 0.135880
v 0.013060 0.111521 0.135880
v 0.013316 0.114119 0.135880
v 0.013060 0.116716 0.135880
v 0.012302 0.119214 0.135880
v 0.011072 0.121516 0.135880
v 0.009416 0.123534 0.135880
v 0.007398 0.125190 0.135880
v 0.005096 0.126421 0.135880
v 0.002598 0.127178 0.135880
v -0.000000 0.127434 0.135880
v 0.000000 0.099146 0.135880
v 0.002921 0.099434 0.135880
v 0.005730 0.100286 0.135880
v 0.008318 0.101669 0.135880
v 0.010587 0.103531 0.135880
v 0.012449 0.105800 0.135880
v 0.013833 0.108389 0.135880
v 0.014685 0.111197 0.135880
v 0.014973 0.114119 0.135880
v 0.014685 0.117040 0.135880
v 0.013833 0.119848 0.135880
v 0.012449 0.122437 0.135880
v 0.010587 0.124706 0.135880
v 0.008318 0.126568 0.135880
v 0.005730 0.127951 0.135880
v 0.002921 0.128803 0.135880
v -0.000000 0.129091 0.135880
v -0.000000 0.129498 0.113354
v 0.000000 0.094326 0.114235
v 0.003000 0.129203 0.124049
v -0.000000 0.129498 0.124049
v 0.002405 0.096027 0.119528
v 0.002405 0.096027 0.118896
v -0.000920 0.093805 0.130030
v -0.003000 0.099035 0.060604
v -0.000920 0.093805 0.114235
v -0.003000 0.099034 0.137454
v -0.001701 0.094326 0.130030
v -0.001701 0.094326 0.114235
v -0.002222 0.095106 0.130030
v -0.005885 0.099910 0.060604
v -0.002222 0.095106 0.114235
v -0.005885 0.099910 0.137454
v -0.002405 0.096027 0.130030
v -0.002567 0.134507 0.129738
v -0.008544 0.101331 0.060604
v -0.002567 0.135064 0.124488
v -0.008544 0.101331 0.137454
v -0.010875 0.103244 0.060604
v -0.010875 0.103244 0.137454
v -0.002550 0.097130 0.130030
v -0.012788 0.105574 0.060604
v -0.003046 0.098414 0.130030
v -0.012788 0.105574 0.137454
v -0.003171 0.097188 0.114235
v -0.003171 0.097188 0.110396
v -0.002405 0.096027 0.114235
v -0.014209 0.108233 0.060604
v -0.014209 0.108233 0.137454
v -0.005562 0.097675 0.118665
v -0.003046 0.098414 0.114235
v -0.015084 0.111118 0.060604
v -0.007662 0.098476 0.118665
v -0.015084 0.111118 0.137454
v -0.009372 0.099525 0.118665
v -0.015380 0.114119 0.060604
v -0.011004 0.100958 0.118665
v -0.015380 0.114119 0.137454
v -0.003276 0.097201 0.107917
v -0.015084 0.117119 0.060604
v -0.011004 0.100958 0.107917
v -0.015084 0.117119 0.137454
v -0.009372 0.099525 0.107917
v -0.014209 0.120004 0.060604
v -0.007662 0.098476 0.107917
v -0.014209 0.120004 0.137454
v -0.005562 0.097675 0.107917
v -0.005490 0.097666 0.114235
v -0.012788 0.122663 0.060604
v -0.007619 0.098471 0.114235
v -0.012788 0.122663 0.137454
v -0.010875 0.124994 0.060604
v -0.010875 0.124994 0.137454
v -0.010999 0.100957 0.110396
v -0.009352 0.099522 0.110396
v -0.008544 0.126906 0.060604
v -0.008544 0.126906 0.137454
v -0.007619 0.098471 0.110396
v -0.005885 0.128327 0.060604
v -0.005490 0.097666 0.110396
v -0.005885 0.128327 0.137454
v -0.010999 0.100957 0.117083
v -0.003000 0.129203 0.060604
v -0.003000 0.129203 0.137454
v -0.009352 0.099522 0.117083
v -0.008588 0.099058 0.114235
v -0.008588 0.099058 0.117083
v -0.002679 0.097540 0.114235
v -0.005490 0.098070 0.114235
v -0.007857 0.099058 0.114235
v -0.007857 0.099058 0.117083
v -0.005490 0.098070 0.117083
v -0.003000 0.099034 0.130030
v -0.002567 0.129245 0.129738
v -0.002567 0.129245 0.124488
v -0.012788 0.105574 0.109157
v -0.015084 0.111118 0.113354
v -0.003000 0.129203 0.113354
v -0.015380 0.114119 0.113354
v -0.014209 0.120004 0.113354
v -0.010875 0.103244 0.107917
v -0.008544 0.101331 0.107917
v -0.005885 0.099910 0.107917
v -0.003000 0.099034 0.107917
v -0.010875 0.103244 0.110396
v -0.010875 0.103244 0.117083
v -0.008544 0.101331 0.117083
v -0.008544 0.101331 0.110396
v -0.005885 0.099910 0.117083
v -0.005885 0.099910 0.110396
v -0.003467 0.099176 0.110396
v -0.003746 0.099261 0.117083
v -0.003746 0.099261 0.114235
v -0.003746 0.099261 0.130030
v -0.002680 0.097546 0.117083
v -0.003046 0.098414 0.117083
v -0.010875 0.124994 0.127040
v -0.014209 0.108233 0.127040
v -0.015084 0.111118 0.127040
v -0.014209 0.120004 0.127040
v -0.008544 0.101331 0.127040
v -0.012788 0.122663 0.127040
v -0.003000 0.129203 0.130030
v -0.008544 0.126906 0.127040
v -0.005885 0.099910 0.127040
v -0.015380 0.114119 0.127040
v -0.005885 0.128327 0.127040
v -0.012788 0.105574 0.127040
v -0.015084 0.117119 0.127040
v -0.010875 0.103244 0.127040
v -0.002697 0.096686 0.114235
v -0.003171 0.097188 0.118665
v -0.001701 0.094326 0.120390
v -0.014209 0.108233 0.113354
v -0.005885 0.128327 0.113354
v -0.015084 0.117119 0.113354
v -0.012788 0.122663 0.113354
v -0.002222 0.095106 0.120390
v -0.005885 0.099910 0.120390
v -0.012788 0.105574 0.118737
v -0.008544 0.126906 0.113354
v -0.000920 0.093805 0.120390
v -0.010875 0.124994 0.113354
v -0.003046 0.098414 0.120390
v -0.002405 0.096027 0.120390
v -0.002615 0.097115 0.120390
v -0.007065 0.098869 0.118665
v -0.010966 0.101628 0.118665
v -0.009129 0.100054 0.118665
v -0.010875 0.103244 0.120390
v -0.010920 0.102436 0.118896
v -0.010887 0.103027 0.119528
v -0.008544 0.101331 0.120390
v -0.008623 0.101160 0.119528
v -0.008837 0.100693 0.118896
v -0.006438 0.099376 0.118896
v -0.006033 0.099767 0.119528
v -0.003746 0.099261 0.120390
v -0.005029 0.098140 0.118665
v -0.003918 0.099111 0.119528
v -0.004388 0.098701 0.118896
v -0.003135 0.097547 0.118665
v -0.003090 0.097981 0.118896
v -0.003058 0.098298 0.119528
v -0.002695 0.096680 0.118665
v -0.002405 0.096027 0.118654
v -0.002442 0.096131 0.119528
v -0.002543 0.096418 0.118896
v -0.002658 0.096960 0.118896
v -0.002634 0.097072 0.119528
v -0.002598 0.101059 0.137454
v -0.005096 0.101816 0.137454
v -0.007398 0.103047 0.137454
v -0.009416 0.104703 0.137454
v -0.011072 0.106721 0.137454
v -0.012302 0.109023 0.137454
v -0.013060 0.111521 0.137454
v -0.013316 0.114119 0.137454
v -0.013060 0.116716 0.137454
v -0.012302 0.119214 0.137454
v -0.011072 0.121516 0.137454
v -0.009416 0.123534 0.137454
v -0.007398 0.125190 0.137454
v -0.005096 0.126421 0.137454
v -0.002598 0.127178 0.137454
v -0.002921 0.099434 0.060604
v -0.005730 0.100286 0.060604
v -0.008318 0.101669 0.060604
v -0.010587 0.103531 0.060604
v -0.012449 0.105800 0.060604
v -0.013833 0.108389 0.060604
v -0.014685 0.111198 0.060604
v -0.014973 0.114119 0.060604
v -0.014685 0.117040 0.060604
v -0.013833 0.119848 0.060604
v -0.012449 0.122437 0.060604
v -0.010587 0.124706 0.060604
v -0.008318 0.126568 0.060604
v -0.005730 0.127951 0.060604
v -0.002921 0.128804 0.060604
v -0.002598 0.101059 0.135880
v -0.005096 0.101816 0.135880
v -0.007398 0.103047 0.135880
v -0.009416 0.104703 0.135880
v -0.011072 0.106721 0.135880
v -0.012302 0.109023 0.135880
v -0.013060 0.111521 0.135880
v -0.013316 0.114119 0.135880
v -0.013060 0.116716 0.135880
v -0.012302 0.119214 0.135880
v -0.011072 0.121516 0.135880
v -0.009416 0.123534 0.135880
v -0.007398 0.125190 0.135880
v -0.005096 0.126421 0.135880
v -0.002598 0.127178 0.135880
v -0.002921 0.099434 0.135880
v -0.005730 0.100286 0.135880
v -0.008318 0.101669 0.135880
v -0.010587 0.103531 0.135880
v -0.012449 0.105800 0.135880
v -0.013833 0.108389 0.135880
v -0.014685 0.111197 0.135880
v -0.014973 0.114119 0.135880
v -0.014685 0.117040 0.135880
v -0.013833 0.119848 0.135880
v -0.012449 0.122437 0.135880
v -0.010587 0.124706 0.135880
v -0.008318 0.126568 0.135880
v -0.005730 0.127951 0.135880
v -0.002921 0.128803 0.135880
v -0.003000 0.129203 0.124049
v -0.002405 0.096027 0.119528
v -0.002405 0.096027 0.118896
v 0.011236 0.110358 -0.013349
v 0.011236 0.111204 -0.013266
v 0.011236 0.112018 -0.013019
v 0.011236 0.112767 -0.012618
v 0.011236 0.113424 -0.012079
v 0.011236 0.113964 -0.011422
v 0.011236 0.114364 -0.010672
v 0.011236 0.114611 -0.009859
v 0.011236 0.114695 -0.009013
v 0.011236 0.114611 -0.008167
v 0.011236 0.114364 -0.007353
v 0.011236 0.113964 -0.006604
v 0.011236 0.107292 -0.012079
v 0.011236 0.107949 -0.012618
v 0.011236 0.108699 -0.013019
v 0.011236 0.109512 -0.013266
v 0.011236 0.105727 -0.010578
v 0.011236 0.104951 0.005396
v 0.011236 0.104368 0.005843
v 0.011236 0.103690 0.006124
v 0.011236 0.102961 0.006220
v 0.011236 0.102233 0.006124
v 0.011236 0.101554 0.005843
v 0.011236 0.100971 0.005396
v 0.011236 0.100524 0.004813
v 0.011236 0.100243 0.004134
v 0.011236 0.100147 0.003406
v 0.011236 0.104046 -0.008292
v 0.011236 0.102321 -0.004729
v 0.011236 0.100864 -0.001076
v 0.011236 0.100192 0.001635
v 0.011236 0.109949 -0.001148
v 0.012426 0.102321 -0.004729
v 0.012426 0.100864 -0.001076
v 0.012426 0.100192 0.001635
v 0.012426 0.109949 -0.001148
v 0.011236 0.105433 0.004499
v 0.012426 0.104368 0.005843
v 0.012426 0.103690 0.006124
v 0.012426 0.102961 0.006220
v 0.012426 0.102233 0.006124
v 0.012426 0.101554 0.005843
v 0.012426 0.100971 0.005396
v 0.012426 0.100524 0.004813
v 0.012426 0.100243 0.004134
v 0.012426 0.100726 0.001461
v 0.011236 0.105561 0.004597
v 0.012426 0.108522 -0.001818
v 0.012426 0.104910 -0.003514
v 0.011236 0.112146 -0.004134
v 0.012426 0.111204 -0.013266
v 0.012426 0.110358 -0.013349
v 0.012426 0.112018 -0.013019
v 0.012426 0.112767 -0.012618
v 0.012426 0.113424 -0.012079
v 0.012426 0.113964 -0.011422
v 0.012426 0.114364 -0.010672
v 0.012426 0.114611 -0.009859
v 0.012426 0.114695 -0.009013
v 0.012426 0.114611 -0.008167
v 0.012426 0.114364 -0.007353
v 0.012426 0.113964 -0.006604
v 0.012426 0.107949 -0.012618
v 0.012426 0.107292 -0.012079
v 0.012426 0.108699 -0.013019
v 0.012426 0.109512 -0.013266
v 0.012426 0.105727 -0.010578
v 0.012426 0.104046 -0.008292
v 0.012426 0.112146 -0.004134
v 0.012426 0.104951 0.005396
v 0.012426 0.105561 0.004597
v 0.012426 0.105433 0.004499
v 0.012426 0.100147 0.003406
v 0.012426 0.100294 0.002487
v 0.012426 0.109982 -0.004802
v 0.012426 0.109850 -0.005855
v 0.012426 0.110081 -0.005392
v 0.012426 0.108554 -0.006896
v 0.012426 0.107572 -0.006679
v 0.012426 0.108069 -0.006991
v 0.013881 0.104055 0.005300
v 0.014348 0.103693 0.004673
v 0.014211 0.103907 0.005044
v 0.014348 0.103907 0.004508
v 0.013884 0.104466 0.004983
v 0.014212 0.104238 0.004790
v 0.013879 0.103528 0.005520
v 0.014348 0.103340 0.004819
v 0.014211 0.103451 0.005233
v 0.013878 0.102961 0.005595
v 0.014348 0.102961 0.004869
v 0.014210 0.102961 0.005298
v 0.013877 0.102395 0.005520
v 0.014348 0.102583 0.004819
v 0.014210 0.102472 0.005234
v 0.013877 0.101867 0.005302
v 0.014348 0.102230 0.004673
v 0.014210 0.102015 0.005045
v 0.013877 0.101413 0.004954
v 0.014348 0.101927 0.004440
v 0.014210 0.101623 0.004744
v 0.013878 0.101066 0.004500
v 0.014348 0.101695 0.004137
v 0.014210 0.101323 0.004352
v 0.013880 0.100848 0.003972
v 0.014348 0.101549 0.003784
v 0.014211 0.101134 0.003896
v 0.013882 0.100775 0.003415
v 0.014348 0.101501 0.003425
v 0.014212 0.101071 0.003419
v 0.013888 0.104878 0.004214
v 0.014348 0.104241 0.003888
v 0.014213 0.104619 0.004082
v 0.014348 0.101882 0.002168
v 0.013890 0.101266 0.001791
v 0.014214 0.101516 0.001944
v 0.014348 0.101592 0.002858
v 0.013885 0.100898 0.002660
v 0.014212 0.101180 0.002741
v 0.014348 0.107249 -0.002264
v 0.013900 0.107906 -0.001990
v 0.014217 0.107636 -0.002092
v 0.013903 0.105430 -0.003152
v 0.014348 0.106073 -0.002815
v 0.014218 0.105684 -0.003009
v 0.014348 0.107952 -0.004344
v 0.013923 0.108690 -0.004943
v 0.014223 0.108337 -0.004660
v 0.014348 0.108000 -0.003799
v 0.013909 0.108838 -0.003905
v 0.014219 0.108452 -0.003764
v 0.014348 0.108056 -0.004142
v 0.013918 0.108929 -0.004488
v 0.014222 0.108536 -0.004278
v 0.014348 0.107357 -0.004341
v 0.013914 0.107138 -0.005176
v 0.014221 0.107150 -0.004750
v 0.014348 0.107781 -0.004476
v 0.013927 0.108120 -0.005388
v 0.014225 0.107970 -0.004945
v 0.014348 0.107616 -0.004505
v 0.013923 0.107633 -0.005481
v 0.014224 0.107577 -0.005018
v 0.014348 0.106661 -0.002540
v 0.014348 0.107678 -0.004070
v 0.014348 0.103062 0.003028
v 0.014348 0.102749 0.003683
v 0.014348 0.102597 0.004049
v 0.014348 0.102303 0.004220
v 0.014348 0.102447 0.004303
v 0.014348 0.102591 0.004386
v 0.010510 0.099798 0.033894
v 0.010510 0.099798 0.021817
v 0.011444 0.099798 0.033894
v 0.011444 0.099798 0.021817
v 0.014774 0.089244 0.024579
v 0.014887 0.089152 0.025814
v 0.014213 0.088525 0.025814
v 0.014100 0.088619 0.024579
v 0.014446 0.089514 0.023465
v 0.013774 0.088891 0.023465
v 0.013934 0.089934 0.022580
v 0.013266 0.089314 0.022580
v 0.013290 0.090464 0.022012
v 0.012625 0.089847 0.022012
v 0.012575 0.091050 0.021817
v 0.011916 0.090438 0.021817
v 0.014100 0.088619 0.031132
v 0.014213 0.088525 0.029897
v 0.014887 0.089152 0.029897
v 0.014774 0.089244 0.031132
v 0.013774 0.088891 0.032246
v 0.014446 0.089514 0.032246
v 0.013266 0.089314 0.033131
v 0.013934 0.089934 0.033131
v 0.012625 0.089847 0.033699
v 0.013290 0.090464 0.033699
v 0.011916 0.090438 0.033894
v 0.012575 0.091050 0.033894
v 0.011551 0.092026 0.033894
v 0.011444 0.092439 0.033894
v 0.010510 0.092069 0.033894
v 0.010616 0.091656 0.033894
v 0.011809 0.091680 0.033894
v 0.010871 0.091308 0.033894
v 0.011551 0.092026 0.021817
v 0.011444 0.092439 0.021817
v 0.011809 0.091680 0.021817
v 0.010616 0.091656 0.021817
v 0.010510 0.092069 0.021817
v 0.010871 0.091308 0.021817
v -0.007292 0.118288 0.036530
v -0.007292 0.118288 0.024254
v -0.004878 0.121371 0.036530
v -0.004878 0.121371 0.024254
v -0.008239 0.119029 0.036530
v -0.005825 0.122112 0.036530
v -0.007292 0.118288 0.034621
v -0.010255 0.120607 0.034621
v -0.004878 0.121371 0.034621
v -0.005825 0.122112 0.034621
v -0.008239 0.119029 0.034621
v -0.005440 0.122605 0.036530
v -0.004492 0.121864 0.036530
v -0.005440 0.122605 0.034621
v -0.004492 0.121864 0.034621
v -0.007694 0.117774 0.034621
v -0.007694 0.117774 0.036530
v -0.008641 0.118516 0.036530
v -0.008641 0.118516 0.034621
v -0.008684 0.119377 0.036530
v -0.009285 0.119848 0.036385
v -0.009795 0.120247 0.035971
v -0.010135 0.120513 0.035351
v -0.007841 0.123690 0.034621
v -0.006270 0.122460 0.036530
v -0.007721 0.123597 0.035351
v -0.007381 0.123330 0.035971
v -0.006871 0.122931 0.036385
v -0.010255 0.120607 0.025946
v -0.008923 0.119564 0.024254
v -0.010154 0.120528 0.025299
v -0.009865 0.120302 0.024750
v -0.009433 0.119963 0.024383
v -0.006509 0.122647 0.024254
v -0.007841 0.123690 0.025946
v -0.007019 0.123047 0.024383
v -0.007451 0.123385 0.024750
v -0.007740 0.123611 0.025299
v 0.003978 0.061988 0.047288
v 0.003978 0.063006 0.039323
v 0.003978 0.063344 0.033542
v 0.003978 0.071180 0.034393
v 0.003978 0.061661 0.053936
v 0.003978 0.061586 0.059853
v 0.003978 0.062014 0.065821
v 0.003978 0.062996 0.070554
v 0.003978 0.064733 0.074785
v 0.003978 0.067503 0.078259
v 0.003978 0.071280 0.081105
v 0.003978 0.075107 0.082565
v 0.003978 0.079463 0.083119
v 0.003978 0.082812 0.082565
v 0.003978 0.085481 0.081785
v 0.003978 0.087647 0.081734
v 0.003978 0.089309 0.082439
v 0.003978 0.068798 0.037767
v 0.003978 0.066586 0.039798
v 0.003978 0.064447 0.043424
v 0.003978 0.063504 0.046433
v 0.003978 0.063106 0.051292
v 0.003978 0.062815 0.056586
v 0.003978 0.063069 0.062568
v 0.003978 0.063867 0.067935
v 0.003978 0.065354 0.072938
v 0.003978 0.067819 0.076709
v 0.003978 0.071445 0.079538
v 0.003978 0.075289 0.081133
v 0.003978 0.079458 0.081568
v 0.003978 0.082939 0.080879
v 0.003978 0.085912 0.079393
v 0.003978 0.089309 0.076082
v 0.003978 0.090466 0.081572
v 0.003978 0.090466 0.074546
v 0.003570 0.090466 0.053723
v 0.003570 0.094947 0.053723
v 0.005036 0.090466 0.081572
v 0.005036 0.092364 0.080236
v 0.005036 0.090466 0.053723
v 0.005036 0.090466 0.074546
v 0.005036 0.094947 0.053723
v 0.005036 0.092364 0.074546
v 0.005036 0.092364 0.062484
v 0.005036 0.098760 0.062484
v 0.005036 0.098020 0.060090
v 0.005036 0.094947 0.060090
v 0.005036 0.090466 0.060090
v 0.003570 0.094947 0.058059
v 0.003570 0.090466 0.058059
v 0.005036 0.094947 0.062484
v -0.003978 0.061988 0.047288
v -0.003978 0.063006 0.039323
v -0.003978 0.063344 0.033542
v -0.003978 0.071180 0.034393
v -0.003978 0.061661 0.053936
v -0.003978 0.061586 0.059853
v -0.003978 0.062014 0.065821
v -0.003978 0.062996 0.070554
v -0.003978 0.064733 0.074785
v -0.003978 0.067503 0.078259
v -0.003978 0.071280 0.081105
v -0.003978 0.075107 0.082565
v -0.003978 0.079463 0.083119
v -0.003978 0.082812 0.082565
v -0.003978 0.085481 0.081785
v -0.003978 0.087647 0.081734
v -0.003978 0.089309 0.082439
v -0.003978 0.068798 0.037767
v -0.003978 0.066586 0.039798
v -0.003978 0.064447 0.043424
v -0.003978 0.063504 0.046433
v -0.003978 0.063106 0.051292
v -0.003978 0.062815 0.056586
v -0.003978 0.063069 0.062568
v -0.003978 0.063867 0.067935
v -0.003978 0.065354 0.072938
v -0.003978 0.067819 0.076709
v -0.003978 0.071445 0.079538
v -0.003978 0.075289 0.081133
v -0.003978 0.079458 0.081568
v -0.003978 0.082939 0.080879
v -0.003978 0.085912 0.079393
v -0.003978 0.089309 0.076082
v -0.003978 0.090466 0.081572
v -0.003978 0.090466 0.074546
v -0.003570 0.090466 0.053723
v -0.003570 0.094947 0.053723
v -0.005036 0.090466 0.081572
v -0.005036 0.092364 0.080236
v -0.005036 0.090466 0.053723
v -0.005036 0.090466 0.074546
v -0.005036 0.094947 0.053723
v -0.005036 0.092364 0.074546
v -0.005036 0.092364 0.062484
v -0.005036 0.098760 0.062484
v -0.005036 0.098020 0.060090
v -0.005036 0.094947 0.060090
v -0.005036 0.090466 0.060090
v -0.003570 0.094947 0.058059
v -0.003570 0.090466 0.058059
v -0.005036 0.094947 0.062484
v 0.007280 0.123660 0.000731
v 0.007280 0.123660 -0.010433
v 0.007280 0.126488 -0.000952
v 0.007280 0.126488 -0.008537
v 0.007280 0.123660 -0.007243
v 0.007280 0.132570 -0.008537
v 0.007280 0.132570 -0.005949
v 0.007280 0.123660 -0.001496
v 0.001718 0.132570 -0.005949
v 0.001718 0.132570 -0.001496
v 0.004302 0.135185 -0.008537
v 0.004302 0.135185 -0.006826
v 0.004302 0.132570 -0.005949
v 0.004302 0.132570 -0.008537
v 0.006041 0.135185 -0.008537
v 0.007280 0.133843 -0.008537
v 0.006660 0.135006 -0.008537
v 0.007114 0.134514 -0.008537
v 0.007280 0.133843 -0.006376
v 0.006041 0.135185 -0.006826
v 0.007114 0.134514 -0.006601
v 0.006660 0.135006 -0.006765
v 0.007280 0.126488 -0.010433
v 0.007280 0.126488 -0.005949
v 0.004302 0.123660 -0.010433
v 0.004302 0.126488 -0.008537
v 0.004302 0.126488 -0.010433
v 0.007280 0.126488 -0.001496
v -0.007280 0.123660 0.000731
v -0.007280 0.123660 -0.010433
v -0.007280 0.126488 -0.000952
v -0.007280 0.126488 -0.008537
v -0.007280 0.123660 -0.007243
v -0.007280 0.132570 -0.008537
v -0.007280 0.132570 -0.005949
v -0.007280 0.123660 -0.001496
v -0.001718 0.132570 -0.005949
v -0.001718 0.132570 -0.001496
v -0.004302 0.135185 -0.008537
v -0.004302 0.135185 -0.006826
v -0.004302 0.132570 -0.005949
v -0.004302 0.132570 -0.008537
v -0.006041 0.135185 -0.008537
v -0.007280 0.133843 -0.008537
v -0.006660 0.135006 -0.008537
v -0.007114 0.134514 -0.008537
v -0.007280 0.133843 -0.006376
v -0.006041 0.135185 -0.006826
v -0.007114 0.134514 -0.006601
v -0.006660 0.135006 -0.006765
v -0.007280 0.126488 -0.010433
v -0.007280 0.126488 -0.005949
v -0.004302 0.123660 -0.010433
v -0.004302 0.126488 -0.008537
v -0.004302 0.126488 -0.010433
v -0.007280 0.126488 -0.001496
v 0.005195 0.112082 -0.006844
v 0.000000 0.109002 -0.006844
v 0.004662 0.111130 -0.006844
v 0.003778 0.110272 -0.006844
v 0.002629 0.109590 -0.006844
v 0.001327 0.109152 -0.006844
v 0.000000 0.108094 0.037508
v 0.005195 0.107446 0.037508
v 0.001039 0.107987 0.037508
v 0.002078 0.107682 0.037508
v 0.003117 0.107500 0.037508
v 0.004156 0.107446 0.037508
v 0.000000 0.108094 -0.006844
v 0.005195 0.107446 -0.006844
v 0.001039 0.107987 -0.006844
v 0.002078 0.107682 -0.006844
v 0.003117 0.107500 -0.006844
v 0.004156 0.107446 -0.006844
v 0.005195 0.112082 0.037508
v 0.000000 0.109002 0.037508
v 0.004662 0.111130 0.037508
v 0.003778 0.110272 0.037508
v 0.002629 0.109590 0.037508
v 0.001327 0.109152 0.037508
v -0.005195 0.112082 -0.006844
v -0.004662 0.111130 -0.006844
v -0.003778 0.110272 -0.006844
v -0.002629 0.109590 -0.006844
v -0.001327 0.109152 -0.006844
v -0.005195 0.107446 0.037508
v -0.001039 0.107987 0.037508
v -0.002078 0.107682 0.037508
v -0.003117 0.107500 0.037508
v -0.004156 0.107446 0.037508
v -0.005195 0.107446 -0.006844
v -0.001039 0.107987 -0.006844
v -0.002078 0.107682 -0.006844
v -0.003117 0.107500 -0.006844
v -0.004156 0.107446 -0.006844
v -0.005195 0.112082 0.037508
v -0.004662 0.111130 0.037508
v -0.003778 0.110272 0.037508
v -0.002629 0.109590 0.037508
v -0.001327 0.109152 0.037508
v 0.002289 0.073519 0.058495
v 0.002289 0.070127 0.067356
v 0.002289 0.071751 0.061027
v 0.002289 0.070509 0.064276
v 0.002289 0.075765 0.056011
v 0.002289 0.078440 0.054195
v 0.002289 0.081116 0.053001
v 0.002289 0.084460 0.052284
v 0.002289 0.085320 0.051615
v 0.002289 0.086084 0.048701
v 0.002289 0.087088 0.046408
v 0.002289 0.088616 0.044783
v 0.002289 0.092279 0.042873
v 0.002289 0.073073 0.061703
v 0.002289 0.074706 0.059672
v 0.002289 0.076975 0.058040
v 0.002289 0.079642 0.056686
v 0.002289 0.082509 0.056010
v 0.002289 0.084938 0.055771
v 0.002289 0.087963 0.056089
v 0.000000 0.088056 0.057080
v 0.000000 0.084869 0.056854
v 0.000000 0.077436 0.058893
v 0.000000 0.082509 0.056908
v 0.000000 0.093764 0.056478
v 0.000000 0.071495 0.067677
v 0.000000 0.089483 0.056930
v 0.000000 0.073834 0.062348
v 0.002114 0.073364 0.061950
v 0.001618 0.073611 0.062159
v 0.000876 0.073776 0.062299
v 0.000000 0.072453 0.064905
v 0.002289 0.071600 0.064490
v 0.000876 0.072388 0.064873
v 0.001618 0.072203 0.064783
v 0.002114 0.071926 0.064649
v 0.000000 0.070896 0.068506
v 0.000845 0.071344 0.067960
v 0.000823 0.071236 0.068213
v 0.001316 0.071182 0.068122
v 0.000876 0.070865 0.068431
v 0.001618 0.070837 0.068216
v 0.000000 0.071090 0.068443
v 0.000845 0.071066 0.068336
v 0.001521 0.071048 0.068191
v 0.001618 0.071296 0.067606
v 0.002114 0.070815 0.067895
v 0.001861 0.071055 0.067911
v 0.001521 0.071246 0.067928
v 0.000000 0.070196 0.068739
v 0.002114 0.070154 0.067885
v 0.001618 0.070176 0.068334
v 0.000876 0.070191 0.068634
v 0.002289 0.070804 0.067516
v 0.000000 0.075443 0.060456
v 0.002114 0.074988 0.059972
v 0.001618 0.075227 0.060226
v 0.000876 0.075387 0.060396
v 0.002114 0.077151 0.058366
v 0.001618 0.077301 0.058643
v 0.000876 0.077401 0.058828
v 0.000000 0.079896 0.057654
v 0.000876 0.079877 0.057580
v 0.001618 0.079822 0.057371
v 0.002114 0.079739 0.057057
v 0.002114 0.082509 0.056353
v 0.001618 0.082509 0.056645
v 0.000876 0.082509 0.056840
v 0.000876 0.084874 0.056771
v 0.001618 0.084889 0.056536
v 0.002114 0.084911 0.056185
v 0.002114 0.087999 0.056468
v 0.001618 0.088029 0.056790
v 0.000876 0.088049 0.057005
v 0.002289 0.093598 0.054963
v 0.000876 0.093751 0.056363
v 0.001618 0.093715 0.056034
v 0.002114 0.093662 0.055543
v 0.000876 0.071442 0.067665
v 0.002114 0.071068 0.067577
v 0.000000 0.071272 0.068263
v 0.000000 0.071414 0.067994
v 0.000000 0.090910 0.056779
v 0.000000 0.092337 0.056629
v 0.002289 0.089372 0.055808
v 0.002289 0.090781 0.055526
v 0.002289 0.092190 0.055245
v 0.002114 0.092246 0.055774
v 0.002114 0.090830 0.056006
v 0.002114 0.089414 0.056237
v 0.001618 0.092294 0.056223
v 0.001618 0.090872 0.056412
v 0.001618 0.089450 0.056601
v 0.000876 0.092325 0.056523
v 0.000876 0.090900 0.056684
v 0.000876 0.089474 0.056844
v -0.002289 0.073519 0.058495
v -0.002289 0.070127 0.067356
v -0.002289 0.071751 0.061027
v -0.002289 0.070509 0.064276
v -0.002289 0.075765 0.056011
v -0.002289 0.078440 0.054195
v -0.002289 0.081116 0.053001
v -0.002289 0.084460 0.052284
v -0.002289 0.085320 0.051615
v -0.002289 0.086084 0.048701
v -0.002289 0.087088 0.046408
v -0.002289 0.088616 0.044783
v -0.002289 0.092279 0.042873
v -0.002289 0.073073 0.061703
v -0.002289 0.074706 0.059672
v -0.002289 0.076975 0.058040
v -0.002289 0.079642 0.056686
v -0.002289 0.082509 0.056010
v -0.002289 0.084938 0.055771
v -0.002289 0.087963 0.056089
v -0.002114 0.073364 0.061950
v -0.001618 0.073611 0.062159
v -0.000876 0.073776 0.062299
v -0.002289 0.071600 0.064490
v -0.000876 0.072388 0.064873
v -0.001618 0.072203 0.064783
v -0.002114 0.071926 0.064649
v -0.000845 0.071344 0.067960
v -0.000823 0.071236 0.068213
v -0.001316 0.071182 0.068122
v -0.000876 0.070865 0.068431
v -0.001618 0.070837 0.068216
v -0.000845 0.071066 0.068336
v -0.001521 0.071048 0.068191
v -0.001618 0.071296 0.067606
v -0.002114 0.070815 0.067895
v -0.001861 0.071055 0.067911
v -0.001521 0.071246 0.067928
v -0.002114 0.070154 0.067885
v -0.001618 0.070176 0.068334
v -0.000876 0.070191 0.068634
v -0.002289 0.070804 0.067516
v -0.002114 0.074988 0.059972
v -0.001618 0.075227 0.060226
v -0.000876 0.075387 0.060396
v -0.002114 0.077151 0.058366
v -0.001618 0.077301 0.058643
v -0.000876 0.077401 0.058828
v -0.000876 0.079877 0.057580
v -0.001618 0.079822 0.057371
v -0.002114 0.079739 0.057057
v -0.002114 0.082509 0.056353
v -0.001618 0.082509 0.056645
v -0.000876 0.082509 0.056840
v -0.000876 0.084874 0.056771
v -0.001618 0.084889 0.056536
v -0.002114 0.084911 0.056185
v -0.002114 0.087999 0.056468
v -0.001618 0.088029 0.056790
v -0.000876 0.088049 0.057005
v -0.002289 0.093598 0.054963
v -0.000876 0.093751 0.056363
v -0.001618 0.093715 0.056034
v -0.002114 0.093662 0.055543
v -0.000876 0.071442 0.067665
v -0.002114 0.071068 0.067577
v -0.002289 0.089372 0.055808
v -0.002289 0.090781 0.055526
v -0.002289 0.092190 0.055245
v -0.002114 0.092246 0.055774
v -0.002114 0.090830 0.056006
v -0.002114 0.089414 0.056237
v -0.001618 0.092294 0.056223
v -0.001618 0.090872 0.056412
v -0.001618 0.089450 0.056601
v -0.000876 0.092325 0.056523
v -0.000876 0.090900 0.056684
v -0.000876 0.089474 0.056844
v 0.012389 0.008626 -0.011034
v 0.012389 0.059243 -0.017232
v 0.012389 0.040915 -0.023011
v 0.010996 0.025817 -0.022514
v 0.001942 0.073608 -0.017703
v 0.010996 0.025107 -0.021076
v 0.001942 0.031586 -0.029344
v 0.001942 0.077901 -0.017456
v 0.010996 0.024086 -0.020183
v 0.012389 0.077983 -0.013105
v 0.010996 0.022656 -0.019642
v 0.006269 0.077907 -0.017124
v 0.006269 0.073589 -0.017347
v 0.010996 0.021225 -0.019658
v 0.009938 0.073535 -0.016332
v 0.001942 0.069067 -0.018694
v 0.006269 0.069011 -0.018344
v 0.009938 0.068850 -0.017347
v 0.001942 0.060646 -0.021583
v 0.006269 0.060540 -0.021252
v 0.012389 0.027543 -0.021865
v 0.001942 0.051565 -0.024803
v 0.012389 0.026631 -0.020001
v 0.006269 0.051465 -0.024472
v 0.012389 0.025207 -0.018682
v 0.012389 0.023430 -0.018054
v 0.009938 0.051178 -0.023529
v 0.001942 0.041906 -0.027197
v 0.012389 0.021767 -0.018031
v 0.006269 0.041831 -0.026879
v 0.006269 0.031542 -0.028994
v 0.009938 0.031417 -0.027997
v 0.001942 0.019822 -0.030926
v 0.006269 0.019819 -0.030531
v 0.009938 0.019810 -0.029406
v 0.012389 0.069619 -0.000735
v 0.012389 0.072629 -0.007076
v 0.012389 0.068745 0.007114
v 0.012389 0.069599 0.014838
v 0.013250 0.078146 -0.009447
v 0.013250 0.074636 -0.005470
v 0.013250 0.071912 -0.000219
v 0.013250 0.070751 0.007114
v 0.013250 0.071319 0.014379
v 0.013250 0.073847 0.022086
v 0.009938 0.077925 -0.016181
v 0.011671 0.077953 -0.014695
v 0.012389 0.073360 -0.013022
v 0.011671 0.073451 -0.014734
v 0.012389 0.068324 -0.014095
v 0.011671 0.068596 -0.015777
v 0.009938 0.060235 -0.020309
v 0.011671 0.059756 -0.018823
v 0.012389 0.050244 -0.020452
v 0.011671 0.050727 -0.022043
v 0.009938 0.041616 -0.025971
v 0.011671 0.041278 -0.024542
v 0.012389 0.025100 0.014644
v 0.011671 0.031220 -0.026426
v 0.012389 0.009399 -0.015942
v 0.010718 0.007822 -0.011097
v 0.010830 0.008605 -0.016067
v 0.010718 0.065116 0.024428
v 0.010718 0.062651 0.022307
v 0.010718 0.059211 0.020587
v 0.010718 0.054911 0.019956
v 0.010718 0.073300 -0.012734
v 0.010718 0.010771 -0.015726
v 0.010718 0.011839 -0.022512
v 0.010718 0.024977 0.015466
v 0.010718 0.030056 -0.019614
v 0.010718 0.040831 0.017844
v 0.010718 0.047320 -0.016867
v 0.010718 0.028163 -0.006538
v 0.010718 0.044901 -0.003929
v 0.012389 0.031008 -0.024745
v 0.009938 0.011277 -0.027832
v 0.012389 0.059431 0.019750
v 0.012389 0.055016 0.019059
v 0.012389 0.065539 0.023523
v 0.013250 0.086741 0.021423
v 0.013250 0.091807 -0.009503
v 0.013250 0.092142 -0.008178
v 0.013250 0.090760 -0.010114
v 0.001942 0.081700 -0.017938
v 0.012389 0.081714 -0.013518
v 0.006269 0.081701 -0.017602
v 0.009938 0.081704 -0.016644
v 0.011671 0.081709 -0.015135
v 0.012184 0.092653 -0.008115
v 0.012184 0.092281 -0.009883
v 0.012184 0.090819 -0.010810
v 0.012184 0.088402 0.020864
v 0.012184 0.087590 0.021724
v 0.011323 0.065116 0.024428
v 0.011323 0.062651 0.022307
v 0.011323 0.059211 0.020587
v 0.006211 0.082447 -0.016109
v 0.011036 0.082447 -0.013796
v 0.011323 0.024977 0.015466
v 0.010996 0.010055 -0.025251
v 0.006172 0.010341 -0.027618
v 0.012717 0.092585 -0.008124
v 0.013107 0.092397 -0.008146
v 0.012717 0.092217 -0.009832
v 0.013107 0.092044 -0.009693
v 0.012717 0.090811 -0.010717
v 0.013107 0.090789 -0.010462
v 0.011571 0.082447 -0.013111
v 0.012280 0.082081 -0.013494
v 0.013250 0.088232 0.020098
v 0.013107 0.088317 0.020481
v 0.012717 0.088379 0.020761
v 0.013107 0.087166 0.021574
v 0.012717 0.087476 0.021683
v 0.012246 0.065328 0.023975
v 0.011856 0.065173 0.024307
v 0.012389 0.063307 0.021602
v 0.012246 0.062979 0.021954
v 0.011856 0.062739 0.022212
v 0.012246 0.059321 0.020168
v 0.011856 0.059241 0.020475
v 0.011323 0.054911 0.019956
v 0.012246 0.054964 0.019508
v 0.011856 0.054925 0.019836
v 0.001932 0.082447 -0.016781
v 0.001940 0.082074 -0.017818
v 0.001937 0.082347 -0.017395
v 0.006261 0.082074 -0.017436
v 0.006240 0.082347 -0.016890
v 0.012132 0.078802 0.029439
v 0.013250 0.077875 0.028503
v 0.012691 0.078544 0.029299
v 0.013100 0.078205 0.028957
v 0.009714 0.082447 -0.015129
v 0.009908 0.082076 -0.016474
v 0.009826 0.082348 -0.015920
v 0.011354 0.082348 -0.014497
v 0.011586 0.082078 -0.014987
v 0.001942 0.011439 -0.029188
v 0.001942 0.010397 -0.028048
v 0.001942 0.010966 -0.028966
v 0.001942 0.010585 -0.028549
v 0.006269 0.011397 -0.028836
v 0.006221 0.010534 -0.028159
v 0.006256 0.010921 -0.028605
v 0.009426 0.010218 -0.026701
v 0.009869 0.010796 -0.027618
v 0.009682 0.010409 -0.027204
v 0.011323 0.040831 0.017844
v 0.012389 0.041028 0.017043
v 0.011856 0.040858 0.017737
v 0.012246 0.040930 0.017443
v 0.011856 0.024993 0.015356
v 0.012246 0.025039 0.015055
v 0.011323 0.007822 -0.011097
v 0.012246 0.008224 -0.011065
v 0.011856 0.007930 -0.011088
v 0.011323 0.008605 -0.016067
v 0.012246 0.009002 -0.016004
v 0.011856 0.008711 -0.016050
v 0.010718 0.009226 0.013070
v 0.010718 0.007822 0.011437
v 0.010718 0.008689 0.012880
v 0.010718 0.008234 0.012503
v 0.010718 0.007929 0.011996
v 0.011323 0.009229 0.013071
v 0.011323 0.007822 0.011434
v 0.011323 0.008691 0.012880
v 0.011323 0.008235 0.012502
v 0.011323 0.007930 0.011994
v 0.012389 0.008626 0.010710
v 0.012389 0.010067 0.012382
v 0.012389 0.008736 0.011283
v 0.012389 0.009048 0.011803
v 0.012389 0.009516 0.012189
v 0.012246 0.008224 0.011065
v 0.012246 0.009655 0.012728
v 0.012246 0.008333 0.011635
v 0.012246 0.008643 0.012151
v 0.012246 0.009107 0.012535
v 0.011856 0.009346 0.012979
v 0.011856 0.007930 0.011332
v 0.011856 0.008804 0.012788
v 0.011856 0.008345 0.012407
v 0.011856 0.008038 0.011896
v 0.013166 0.083686 -0.011395
v 0.013064 0.084003 -0.011685
v 0.012702 0.084234 -0.011817
v 0.013099 0.082912 -0.011670
v 0.012928 0.082265 -0.012170
v 0.012679 0.081844 -0.012819
v 0.012176 0.084319 -0.011756
v 0.011802 0.082590 -0.012676
v 0.011998 0.082996 -0.012266
v 0.012129 0.083603 -0.011942
v 0.011980 0.082349 -0.013344
v 0.012646 0.083510 -0.012031
v 0.012489 0.082898 -0.012396
v 0.012255 0.082490 -0.012857
v 0.013000 0.083257 -0.011931
v 0.012829 0.082630 -0.012361
v 0.012576 0.082217 -0.012910
v -0.012389 0.008626 -0.011034
v -0.012389 0.059243 -0.017232
v -0.012389 0.040915 -0.023011
v -0.001942 0.073608 -0.017703
v -0.001942 0.031586 -0.029344
v -0.001942 0.077901 -0.017456
v -0.012389 0.077983 -0.013105
v -0.006269 0.077907 -0.017124
v -0.006269 0.073589 -0.017347
v -0.009938 0.073535 -0.016332
v -0.001942 0.069067 -0.018694
v -0.006269 0.069011 -0.018344
v -0.009938 0.068850 -0.017347
v -0.001942 0.060646 -0.021583
v -0.006269 0.060540 -0.021252
v -0.001942 0.051565 -0.024803
v -0.006269 0.051465 -0.024472
v -0.009938 0.051178 -0.023529
v -0.001942 0.041906 -0.027197
v -0.006269 0.041831 -0.026879
v -0.006269 0.031542 -0.028994
v -0.009938 0.031417 -0.027997
v -0.001942 0.019822 -0.030926
v -0.006269 0.019819 -0.030531
v -0.009938 0.019810 -0.029406
v -0.012389 0.069619 -0.000735
v -0.012389 0.072629 -0.007076
v -0.012389 0.068745 0.007114
v -0.012389 0.069599 0.014838
v -0.012389 0.071651 0.022294
v -0.013250 0.078146 -0.009447
v -0.013250 0.074636 -0.005470
v -0.013250 0.071912 -0.000219
v -0.013250 0.070751 0.007114
v -0.013250 0.071319 0.014379
v -0.013250 0.073847 0.022086
v -0.009938 0.077925 -0.016181
v -0.011671 0.077953 -0.014695
v -0.012389 0.073360 -0.013022
v -0.011671 0.073451 -0.014734
v -0.012389 0.068324 -0.014095
v -0.011671 0.068596 -0.015777
v -0.009938 0.060235 -0.020309
v -0.011671 0.059756 -0.018823
v -0.012389 0.050244 -0.020452
v -0.011671 0.050727 -0.022043
v -0.009938 0.041616 -0.025971
v -0.011671 0.041278 -0.024542
v -0.012389 0.025100 0.014644
v -0.011671 0.031220 -0.026426
v -0.011671 0.019796 -0.027633
v -0.012389 0.009399 -0.015942
v -0.010723 0.007822 -0.011097
v -0.010830 0.008605 -0.016067
v -0.010723 0.092653 -0.008115
v -0.010723 0.092281 -0.009883
v -0.010723 0.090819 -0.010810
v -0.010723 0.082447 -0.012734
v -0.010723 0.088402 0.020864
v -0.010723 0.087590 0.021724
v -0.010723 0.069703 0.028326
v -0.010723 0.068040 0.027581
v -0.010723 0.065116 0.024428
v -0.010723 0.062651 0.022307
v -0.010723 0.059211 0.020587
v -0.010723 0.054911 0.019956
v -0.010723 0.073300 -0.012734
v -0.010723 0.076829 0.029203
v -0.010723 0.078970 0.029458
v -0.010723 0.010771 -0.015726
v -0.010723 0.011839 -0.022512
v -0.012389 0.068578 0.026794
v -0.010723 0.024977 0.015466
v -0.010723 0.030056 -0.019614
v -0.010723 0.040831 0.017844
v -0.010723 0.047320 -0.016867
v 0.010718 0.069958 -0.013266
v -0.010723 0.028163 -0.006538
v -0.012389 0.019781 -0.025736
v -0.012389 0.031008 -0.024745
v -0.009938 0.011277 -0.027832
v -0.012389 0.069993 0.027428
v -0.012389 0.059431 0.019750
v -0.012389 0.055016 0.019059
v -0.012389 0.065539 0.023523
v -0.013250 0.086741 0.021423
v -0.012389 0.075411 0.028116
v -0.013250 0.091807 -0.009503
v -0.013250 0.092142 -0.008178
v -0.013250 0.090760 -0.010114
v -0.001942 0.081700 -0.017938
v -0.012389 0.081714 -0.013518
v -0.006269 0.081701 -0.017602
v -0.009938 0.081704 -0.016644
v -0.011671 0.081709 -0.015135
v -0.012184 0.092653 -0.008115
v -0.012184 0.092281 -0.009883
v -0.012184 0.090819 -0.010810
v -0.012184 0.088402 0.020864
v -0.012184 0.087590 0.021724
v -0.011323 0.069703 0.028326
v -0.011323 0.068040 0.027581
v -0.011323 0.065116 0.024428
v -0.011323 0.062651 0.022307
v -0.011323 0.059211 0.020587
v -0.006211 0.082447 -0.016109
v -0.011036 0.082447 -0.013796
v -0.011323 0.024977 0.015466
v -0.010756 0.010056 -0.025499
v -0.006172 0.010341 -0.027618
v -0.012717 0.092585 -0.008124
v -0.013107 0.092397 -0.008146
v -0.012717 0.092217 -0.009832
v -0.013107 0.092044 -0.009693
v -0.012717 0.090811 -0.010717
v -0.013107 0.090789 -0.010462
v -0.011571 0.082447 -0.013111
v -0.012280 0.082081 -0.013494
v -0.013250 0.088232 0.020098
v -0.013107 0.088317 0.020481
v -0.012717 0.088379 0.020761
v -0.013107 0.087166 0.021574
v -0.012717 0.087476 0.021683
v -0.012246 0.069848 0.027877
v -0.011856 0.069742 0.028206
v -0.012246 0.068309 0.027187
v -0.011856 0.068112 0.027476
v -0.012246 0.065328 0.023975
v -0.011856 0.065173 0.024307
v -0.012389 0.063307 0.021602
v -0.012246 0.062979 0.021954
v -0.011856 0.062739 0.022212
v -0.012246 0.059321 0.020168
v -0.011856 0.059241 0.020475
v -0.011323 0.054911 0.019956
v -0.012246 0.054964 0.019508
v -0.011856 0.054925 0.019836
v -0.001932 0.082447 -0.016781
v -0.001940 0.082074 -0.017818
v -0.001937 0.082347 -0.017395
v -0.006261 0.082074 -0.017436
v -0.006240 0.082347 -0.016890
v -0.011345 0.076583 0.029172
v -0.011867 0.076231 0.029007
v -0.012249 0.075802 0.028620
v -0.012132 0.078802 0.029439
v -0.013250 0.077875 0.028503
v -0.012691 0.078544 0.029299
v -0.013100 0.078205 0.028957
v -0.009714 0.082447 -0.015129
v -0.009908 0.082076 -0.016474
v -0.009826 0.082348 -0.015920
v -0.011354 0.082348 -0.014497
v -0.011586 0.082078 -0.014987
v -0.001942 0.011439 -0.029188
v -0.001942 0.010397 -0.028048
v -0.001942 0.010966 -0.028966
v -0.001942 0.010585 -0.028549
v -0.006269 0.011397 -0.028836
v -0.006221 0.010534 -0.028159
v -0.006256 0.010921 -0.028605
v -0.009426 0.010218 -0.026701
v -0.009869 0.010796 -0.027618
v -0.009682 0.010409 -0.027204
v -0.011671 0.011088 -0.026251
v -0.011213 0.010226 -0.025820
v -0.011549 0.010604 -0.026096
v -0.011323 0.040831 0.017844
v -0.012389 0.041028 0.017043
v -0.011856 0.040858 0.017737
v -0.012246 0.040930 0.017443
v -0.011856 0.024993 0.015356
v -0.012246 0.025039 0.015055
v -0.011323 0.007822 -0.011097
v -0.012246 0.008224 -0.011065
v -0.011856 0.007930 -0.011088
v -0.012389 0.010886 -0.024558
v -0.011290 0.009852 -0.024018
v -0.012242 0.010394 -0.024439
v -0.011840 0.010016 -0.024241
v -0.011323 0.008605 -0.016067
v -0.012246 0.009002 -0.016004
v -0.011856 0.008711 -0.016050
v -0.010723 0.009226 0.013070
v -0.010723 0.007822 0.011437
v -0.010723 0.008689 0.012880
v -0.010723 0.008234 0.012503
v -0.010723 0.007929 0.011996
v -0.011323 0.009229 0.013071
v -0.011323 0.007822 0.011434
v -0.011323 0.008691 0.012880
v -0.011323 0.008235 0.012502
v -0.011323 0.007930 0.011994
v -0.012389 0.008626 0.010710
v -0.012389 0.010067 0.012382
v -0.012389 0.008736 0.011283
v -0.012389 0.009048 0.011803
v -0.012389 0.009516 0.012189
v -0.012246 0.008224 0.011065
v -0.012246 0.009655 0.012728
v -0.012246 0.008333 0.011635
v -0.012246 0.008643 0.012151
v -0.012246 0.009107 0.012535
v -0.011856 0.009346 0.012979
v -0.011856 0.007930 0.011332
v -0.011856 0.008804 0.012788
v -0.011856 0.008345 0.012407
v -0.011856 0.008038 0.011896
v -0.010723 0.084319 -0.011617
v -0.013166 0.083686 -0.011395
v -0.013064 0.084003 -0.011685
v -0.012702 0.084234 -0.011817
v -0.010723 0.082590 -0.012378
v -0.010723 0.082996 -0.012040
v -0.010723 0.083603 -0.011773
v -0.012694 0.079663 0.029374
v -0.013101 0.079342 0.029045
v -0.013250 0.075659 0.021993
v -0.013099 0.082912 -0.011670
v -0.012928 0.082265 -0.012170
v -0.012679 0.081844 -0.012819
v -0.012176 0.084319 -0.011756
v -0.011802 0.082590 -0.012676
v -0.011998 0.082996 -0.012266
v -0.012129 0.083603 -0.011942
v -0.011980 0.082349 -0.013344
v -0.012646 0.083510 -0.012031
v -0.012489 0.082898 -0.012396
v -0.012255 0.082490 -0.012857
v -0.013000 0.083257 -0.011931
v -0.012829 0.082630 -0.012361
v -0.012576 0.082217 -0.012910
v -0.010723 0.069958 -0.013266
v 0.010718 0.074110 0.023884
v 0.010718 0.072717 0.022954
v 0.010718 0.071075 0.022627
v 0.010718 0.069433 0.022954
v 0.010718 0.067110 0.025276
v 0.010718 0.068041 0.023884
v 0.013244 0.075609 0.024919
v 0.013234 0.074705 0.023517
v 0.010996 0.026641 -0.027530
v 0.010996 0.019801 -0.028324
v 0.011671 0.027396 -0.026830
v 0.012389 0.028062 -0.025005
v 0.010996 0.011162 -0.026867
v 0.010996 0.009455 -0.021491
v 0.011302 0.009396 -0.021108
v 0.011848 0.009391 -0.020320
v 0.012389 0.010006 -0.019463
v 0.012244 0.009615 -0.019719
v 0.010996 0.010252 -0.026017
v 0.010996 0.010667 -0.026597
v 0.011879 0.071075 0.022627
v 0.012389 0.070260 0.021962
v 0.012134 0.070966 0.022538
v 0.012321 0.070668 0.022295
v 0.011478 0.075515 0.029044
v 0.011295 0.074995 0.028279
v 0.011402 0.075189 0.028911
v 0.011335 0.074999 0.028631
v 0.011323 0.066409 0.025822
v 0.011272 0.067035 0.025657
v 0.011316 0.066671 0.025992
v 0.011298 0.066900 0.025932
v 0.010718 0.067035 0.025657
v 0.010718 0.066409 0.025822
v 0.010718 0.066900 0.025932
v 0.010718 0.066671 0.025993
v 0.011979 0.075199 0.027645
v 0.012599 0.075780 0.028178
v 0.012213 0.075242 0.027873
v 0.012440 0.075455 0.028068
v 0.011880 0.069433 0.022954
v 0.012389 0.069092 0.022264
v 0.012134 0.069387 0.022861
v 0.012321 0.069262 0.022609
v 0.011879 0.068041 0.023884
v 0.012389 0.067651 0.023220
v 0.012134 0.067988 0.023795
v 0.012321 0.067846 0.023552
v 0.012380 0.066627 0.024737
v 0.011850 0.067099 0.025335
v 0.012310 0.066869 0.025007
v 0.012121 0.067046 0.025204
v 0.012911 0.073233 0.022558
v 0.012115 0.072717 0.022954
v 0.012700 0.072975 0.022756
v 0.012408 0.072787 0.022901
v 0.012407 0.074110 0.023884
v 0.013000 0.074392 0.023710
v 0.012703 0.074185 0.023837
v 0.012424 0.075040 0.025276
v 0.012721 0.075115 0.025230
v 0.013018 0.075319 0.025101
v 0.012755 0.076153 0.026991
v 0.012151 0.075398 0.026927
v 0.012640 0.075784 0.026962
v 0.012419 0.075508 0.026938
v 0.011852 0.075086 0.028043
v 0.012433 0.075675 0.028605
v 0.012076 0.075127 0.028288
v 0.012288 0.075342 0.028494
v 0.011678 0.075038 0.028192
v 0.012022 0.075573 0.028929
v 0.011793 0.075049 0.028529
v 0.011918 0.075245 0.028798
v 0.012246 0.066519 0.025259
v 0.012048 0.066988 0.025490
v 0.012193 0.066776 0.025462
v 0.011643 0.067055 0.025552
v 0.011856 0.066438 0.025670
v 0.011750 0.066926 0.025804
v 0.011828 0.066700 0.025847
v 0.010718 0.084319 -0.011617
v 0.010718 0.083603 -0.011773
v 0.010718 0.082447 -0.012734
v 0.010718 0.088402 0.020864
v 0.010718 0.087590 0.021724
v 0.010718 0.078970 0.029458
v 0.010718 0.082590 -0.012378
v 0.010718 0.082996 -0.012040
v 0.010718 0.092653 -0.008115
v 0.010718 0.092281 -0.009883
v 0.010718 0.075040 0.025276
v 0.010718 0.075338 0.026911
v 0.010718 0.090819 -0.010810
v 0.010718 0.074975 0.028273
v 0.010718 0.074976 0.028625
v 0.010718 0.075163 0.028905
v 0.010718 0.075484 0.029038
v -0.010723 0.009816 -0.010650
v 0.012712 0.085391 0.029759
v 0.012717 0.087202 0.028127
v 0.012714 0.086266 0.029583
v 0.012716 0.086929 0.028986
v 0.013107 0.086968 0.027853
v 0.013106 0.085156 0.029498
v 0.013107 0.086702 0.028725
v 0.013106 0.086039 0.029328
v 0.012173 0.085475 0.029856
v 0.012184 0.087287 0.028229
v 0.012179 0.086348 0.029677
v 0.012183 0.087011 0.029082
v 0.013250 0.086647 0.027456
v 0.013250 0.084823 0.029141
v 0.013250 0.086390 0.028359
v 0.013250 0.085722 0.028975
v 0.010718 0.085463 0.029857
v 0.010718 0.087287 0.028225
v 0.010718 0.086342 0.029677
v 0.010718 0.087010 0.029080
v -0.012717 0.087192 0.028189
v -0.012712 0.085419 0.029761
v -0.012716 0.086927 0.029017
v -0.012714 0.086279 0.029592
v -0.013107 0.086959 0.027931
v -0.013106 0.085191 0.029501
v -0.013107 0.086702 0.028765
v -0.013106 0.086055 0.029339
v -0.012174 0.085499 0.029857
v -0.012184 0.087277 0.028282
v -0.012179 0.086358 0.029685
v -0.012183 0.087009 0.029109
v -0.013250 0.086641 0.027568
v -0.013250 0.084871 0.029145
v -0.013250 0.086393 0.028415
v -0.013250 0.085745 0.028993
v -0.010719 0.087277 0.028274
v -0.010719 0.085486 0.029858
v -0.010719 0.087008 0.029104
v -0.010719 0.086352 0.029684
v 0.013250 0.091184 0.020244
v 0.013250 0.092151 0.019349
v 0.013250 0.091668 0.020142
v 0.013250 0.092021 0.019814
v 0.012184 0.091722 0.020807
v 0.012184 0.092654 0.019858
v 0.012184 0.092188 0.020674
v 0.012184 0.092529 0.020327
v 0.013107 0.091462 0.020528
v 0.013107 0.092402 0.019603
v 0.013107 0.091932 0.020409
v 0.013107 0.092276 0.020071
v 0.012717 0.092587 0.019791
v 0.012717 0.091654 0.020732
v 0.012717 0.092462 0.020259
v 0.012717 0.092120 0.020603
v -0.010723 0.092654 0.019859
v -0.010723 0.091709 0.020807
v -0.010723 0.092528 0.020327
v -0.010723 0.092182 0.020674
v -0.013250 0.092151 0.019353
v -0.013250 0.091180 0.020244
v -0.013250 0.092021 0.019816
v -0.013250 0.091665 0.020142
v -0.012184 0.091716 0.020807
v -0.012184 0.092654 0.019864
v -0.012184 0.092185 0.020675
v -0.012184 0.092529 0.020330
v -0.013107 0.092402 0.019608
v -0.013107 0.091457 0.020528
v -0.013107 0.092276 0.020073
v -0.013107 0.091930 0.020410
v -0.012717 0.092587 0.019797
v -0.012717 0.091649 0.020733
v -0.012717 0.092461 0.020262
v -0.012717 0.092118 0.020604
v 0.010718 0.091716 0.020807
v 0.010718 0.092654 0.019852
v 0.010718 0.092185 0.020673
v 0.010718 0.092529 0.020324
v 0.010718 0.092653 -0.006730
v 0.013107 0.092398 -0.006772
v 0.013250 0.092142 -0.006815
v 0.012184 0.092653 -0.006730
v 0.012717 0.092585 -0.006741
v 0.010718 0.088518 0.019349
v 0.010718 0.072712 -0.005560
v 0.010718 0.068940 -0.005339
v -0.010723 0.009266 0.011473
v 0.010718 0.090498 -0.006604
v 0.010718 0.083498 -0.006193
v 0.010718 0.079168 0.027332
v 0.012389 0.057760 -0.004499
v 0.012389 0.065204 -0.002220
v 0.012389 0.047590 -0.009655
v 0.012389 0.028936 -0.010927
v 0.012389 0.020295 -0.010972
v 0.010718 0.009310 0.011517
v -0.012139 0.079892 0.029507
v -0.013250 0.079014 0.028608
v -0.010722 0.080031 0.029523
v -0.013236 0.073321 0.000809
v -0.013214 0.075803 -0.004253
v -0.013178 0.079081 -0.008300
v -0.013244 0.072566 0.006917
v -0.013248 0.073031 0.014426
v -0.012389 0.074770 0.028034
v -0.010723 0.075986 0.029099
v -0.011866 0.075463 0.028912
v -0.011343 0.075769 0.029072
v -0.012249 0.075098 0.028532
v -0.012389 0.068705 0.014946
v -0.012389 0.071002 0.022645
v -0.012389 0.067422 0.007076
v -0.012389 0.071882 -0.008020
v -0.012389 0.068645 -0.001161
v 0.010996 0.010636 -0.021307
v 0.010996 0.010259 -0.021365
v 0.012389 0.020623 -0.013061
v 0.013250 0.090496 -0.006952
v 0.013250 0.088322 0.019028
v 0.010718 0.010491 -0.010499
v -0.010723 0.089883 -0.008086
v -0.010723 0.088526 0.018439
v -0.010723 0.087836 0.018528
v -0.010723 0.082343 0.021142
v 0.012389 0.068415 0.015443
v 0.012389 0.067617 0.007410
v 0.012389 0.071210 -0.007329
v 0.012389 0.067962 -0.001292
v 0.013237 0.076453 0.024094
v 0.013250 0.073234 0.015026
v 0.013236 0.073899 0.000642
v 0.013250 0.075523 0.022000
v 0.013245 0.077187 0.025423
v 0.013222 0.076353 -0.003257
v 0.013250 0.072951 0.007057
v 0.013211 0.079595 -0.008276
v 0.010820 0.099156 0.036675
v 0.010174 0.088323 0.032994
v 0.010174 0.092003 0.036675
v 0.010174 0.088603 0.034403
v 0.010174 0.089401 0.035597
v 0.010174 0.090595 0.036395
v 0.010820 0.092544 -0.027811
v 0.010820 0.091569 -0.022766
v 0.010174 0.092003 0.021947
v 0.010174 0.088323 0.025628
v 0.010820 0.099156 -0.029159
v 0.010174 0.090595 0.022227
v 0.010174 0.089401 0.023025
v 0.010174 0.088603 0.024219
v 0.010820 0.092755 0.049717
v 0.010820 0.091723 0.043662
v 0.010820 0.088764 0.038365
v 0.010820 0.078651 0.033274
v 0.010820 0.067437 0.031348
v 0.010820 0.008299 0.010377
v 0.010820 0.070797 0.026321
v 0.010820 0.066177 0.022262
v 0.010820 0.061363 0.019171
v 0.010820 0.082253 0.024820
v 0.010174 0.097622 0.021947
v 0.010820 0.077346 0.027904
v 0.010174 0.097622 0.036675
v 0.010820 0.080927 0.027653
v 0.010820 0.034510 0.014575
v 0.010820 0.008299 -0.015783
v 0.010820 0.028658 -0.012522
v 0.010820 0.034510 -0.009601
v 0.010820 0.028658 -0.018797
v 0.010820 0.034510 -0.017860
v 0.005182 0.088594 -0.025478
v 0.005182 0.085721 -0.020822
v 0.005182 0.082253 -0.017652
v 0.006023 0.093335 0.114235
v 0.006022 0.059877 0.027482
v 0.006022 0.089215 0.044408
v 0.006022 0.090450 0.050869
v 0.006022 0.083008 0.037163
v 0.006022 0.057167 0.026171
v 0.010820 0.099156 0.059305
v 0.006022 0.090450 0.059305
v 0.010820 0.101168 0.110396
v 0.010820 0.095183 0.110396
v 0.010820 0.095183 0.101758
v 0.010820 0.096445 0.059305
v 0.010820 0.096445 0.101758
v 0.010820 0.095365 0.114235
v 0.009171 0.093908 0.114235
v 0.007344 0.093462 0.114235
v 0.010820 0.092755 0.111139
v 0.006022 0.090450 0.111410
v 0.009169 0.091101 0.111333
v 0.007339 0.090594 0.111393
v 0.010820 0.058631 0.022266
v 0.009169 0.057580 0.025069
v 0.007666 0.057316 0.025774
v 0.010820 0.062415 0.024262
v 0.009169 0.060594 0.026573
v 0.007339 0.060035 0.027282
v 0.010820 0.065511 0.027426
v 0.006022 0.061851 0.030002
v 0.009169 0.062884 0.029275
v 0.007339 0.062079 0.029842
v 0.009169 0.064470 0.033439
v 0.007339 0.063560 0.034081
v 0.007339 0.078143 0.035371
v 0.009169 0.078262 0.034879
v 0.010820 0.084499 0.034994
v 0.007339 0.083101 0.037028
v 0.009169 0.083429 0.036551
v 0.006022 0.086460 0.039992
v 0.007339 0.086603 0.039890
v 0.009169 0.087110 0.039533
v 0.009169 0.089923 0.044198
v 0.007339 0.089371 0.044362
v 0.007339 0.090594 0.050797
v 0.009169 0.091101 0.050544
v 0.006022 0.034130 0.022563
v 0.010820 0.034407 0.018392
v 0.007704 0.034163 0.022070
v 0.009384 0.034234 0.020996
v 0.010820 0.092755 0.059305
v 0.007339 0.090594 0.059305
v 0.009169 0.091101 0.059305
v 0.010820 0.093920 -0.028901
v 0.005182 0.091566 -0.030828
v 0.010391 0.093019 -0.029638
v 0.009169 0.092255 -0.030263
v 0.007339 0.091745 -0.030681
v 0.007344 0.099156 -0.030299
v 0.009171 0.099156 -0.030204
v 0.010527 0.099156 -0.029775
v 0.005182 0.089584 -0.029738
v 0.007339 0.089810 -0.029592
v 0.009169 0.090451 -0.029174
v 0.010391 0.091411 -0.028549
v 0.007339 0.088820 -0.025272
v 0.009169 0.089465 -0.024684
v 0.010391 0.090430 -0.023804
v 0.007339 0.085948 -0.020621
v 0.009169 0.086594 -0.020048
v 0.010391 0.087561 -0.019191
v 0.010820 0.082253 -0.013536
v 0.010391 0.082253 -0.015111
v 0.009171 0.082253 -0.016446
v 0.007344 0.082253 -0.017339
v 0.010820 0.099138 0.114235
v 0.010820 0.101168 0.116952
v 0.010820 0.099138 0.116952
v 0.006022 0.068759 0.037958
v 0.009264 0.088860 -0.018033
v 0.009264 0.093077 0.049683
v 0.009264 0.092009 0.043563
v 0.009264 0.088962 0.038199
v 0.009264 0.078717 0.032990
v 0.009264 0.067557 0.031103
v 0.009266 0.008299 0.010377
v 0.009266 0.070797 0.026321
v 0.009266 0.066177 0.022262
v 0.009266 0.061363 0.019171
v 0.009266 0.082253 0.024820
v 0.009266 0.077346 0.027904
v 0.009266 0.080927 0.027653
v 0.008387 0.074067 0.033706
v 0.009266 0.034510 0.014575
v 0.009266 0.008299 -0.015783
v 0.009266 0.028658 -0.012522
v 0.009266 0.034510 -0.011585
v 0.009266 0.028658 -0.018797
v 0.009266 0.034510 -0.017860
v 0.005081 0.086886 -0.019854
v 0.005087 0.082253 -0.016541
v 0.005858 0.060841 0.026286
v 0.005921 0.090635 0.043852
v 0.005931 0.091950 0.050729
v 0.005853 0.063186 0.029278
v 0.006934 0.073772 0.034100
v 0.005867 0.057620 0.024725
v 0.009266 0.099156 0.059305
v 0.009266 0.095183 0.110396
v 0.009266 0.095183 0.101758
v 0.005936 0.091950 0.101758
v 0.009264 0.093096 0.101758
v 0.009266 0.096445 0.059305
v 0.009266 0.096445 0.101758
v 0.009264 0.093166 0.110396
v 0.005937 0.091951 0.110396
v 0.008387 0.092493 0.110396
v 0.007060 0.092074 0.110396
v 0.009264 0.058686 0.022099
v 0.008387 0.057948 0.023910
v 0.006844 0.057692 0.024548
v 0.009264 0.062520 0.024122
v 0.008387 0.061337 0.025623
v 0.006820 0.060944 0.026143
v 0.009264 0.065645 0.027334
v 0.005842 0.073698 0.034213
v 0.008387 0.064507 0.028204
v 0.006803 0.063334 0.029140
v 0.008387 0.065897 0.031992
v 0.006769 0.064587 0.032762
v 0.007017 0.078445 0.033921
v 0.008387 0.078547 0.033545
v 0.009264 0.084627 0.034754
v 0.007016 0.083819 0.035716
v 0.008387 0.084081 0.035337
v 0.005919 0.087601 0.038988
v 0.007001 0.087722 0.038908
v 0.008387 0.088137 0.038637
v 0.008387 0.091204 0.043712
v 0.007007 0.090764 0.043821
v 0.007039 0.092069 0.050662
v 0.008387 0.092476 0.050421
v 0.005869 0.034362 0.021083
v 0.009264 0.034438 0.018198
v 0.006853 0.034370 0.020888
v 0.008387 0.034398 0.020186
v 0.007056 0.092072 0.101758
v 0.008387 0.092489 0.101758
v 0.009289 0.094037 -0.026043
v 0.005123 0.091918 -0.027012
v 0.009288 0.093324 -0.026524
v 0.008575 0.092638 -0.026685
v 0.007082 0.092120 -0.026754
v 0.010820 0.099156 -0.026786
v 0.010820 0.099156 -0.002030
v 0.006916 0.087071 -0.019671
v 0.008277 0.087539 -0.019221
v 0.009030 0.088121 -0.018682
v 0.009247 0.082253 -0.013423
v 0.008992 0.082253 -0.014548
v 0.008281 0.082253 -0.015485
v 0.006930 0.082253 -0.016243
v 0.009264 0.074945 0.032926
v 0.005924 0.083745 0.035829
v 0.005925 0.078371 0.034034
v 0.005677 0.064513 0.032875
v 0.009266 0.034510 -0.009694
v 0.006022 0.010844 0.018924
v 0.009385 0.010854 0.017282
v 0.007706 0.010847 0.018408
v 0.009266 0.010881 -0.015370
v 0.009266 0.010881 0.010791
v 0.005863 0.011075 0.017444
v 0.009264 0.010900 0.014377
v 0.008387 0.011038 0.016512
v 0.006834 0.011067 0.017242
v 0.009266 0.010881 -0.013478
v 0.005430 0.010881 -0.015370
v 0.005430 0.010881 -0.013478
v 0.005430 0.023259 -0.013387
v 0.005430 0.022964 -0.011543
v 0.010820 0.082253 -0.003049
v 0.009253 0.082253 -0.002010
v 0.009252 0.082253 -0.003924
v 0.009277 0.099156 -0.003089
v 0.009260 0.087610 -0.003089
v 0.009260 0.087609 -0.001166
v 0.005182 0.099156 -0.030333
v 0.005182 0.095633 -0.030563
v 0.005182 0.099156 -0.026786
v 0.005182 0.095633 -0.027012
v 0.009234 0.096530 -0.026524
v 0.008731 0.096532 -0.026685
v 0.007164 0.096526 -0.026754
v 0.009289 0.096516 -0.026043
v 0.005182 0.096516 -0.026955
v 0.005182 0.099156 -0.003089
v 0.005182 0.096516 -0.003089
v 0.009268 0.096516 -0.003089
v 0.008827 0.099156 -0.026786
v 0.005182 0.107474 -0.021240
v 0.009830 0.107474 -0.021240
v 0.005182 0.102305 -0.012732
v 0.009830 0.102328 -0.024673
v 0.005182 0.107474 -0.008796
v 0.009830 0.107474 -0.008796
v 0.009830 0.102305 -0.008796
v 0.005182 0.102305 -0.008796
v 0.005182 0.099156 -0.012732
v 0.008827 0.102328 -0.024673
v 0.008827 0.102305 -0.012732
v 0.008827 0.099156 -0.012732
v 0.010820 0.095710 -0.028989
v 0.010454 0.095857 -0.029702
v 0.009170 0.095882 -0.030232
v 0.007342 0.095790 -0.030473
v 0.010820 0.099156 0.049741
v 0.009266 0.099156 0.049697
v 0.010820 0.088719 -0.002659
v 0.009264 0.008299 0.013967
v 0.009385 0.008282 0.016863
v 0.010820 0.008299 0.014135
v 0.010820 0.088702 -0.018180
v 0.010820 0.099156 -0.012778
v 0.010820 0.089401 0.023025
v 0.003957 0.078117 0.035522
v 0.010820 0.075801 0.032784
v 0.009169 0.074772 0.034515
v 0.007339 0.074155 0.035019
v 0.003978 0.063688 0.039086
v 0.003978 0.063119 0.037907
v 0.006022 0.073568 0.035767
v 0.006022 0.070874 0.036598
v 0.003978 0.063282 0.034277
v 0.006022 0.067122 0.039393
v 0.003978 0.070874 0.036598
v 0.003978 0.068759 0.037958
v 0.003978 0.073568 0.035767
v 0.006022 0.073798 0.035146
v 0.006022 0.078126 0.035511
v 0.006022 0.066014 0.039846
v 0.006022 0.063303 0.034262
v 0.006022 0.063119 0.037907
v 0.003978 0.067122 0.039393
v 0.006022 0.064785 0.039771
v 0.003978 0.066014 0.039846
v 0.006022 0.063688 0.039086
v 0.003978 0.064785 0.039771
v 0.009169 0.072163 0.034243
v 0.007339 0.071472 0.034781
v 0.006022 0.071141 0.034922
v 0.009169 0.070063 0.034023
v 0.007339 0.069313 0.034590
v 0.006022 0.069001 0.034742
v 0.010820 0.071619 0.032066
v -0.010820 0.099156 0.041209
v -0.010820 0.092544 -0.027811
v -0.010820 0.091569 -0.022766
v -0.010820 0.088702 -0.018180
v -0.010820 0.099156 -0.029159
v -0.010820 0.092755 0.049717
v -0.010820 0.091723 0.043662
v -0.010820 0.088764 0.038365
v -0.010820 0.078651 0.033274
v -0.010820 0.067437 0.031348
v -0.010820 0.008299 0.010377
v -0.010820 0.070797 0.026321
v -0.010820 0.066177 0.022262
v -0.010820 0.061363 0.019171
v -0.010820 0.082253 0.024820
v -0.010820 0.077346 0.027904
v -0.010820 0.080927 0.027653
v -0.010820 0.099156 0.024820
v -0.010820 0.034510 0.014575
v -0.010820 0.008299 -0.015783
v -0.010820 0.028658 -0.012522
v -0.010820 0.034510 -0.010102
v -0.010820 0.028658 -0.018797
v -0.010820 0.034510 -0.017860
v -0.005182 0.088594 -0.025478
v -0.005182 0.085721 -0.020822
v -0.005182 0.082253 -0.017652
v -0.006023 0.093335 0.114235
v -0.006022 0.059877 0.027482
v -0.006022 0.089215 0.044408
v -0.006022 0.090450 0.050869
v -0.006022 0.083008 0.037163
v -0.006022 0.057167 0.026171
v -0.010820 0.099156 0.059305
v -0.006022 0.090450 0.059305
v -0.010820 0.101168 0.110396
v -0.010820 0.095183 0.110396
v -0.010820 0.092755 0.059305
v -0.010820 0.095183 0.101758
v -0.010820 0.096445 0.059305
v -0.010820 0.096445 0.101758
v -0.010820 0.095365 0.114235
v -0.009171 0.093908 0.114235
v -0.007344 0.093462 0.114235
v -0.010820 0.092755 0.111139
v -0.006022 0.090450 0.111410
v -0.009169 0.091101 0.111333
v -0.007339 0.090594 0.111393
v -0.010820 0.058631 0.022266
v -0.009169 0.057580 0.025069
v -0.007666 0.057316 0.025774
v -0.010820 0.062415 0.024262
v -0.009169 0.060594 0.026573
v -0.007339 0.060035 0.027282
v -0.010820 0.065511 0.027426
v -0.006022 0.061851 0.030002
v -0.009169 0.062884 0.029275
v -0.007339 0.062079 0.029842
v -0.009169 0.064470 0.033439
v -0.007339 0.063560 0.034081
v -0.007339 0.078143 0.035371
v -0.009169 0.078262 0.034879
v -0.010820 0.084499 0.034994
v -0.007339 0.083101 0.037028
v -0.009169 0.083429 0.036551
v -0.006022 0.086460 0.039992
v -0.007339 0.086603 0.039890
v -0.009169 0.087110 0.039533
v -0.009169 0.089923 0.044198
v -0.007339 0.089371 0.044362
v -0.007339 0.090594 0.050797
v -0.009169 0.091101 0.050544
v -0.006022 0.034130 0.022563
v -0.010820 0.034407 0.018392
v -0.007704 0.034163 0.022070
v -0.009384 0.034234 0.020996
v -0.007339 0.090594 0.059305
v -0.009169 0.091101 0.059305
v -0.010820 0.093920 -0.028901
v -0.005182 0.091566 -0.030828
v -0.010391 0.093019 -0.029638
v -0.009169 0.092255 -0.030263
v -0.007339 0.091745 -0.030681
v -0.007344 0.099156 -0.030299
v -0.009171 0.099156 -0.030204
v -0.010527 0.099156 -0.029775
v -0.005182 0.089584 -0.029738
v -0.007339 0.089810 -0.029592
v -0.009169 0.090451 -0.029174
v -0.010391 0.091411 -0.028549
v -0.007339 0.088820 -0.025272
v -0.009169 0.089465 -0.024684
v -0.010391 0.090430 -0.023804
v -0.007339 0.085948 -0.020621
v -0.009169 0.086594 -0.020048
v -0.010391 0.087561 -0.019191
v -0.010820 0.082253 -0.013536
v -0.010391 0.082253 -0.015111
v -0.009171 0.082253 -0.016446
v -0.007344 0.082253 -0.017339
v -0.010820 0.099138 0.114235
v -0.010820 0.101168 0.116952
v -0.010820 0.099138 0.116952
v -0.006022 0.068759 0.037958
v -0.009266 0.099156 0.041198
v -0.009264 0.088860 -0.018033
v -0.009264 0.093077 0.049683
v -0.009264 0.092009 0.043563
v -0.009264 0.088962 0.038199
v -0.009264 0.078717 0.032990
v -0.009264 0.067557 0.031103
v -0.009266 0.008299 0.010377
v -0.009266 0.070797 0.026321
v -0.009266 0.066177 0.022262
v -0.009266 0.061363 0.019171
v -0.009266 0.082253 0.024820
v -0.009266 0.077346 0.027904
v -0.009266 0.080927 0.027653
v -0.009266 0.099156 0.024820
v -0.008387 0.074067 0.033706
v -0.009266 0.034510 0.014575
v -0.009266 0.008299 -0.015783
v -0.009266 0.028658 -0.012522
v -0.009266 0.034510 -0.011585
v -0.009266 0.028658 -0.018797
v -0.009266 0.034510 -0.017860
v -0.005081 0.086886 -0.019854
v -0.005087 0.082253 -0.016541
v -0.005858 0.060841 0.026286
v -0.005921 0.090635 0.043852
v -0.005931 0.091950 0.050729
v -0.005853 0.063186 0.029278
v -0.006934 0.073772 0.034100
v -0.005867 0.057620 0.024725
v -0.009266 0.099156 0.059305
v -0.009266 0.095183 0.110396
v -0.009266 0.095183 0.101758
v -0.005936 0.091950 0.101758
v -0.009264 0.093096 0.101758
v -0.009266 0.096445 0.059305
v -0.009266 0.096445 0.101758
v -0.009264 0.093166 0.110396
v -0.005937 0.091951 0.110396
v -0.008387 0.092493 0.110396
v -0.007060 0.092074 0.110396
v -0.009264 0.058686 0.022099
v -0.008387 0.057948 0.023910
v -0.006844 0.057692 0.024548
v -0.009264 0.062520 0.024122
v -0.008387 0.061337 0.025623
v -0.006820 0.060944 0.026143
v -0.009264 0.065645 0.027334
v -0.005842 0.073698 0.034213
v -0.008387 0.064507 0.028204
v -0.006803 0.063334 0.029140
v -0.008387 0.065897 0.031992
v -0.006769 0.064587 0.032762
v -0.007017 0.078445 0.033921
v -0.008387 0.078547 0.033545
v -0.009264 0.084627 0.034754
v -0.007016 0.083819 0.035716
v -0.008387 0.084081 0.035337
v -0.005919 0.087601 0.038988
v -0.007001 0.087722 0.038908
v -0.008387 0.088137 0.038637
v -0.008387 0.091204 0.043712
v -0.007007 0.090764 0.043821
v -0.007039 0.092069 0.050662
v -0.008387 0.092476 0.050421
v -0.005869 0.034362 0.021083
v -0.009264 0.034438 0.018198
v -0.006853 0.034370 0.020888
v -0.008387 0.034398 0.020186
v -0.007056 0.092072 0.101758
v -0.008387 0.092489 0.101758
v -0.009289 0.094037 -0.026043
v -0.005123 0.091918 -0.027012
v -0.009288 0.093324 -0.026524
v -0.008575 0.092638 -0.026685
v -0.007082 0.092120 -0.026754
v -0.010820 0.099156 -0.002987
v -0.006916 0.087071 -0.019671
v -0.008277 0.087539 -0.019221
v -0.009030 0.088121 -0.018682
v -0.009247 0.082253 -0.013423
v -0.008992 0.082253 -0.014548
v -0.008281 0.082253 -0.015485
v -0.006930 0.082253 -0.016243
v -0.009264 0.074945 0.032926
v -0.005924 0.083745 0.035829
v -0.005925 0.078371 0.034034
v -0.005677 0.064513 0.032875
v -0.009266 0.034510 -0.009694
v -0.006022 0.010844 0.018924
v -0.009385 0.010854 0.017282
v -0.007706 0.010847 0.018408
v -0.009266 0.010881 -0.015370
v -0.009266 0.010881 0.010791
v -0.005863 0.011075 0.017444
v -0.009264 0.010900 0.014377
v -0.008387 0.011038 0.016512
v -0.006834 0.011067 0.017242
v -0.009266 0.010881 -0.013478
v -0.005430 0.010881 -0.015370
v -0.005430 0.010881 -0.013478
v -0.005430 0.023259 -0.013387
v -0.005430 0.022964 -0.011543
v -0.010820 0.082253 -0.003049
v -0.009253 0.082253 -0.002010
v -0.009252 0.082253 -0.003924
v -0.009266 0.088501 0.024820
v -0.009277 0.099156 -0.003089
v -0.009260 0.087610 -0.003089
v -0.009260 0.087609 -0.001166
v -0.005182 0.099156 -0.030333
v -0.005182 0.095633 -0.030563
v -0.005182 0.099156 -0.026786
v -0.005182 0.095633 -0.027012
v -0.009234 0.096530 -0.026524
v -0.008731 0.096532 -0.026685
v -0.007164 0.096526 -0.026754
v -0.009289 0.096516 -0.026043
v -0.005182 0.096516 -0.026955
v -0.005182 0.099156 -0.003089
v -0.005182 0.096516 -0.003089
v -0.009268 0.096516 -0.003089
v -0.008827 0.099156 -0.026786
v -0.005182 0.107474 -0.021240
v -0.009830 0.107474 -0.021240
v -0.005182 0.102305 -0.012732
v -0.009830 0.102328 -0.024673
v -0.005182 0.107474 -0.008796
v -0.009830 0.107474 -0.008796
v -0.009830 0.102305 -0.008796
v -0.005182 0.102305 -0.008796
v -0.005182 0.099156 -0.012732
v -0.008827 0.102328 -0.024673
v -0.008827 0.102305 -0.012732
v -0.008827 0.099156 -0.012732
v -0.010820 0.095710 -0.028989
v -0.010454 0.095857 -0.029702
v -0.009170 0.095882 -0.030232
v -0.007342 0.095790 -0.030473
v -0.010820 0.099156 0.049741
v -0.009266 0.099156 0.049697
v -0.010820 0.088750 0.024820
v -0.010820 0.088719 -0.002659
v -0.009264 0.008299 0.013967
v -0.009385 0.008282 0.016863
v -0.010820 0.008299 0.014135
v -0.010820 0.099156 -0.012778
v -0.003957 0.078117 0.035522
v -0.010820 0.075801 0.032784
v -0.009169 0.074772 0.034515
v -0.007339 0.074155 0.035019
v -0.003978 0.063688 0.039086
v -0.003978 0.063119 0.037907
v -0.006022 0.073568 0.035767
v -0.006022 0.070874 0.036598
v -0.003978 0.063282 0.034277
v -0.006022 0.067122 0.039393
v -0.003978 0.070874 0.036598
v -0.003978 0.068759 0.037958
v -0.003978 0.073568 0.035767
v -0.006022 0.073798 0.035146
v -0.006022 0.078126 0.035511
v -0.006022 0.066014 0.039846
v -0.006022 0.063303 0.034262
v -0.006022 0.063119 0.037907
v -0.003978 0.067122 0.039393
v -0.006022 0.064785 0.039771
v -0.003978 0.066014 0.039846
v -0.006022 0.063688 0.039086
v -0.003978 0.064785 0.039771
v -0.009169 0.072163 0.034243
v -0.007339 0.071472 0.034781
v -0.006022 0.071141 0.034922
v -0.009169 0.070063 0.034023
v -0.007339 0.069313 0.034590
v -0.006022 0.069001 0.034742
v -0.010820 0.071619 0.032066
v 0.009266 0.099156 0.036675
v 0.010820 0.088603 0.024219
v 0.010820 0.088323 0.025628
v 0.010820 0.088603 0.034403
v 0.010820 0.089401 0.035597
v 0.010820 0.088323 0.032994
v 0.010820 0.099156 0.021947
v 0.010820 0.090595 0.022227
v 0.010820 0.092003 0.021947
v 0.010820 0.092003 0.036675
v 0.010820 0.090595 0.036395
v 0.009267 0.098777 0.021947
v 0.009266 0.098778 0.036675
v 0.009267 0.099156 0.021947
vn 0.9325 -0.3046 -0.1940
vn 0.8208 -0.5711 -0.0105
vn 0.8846 -0.4657 -0.0233
vn 0.9635 -0.2109 -0.1651
vn -0.0000 -0.0000 1.0000
vn 0.2848 0.9586 -0.0000
vn 0.5254 0.8509 -0.0000
vn 0.6595 0.3258 -0.6774
vn 0.5971 0.5683 -0.5661
vn 1.0000 -0.0000 -0.0000
vn 0.9648 -0.0015 -0.2630
vn 0.8760 -0.4823 -0.0000
vn 0.8296 -0.5577 0.0261
vn -0.0000 0.2389 -0.9710
vn -0.0000 -0.2369 0.9715
vn 0.9608 0.2773 -0.0000
vn 0.9800 0.1992 -0.0000
vn 0.9467 0.3221 -0.0000
vn 0.7158 0.6983 -0.0000
vn 0.8476 0.5306 -0.0000
vn -0.0117 0.0010 -0.9999
vn 0.0117 0.0010 -0.9999
vn 0.0100 0.0761 -0.9971
vn -0.0100 0.0761 -0.9971
vn -0.0000 -1.0000 -0.0000
vn 0.1463 0.9892 -0.0000
vn 0.9083 0.4184 -0.0000
vn 0.2080 0.9781 -0.0000
vn 0.3592 0.9333 -0.0000
vn 0.2362 0.9717 -0.0000
vn 0.7468 0.6650 -0.0000
vn -0.1463 0.9892 -0.0000
vn -0.0000 1.0000 -0.0000
vn 0.9034 -0.4288 -0.0000
vn 0.9254 -0.3733 -0.0648
vn 0.0587 0.6158 -0.7857
vn 0.0429 0.2983 -0.9535
vn 0.0836 0.3859 -0.9188
vn 0.0853 0.6124 -0.7860
vn 0.0782 0.4606 -0.8842
vn 0.0978 0.6833 -0.7236
vn 0.2520 0.6977 -0.6706
vn 0.2294 0.4623 -0.8565
vn 0.5802 0.6158 -0.5330
vn 0.5269 0.4079 -0.7456
vn 0.1276 0.4202 -0.8984
vn 0.2960 0.4489 -0.8431
vn 0.6459 0.4025 -0.6487
vn 0.1404 0.1866 -0.9724
vn 0.3234 0.2046 -0.9239
vn 0.6775 0.1845 -0.7120
vn -1.0000 -0.0000 -0.0000
vn 0.1475 0.2183 -0.9647
vn 0.3345 0.2127 -0.9181
vn 0.6739 0.1719 -0.7186
vn 0.1357 0.4906 -0.8608
vn 0.1282 0.5602 -0.8184
vn 0.2913 0.5709 -0.7676
vn 0.3147 0.4437 -0.8391
vn 0.6917 0.6868 -0.2233
vn 0.5052 0.8532 -0.1296
vn 0.4756 0.6137 -0.6302
vn 0.2332 0.5553 -0.7983
vn 0.1024 0.5555 -0.8252
vn 0.8214 0.4551 -0.3438
vn 0.4819 0.5483 -0.6834
vn 0.2115 0.5966 -0.7741
vn 0.0905 0.6236 -0.7765
vn 0.0368 0.7888 -0.6136
vn 0.0688 0.7894 -0.6100
vn 0.0483 0.6308 -0.7744
vn 0.0620 0.5570 -0.8282
vn 0.0693 0.5034 -0.8613
vn 0.0707 0.7813 -0.6201
vn 0.1642 0.7768 -0.6080
vn 0.1599 0.7855 -0.5978
vn 0.4066 0.7496 -0.5223
vn 0.4046 0.7423 -0.5342
vn 0.8501 0.4816 -0.2131
vn 0.8263 0.5053 -0.2486
vn 0.8189 0.5032 -0.2760
vn 0.4490 0.5845 -0.6759
vn 0.1818 0.5981 -0.7806
vn 0.0379 0.7833 -0.6205
vn 0.0652 0.1036 -0.9925
vn 0.1578 0.1619 -0.9741
vn 0.1676 0.3805 -0.9095
vn 0.3859 0.3745 -0.8431
vn 0.4204 0.4480 -0.7890
vn 0.6798 0.6327 -0.3709
vn 0.7764 0.5383 -0.3277
vn 0.0472 0.1285 -0.9906
vn 0.0741 0.0557 -0.9957
vn 0.1126 0.3769 -0.9194
vn 0.1654 0.2019 -0.9653
vn 0.2209 0.7108 -0.6678
vn 0.3458 0.5028 -0.7923
vn 0.3029 0.9258 -0.2260
vn 0.5332 0.7749 -0.3395
vn 0.0763 0.2183 -0.9729
vn 0.0719 0.1780 -0.9814
vn 0.1467 0.3749 -0.9154
vn 0.3343 0.3478 -0.8759
vn 0.6796 0.2626 -0.6849
vn 0.0571 0.5577 -0.8281
vn 0.0719 0.9823 -0.1732
vn 0.0602 0.8058 -0.5891
vn 0.0367 0.4535 -0.8905
vn 0.0166 0.1598 -0.9870
vn 0.0757 0.3814 -0.9213
vn -0.5000 -0.8660 -0.0000
vn -0.7071 -0.7071 -0.0000
vn -0.7764 0.5383 -0.3277
vn -0.8189 0.5032 -0.2760
vn -0.9080 0.4189 0.0001
vn -0.8476 0.5306 -0.0000
vn -0.7158 0.6983 -0.0000
vn 0.0009 -1.0000 -0.0004
vn 0.0052 -1.0000 -0.0006
vn 0.0016 -1.0000 -0.0006
vn -0.3876 0.9218 0.0029
vn -0.1951 0.9808 -0.0000
vn 0.9025 -0.4307 0.0059
vn 0.0018 -0.9380 -0.3466
vn 0.0056 -0.9865 -0.1636
vn 0.0056 -0.9865 -0.1634
vn 0.6221 0.7829 -0.0000
vn 1.0000 0.0011 -0.0001
vn 1.0000 0.0007 -0.0001
vn 1.0000 0.0009 -0.0001
vn -0.0000 -0.0000 -1.0000
vn -0.5175 0.8557 0.0031
vn -0.6385 0.7696 -0.0000
vn -0.5358 0.8444 0.0018
vn 0.0676 0.0476 -0.9966
vn 0.1978 0.0538 -0.9788
vn -0.0719 0.9823 -0.1732
vn -0.0737 0.9959 -0.0526
vn 0.0737 0.9959 -0.0526
vn -0.9025 -0.4307 0.0059
vn -0.9049 -0.4256 0.0003
vn -1.0000 -0.0000 0.0001
vn -0.9034 -0.4288 -0.0000
vn -0.2588 -0.9659 -0.0000
vn -0.8214 0.4551 -0.3438
vn -0.9608 0.2773 -0.0000
vn -0.9800 0.1992 -0.0000
vn -0.8263 0.5053 -0.2486
vn 0.0115 -0.9999 -0.0009
vn -0.9659 -0.2588 -0.0000
vn -0.9979 -0.0654 -0.0000
vn -0.0052 -1.0000 -0.0006
vn -0.0056 -0.9865 -0.1636
vn -0.0056 -0.9865 -0.1634
vn -0.0015 -0.9822 -0.1879
vn -0.0000 -0.9548 -0.2973
vn -0.0000 -0.9703 -0.2419
vn -0.0000 -0.9652 -0.2614
vn -0.0000 -0.9845 -0.1756
vn -0.0018 -0.9380 -0.3466
vn 0.2147 -0.9767 -0.0019
vn 0.2662 -0.9639 -0.0013
vn 0.1381 -0.9904 -0.0006
vn -0.6671 -0.6929 0.2736
vn -0.6725 -0.6985 0.2448
vn -0.6922 -0.7190 0.0632
vn -0.6920 -0.7188 0.0674
vn 0.5115 0.8593 -0.0000
vn 0.5116 0.8592 -0.0000
vn -0.6917 0.6868 -0.2233
vn -0.5116 0.8592 -0.0000
vn -0.7468 0.6650 -0.0000
vn -0.9465 0.3228 0.0001
vn -0.9460 0.3242 0.0002
vn -0.9074 0.4204 0.0002
vn -0.0000 0.9404 -0.3400
vn -0.0000 0.7688 -0.6395
vn 0.9322 -0.0052 -0.3619
vn 0.1965 0.9805 -0.0000
vn 1.0000 0.0002 -0.0000
vn -0.8660 -0.5000 -0.0000
vn -0.0000 0.6478 -0.7619
vn -0.0000 0.6201 -0.7845
vn 0.4911 0.8711 -0.0000
vn 0.0185 0.0376 -0.9991
vn 0.0150 0.4103 -0.9118
vn 0.0649 0.4059 -0.9116
vn -0.0000 0.9146 -0.4044
vn -0.8501 0.4816 -0.2131
vn 0.0341 0.6686 -0.7428
vn -0.0166 0.1598 -0.9870
vn -1.0000 0.0007 -0.0001
vn -1.0000 0.0002 -0.0000
vn -0.5052 0.8532 -0.1296
vn -0.9635 -0.2109 -0.1651
vn -0.9325 -0.3046 -0.1940
vn -0.9322 -0.0052 -0.3619
vn -0.9648 -0.0015 -0.2630
vn -0.3029 0.9258 -0.2260
vn -0.2848 0.9586 -0.0000
vn -0.5332 0.7749 -0.3395
vn -0.5254 0.8509 -0.0000
vn 0.9049 -0.4256 0.0003
vn -0.7621 0.6475 -0.0000
vn -0.7372 0.6756 -0.0000
vn -0.0030 -0.9911 -0.1331
vn -0.0000 -0.9913 -0.1319
vn -1.0000 0.0005 -0.0004
vn -1.0000 0.0011 -0.0001
vn -0.0000 -0.9368 -0.3497
vn -0.0000 -0.2869 0.9580
vn -0.0367 0.4535 -0.8905
vn 0.1951 0.9808 -0.0000
vn -0.5594 0.8289 -0.0000
vn -0.6221 -0.7829 -0.0000
vn -0.6131 -0.7768 0.1437
vn -0.6134 -0.7771 0.1407
vn 0.6168 0.7762 0.1305
vn 0.5390 0.6829 0.4930
vn 0.5327 0.6753 0.5100
vn 0.6165 0.7759 0.1335
vn -0.0000 0.1542 -0.9880
vn -0.0000 -0.0876 -0.9962
vn 0.2844 0.0338 -0.9581
vn -0.0037 -0.9996 -0.0268
vn -0.0034 -0.9997 -0.0249
vn -0.0059 -0.9991 -0.0428
vn -0.8846 -0.4657 -0.0233
vn -0.8208 -0.5711 -0.0105
vn -0.6595 0.3258 -0.6774
vn -0.5971 0.5683 -0.5661
vn 0.6908 0.7175 0.0896
vn 0.6936 0.7204 -0.0000
vn 0.6912 0.7180 0.0820
vn -0.9126 0.4089 -0.0000
vn -0.3592 0.9333 -0.0000
vn -0.2080 0.9781 -0.0000
vn -0.2362 0.9717 -0.0000
vn -0.8760 -0.4823 -0.0000
vn -0.9254 -0.3733 -0.0648
vn -0.1965 0.9805 -0.0000
vn -0.0185 0.0376 -0.9991
vn -0.0676 0.0476 -0.9966
vn -0.0782 0.4606 -0.8842
vn -0.0150 0.4103 -0.9118
vn -0.2294 0.4623 -0.8565
vn -0.2520 0.6977 -0.6706
vn -0.0978 0.6833 -0.7236
vn -0.5269 0.4079 -0.7456
vn -0.5802 0.6158 -0.5330
vn -0.2960 0.4489 -0.8431
vn -0.1276 0.4202 -0.8984
vn -0.6459 0.4025 -0.6487
vn -0.3234 0.2046 -0.9239
vn -0.1404 0.1866 -0.9724
vn -0.6775 0.1845 -0.7120
vn -0.3345 0.2127 -0.9181
vn -0.1475 0.2183 -0.9647
vn -0.6739 0.1719 -0.7186
vn -0.1357 0.4906 -0.8608
vn -0.3147 0.4437 -0.8391
vn -0.2913 0.5709 -0.7676
vn -0.1282 0.5602 -0.8184
vn -0.4756 0.6137 -0.6302
vn -0.2332 0.5553 -0.7983
vn -0.1024 0.5555 -0.8252
vn -0.4819 0.5483 -0.6834
vn -0.2115 0.5966 -0.7741
vn -0.0905 0.6236 -0.7765
vn -0.0368 0.7888 -0.6136
vn -0.0483 0.6308 -0.7744
vn -0.0688 0.7894 -0.6100
vn -0.1599 0.7855 -0.5978
vn -0.1642 0.7768 -0.6080
vn -0.0707 0.7813 -0.6201
vn -0.4046 0.7423 -0.5342
vn -0.4066 0.7496 -0.5223
vn -0.4490 0.5845 -0.6759
vn -0.1818 0.5981 -0.7806
vn -0.0853 0.6124 -0.7860
vn -0.0379 0.7833 -0.6205
vn -0.0836 0.3859 -0.9188
vn -0.1676 0.3805 -0.9095
vn -0.1578 0.1619 -0.9741
vn -0.0652 0.1036 -0.9925
vn -0.4204 0.4480 -0.7890
vn -0.3859 0.3745 -0.8431
vn -0.6798 0.6327 -0.3709
vn -0.0741 0.0557 -0.9957
vn -0.0472 0.1285 -0.9906
vn -0.1654 0.2019 -0.9653
vn -0.1126 0.3769 -0.9194
vn -0.3458 0.5028 -0.7923
vn -0.2209 0.7108 -0.6678
vn -0.0763 0.2183 -0.9729
vn -0.0719 0.1780 -0.9814
vn -0.3343 0.3478 -0.8759
vn -0.1467 0.3749 -0.9154
vn -0.6796 0.2626 -0.6849
vn -0.0602 0.8058 -0.5891
vn -0.0306 -0.9990 -0.0313
vn -0.0088 -1.0000 -0.0045
vn -0.0018 -0.9823 -0.1873
vn 0.7372 0.6756 -0.0000
vn 0.7621 0.6475 -0.0000
vn -0.8296 -0.5577 0.0261
vn 0.9758 -0.2187 -0.0000
vn 0.9659 -0.2588 -0.0000
vn 0.9239 -0.3827 -0.0000
vn -0.4911 0.8711 -0.0000
vn -0.4903 0.8716 -0.0000
vn -0.2190 0.9757 -0.0000
vn -0.0620 0.5570 -0.8282
vn -0.0693 0.5034 -0.8613
vn -0.1978 0.0538 -0.9788
vn -0.0429 0.2983 -0.9535
vn -0.0587 0.6158 -0.7857
vn -0.2755 0.9613 -0.0000
vn 0.1305 -0.9914 -0.0000
vn -0.6254 0.7803 -0.0000
vn -0.0649 0.4059 -0.9116
vn -0.0341 0.6686 -0.7428
vn -0.9901 0.1402 -0.0000
vn -0.9617 0.2740 -0.0046
vn -0.9401 0.3410 0.0010
vn -0.7829 0.6221 -0.0000
vn -0.9212 0.3891 0.0094
vn -0.7566 0.6539 -0.0014
vn -0.7504 0.6610 0.0025
vn -0.7508 0.6605 -0.0034
vn -0.0571 0.5577 -0.8281
vn -0.9467 0.3221 -0.0000
vn 0.2755 0.9613 -0.0000
vn -0.0757 0.3814 -0.9213
vn -0.3606 -0.3994 0.8429
vn -0.3882 -0.4330 0.8135
vn -0.5020 -0.5426 0.6734
vn -0.5014 -0.5422 0.6742
vn 0.0222 0.0161 0.9996
vn -0.3040 -0.3844 0.8717
vn -0.3057 -0.3864 0.8702
vn 0.0150 0.0071 0.9999
vn 0.3876 0.9218 0.0029
vn 0.5358 0.8444 0.0018
vn 0.5175 0.8557 0.0031
vn 0.5594 0.8289 -0.0000
vn 0.6385 0.7696 -0.0000
vn -0.6936 -0.7204 -0.0000
vn 1.0000 0.0005 -0.0004
vn -0.9228 0.3853 -0.0000
vn -0.0000 0.5926 -0.8055
vn -0.0000 0.2971 -0.9548
vn -0.9454 0.3260 -0.0004
vn -0.9213 0.3888 -0.0009
vn 0.3695 0.3847 0.8459
vn 0.4905 0.4989 0.7145
vn 0.5142 0.5276 0.6762
vn 0.4027 0.4113 0.8177
vn 0.3229 0.3469 0.8806
vn 0.3238 0.4034 0.8558
vn 0.3205 0.3989 0.8592
vn 0.6621 0.6894 0.2937
vn 0.6686 0.6957 0.2624
vn -0.0000 -0.1770 -0.9842
vn -0.0000 0.9984 -0.0561
vn -0.0000 0.8936 -0.4488
vn -0.0189 0.7609 0.6486
vn -0.0165 0.7746 0.6322
vn -0.0172 0.4523 0.8917
vn -0.0189 0.4727 0.8810
vn -0.0000 0.0636 -0.9980
vn -0.0000 0.9421 0.3354
vn -0.0000 0.9838 0.1794
vn -0.0000 0.8934 0.4492
vn -0.0000 0.1193 0.9929
vn -0.9062 0.4228 -0.0006
vn -0.9068 0.4215 0.0002
vn -0.9456 0.3254 0.0002
vn -1.0000 0.0009 -0.0007
vn 0.2891 0.0225 -0.9570
vn 0.4994 0.0172 -0.8662
vn -0.9537 0.3007 -0.0000
vn -0.9848 0.1738 -0.0000
vn 0.9979 -0.0654 -0.0002
vn 0.9916 -0.1293 -0.0007
vn 0.6088 -0.7934 -0.0000
vn 0.5000 -0.8660 -0.0000
vn 0.4617 -0.8870 -0.0000
vn 0.3827 -0.9239 -0.0000
vn -0.2844 0.0338 -0.9581
vn -0.5296 -0.6695 0.5209
vn -0.5343 -0.6759 0.5075
vn 0.5902 0.6142 0.5239
vn 0.6096 0.6351 0.4744
vn -0.2879 -0.3116 0.9055
vn -0.6663 0.7456 -0.0000
vn -0.7955 0.6059 -0.0000
vn -0.8490 0.5284 -0.0000
vn -0.9097 0.4152 -0.0018
vn -0.2891 0.0225 -0.9570
vn -0.4994 0.0172 -0.8662
vn 0.9996 -0.0287 -0.0003
vn 1.0000 0.0009 -0.0007
vn -0.5903 -0.6132 0.5249
vn -0.6077 -0.6312 0.4820
vn -0.0009 -1.0000 -0.0004
vn -0.0016 -1.0000 -0.0006
vn -0.0000 -0.9991 -0.0416
vn -0.0000 -0.9912 -0.1325
vn -0.0000 -0.2815 -0.9596
vn 0.0078 -0.2568 -0.9664
vn -0.0765 -0.7026 -0.7075
vn -0.0000 -0.7236 -0.6902
vn -0.1445 -0.9572 -0.2510
vn -0.0000 -0.9718 -0.2360
vn -0.1707 -0.9455 0.2774
vn -0.0000 -0.9596 0.2815
vn -0.1445 -0.6698 0.7283
vn -0.0000 -0.6902 0.7236
vn -0.0765 -0.2090 0.9749
vn -0.0000 -0.2360 0.9718
vn 0.0078 0.3060 0.9520
vn -0.0000 0.2815 0.9596
vn 0.0823 0.7336 0.6746
vn -0.0000 0.7236 0.6902
vn 0.1309 0.9655 0.2251
vn -0.0000 0.9718 0.2360
vn 0.1474 0.9491 -0.2784
vn -0.0000 0.9596 -0.2815
vn 0.1309 0.6908 -0.7111
vn -0.0000 0.6902 -0.7236
vn 0.2869 0.6675 0.6871
vn 0.4690 0.8458 0.2542
vn 0.0823 0.2529 -0.9640
vn -0.0000 0.2360 -0.9718
vn -0.2573 -0.1250 0.9582
vn -0.4788 -0.5337 0.6971
vn -0.7688 -0.2129 0.6030
vn -0.4177 0.0486 0.9073
vn 0.0246 0.3152 0.9487
vn -0.5635 -0.7927 0.2326
vn 0.2869 0.1905 -0.9388
vn 0.0246 -0.2473 -0.9686
vn -0.2573 -0.6229 -0.7388
vn -0.4788 -0.8257 -0.2983
vn 0.4690 0.5744 -0.6709
vn 0.5339 0.8113 -0.2380
vn 0.7762 0.5256 0.3482
vn 0.4720 0.4724 0.7443
vn 0.5307 0.2146 0.8200
vn 0.8754 0.1010 0.4727
vn 0.4720 -0.0046 -0.8816
vn 0.0390 -0.2636 -0.9638
vn -0.4177 -0.4493 -0.7897
vn -0.7688 -0.5049 -0.3924
vn 0.8852 0.4464 -0.1310
vn 0.0390 0.2989 0.9535
vn -0.9011 -0.4161 0.1221
vn 0.7762 0.2542 -0.5770
vn -0.4661 -0.2221 -0.8564
vn 0.0429 -0.2847 -0.9577
vn 0.0354 -0.3048 -0.9517
vn -0.3897 -0.0020 -0.9209
vn -0.8528 0.2040 0.4807
vn -0.4661 0.2758 0.8406
vn 0.5307 -0.2624 -0.8059
vn -0.8528 -0.0880 -0.5147
vn 0.9992 -0.0380 0.0112
vn 0.0429 0.2778 0.9597
vn -0.9972 0.0719 -0.0211
vn 0.8754 -0.1704 -0.4524
vn 0.4471 -0.5138 -0.7322
vn 0.7400 -0.5858 -0.3305
vn 0.4063 -0.8805 -0.2440
vn 0.2437 -0.6914 -0.6801
vn 0.4471 -0.0368 0.8937
vn 0.7400 -0.3144 0.5946
vn -0.7083 0.6054 0.3629
vn -0.3897 0.4958 0.7761
vn -0.7083 0.3134 -0.6325
vn 0.8455 -0.5124 0.1503
vn 0.0354 0.2577 0.9656
vn -0.8261 0.5407 -0.1586
vn -0.3740 0.8837 0.2812
vn -0.4337 0.8646 -0.2537
vn -0.0963 0.9551 -0.2802
vn -0.0843 0.9672 0.2397
vn 0.0184 -0.3187 -0.9477
vn -0.2088 0.1519 -0.9661
vn 0.2437 -0.2144 0.9458
vn 0.4063 -0.6091 0.6811
vn -0.2088 0.6497 0.7309
vn -0.3740 0.5917 -0.7141
vn 0.4653 -0.8494 0.2492
vn 0.0184 0.2439 0.9696
vn -0.0843 0.6844 -0.7242
vn 0.0949 -0.9698 -0.2248
vn 0.0575 -0.7341 -0.6767
vn 0.0042 -0.2981 -0.9545
vn -0.0486 0.2244 -0.9733
vn 0.0575 -0.2521 0.9660
vn 0.0949 -0.6946 0.7131
vn -0.0486 0.7146 0.6978
vn 0.1080 -0.9539 0.2799
vn 0.0042 0.2649 0.9643
vn -0.0000 -0.2588 -0.9659
vn 0.0092 -0.2591 0.9658
vn -0.0093 -0.2591 0.9658
vn -0.1305 -0.7866 0.6035
vn 0.1305 -0.7866 0.6036
vn -0.9998 -0.0012 -0.0195
vn -0.9998 -0.0000 -0.0187
vn -0.9998 -0.0048 -0.0180
vn 0.9998 -0.0039 -0.0191
vn 0.9998 -0.0048 -0.0180
vn 0.9998 -0.0000 -0.0187
vn -0.9998 -0.0093 -0.0161
vn -0.9998 -0.0108 -0.0163
vn 0.9998 -0.0130 -0.0146
vn 0.9998 -0.0093 -0.0161
vn -0.9998 -0.0132 -0.0132
vn 0.9998 -0.0132 -0.0132
vn -0.9998 -0.0161 -0.0093
vn -0.9998 -0.0175 -0.0088
vn 0.9998 -0.0185 -0.0062
vn 0.9998 -0.0161 -0.0093
vn -0.9998 -0.0180 -0.0048
vn 0.9998 -0.0180 -0.0048
vn -0.9998 -0.0187 -0.0000
vn -0.9998 -0.0195 0.0012
vn 0.9998 -0.0191 0.0039
vn 0.9998 -0.0187 -0.0000
vn -0.9998 -0.0180 0.0048
vn 0.9998 -0.0180 0.0048
vn -0.9998 -0.0161 0.0093
vn -0.9998 -0.0163 0.0108
vn 0.9998 -0.0146 0.0130
vn 0.9998 -0.0161 0.0093
vn -0.9998 -0.0132 0.0132
vn 0.9998 -0.0132 0.0132
vn -0.9998 -0.0093 0.0161
vn -0.9998 -0.0088 0.0175
vn 0.9998 -0.0062 0.0185
vn 0.9998 -0.0093 0.0161
vn -0.9998 -0.0048 0.0180
vn 0.9998 -0.0048 0.0180
vn -0.9998 -0.0000 0.0187
vn -0.9998 0.0012 0.0195
vn 0.9998 0.0039 0.0191
vn 0.9998 -0.0000 0.0187
vn -0.9998 0.0048 0.0180
vn 0.9998 0.0048 0.0180
vn -0.9998 0.0093 0.0161
vn -0.9998 0.0108 0.0163
vn 0.9998 0.0130 0.0146
vn 0.9998 0.0093 0.0161
vn -0.9998 0.0132 0.0132
vn 0.9998 0.0132 0.0132
vn -0.9998 0.0161 0.0093
vn -0.9998 0.0175 0.0088
vn 0.9998 0.0185 0.0062
vn 0.9998 0.0161 0.0093
vn -0.9998 0.0180 0.0048
vn 0.9998 0.0180 0.0048
vn -0.9998 0.0187 -0.0000
vn -0.9998 0.0195 -0.0012
vn 0.9998 0.0191 -0.0039
vn 0.9998 0.0187 -0.0000
vn -0.9998 0.0180 -0.0048
vn 0.9998 0.0180 -0.0048
vn -0.9998 0.0161 -0.0093
vn -0.9998 0.0163 -0.0108
vn 0.9998 0.0146 -0.0129
vn 0.9998 0.0161 -0.0093
vn -0.9998 0.0132 -0.0132
vn 0.9998 0.0132 -0.0132
vn -0.9998 0.0093 -0.0161
vn -0.9998 0.0088 -0.0175
vn 0.9998 0.0062 -0.0185
vn 0.9998 0.0093 -0.0161
vn -0.9998 0.0048 -0.0180
vn 0.9998 0.0048 -0.0180
vn -0.0675 -0.9975 0.0187
vn 0.0675 -0.9975 0.0187
vn -0.0500 -0.9621 -0.2680
vn 0.0500 -0.9621 -0.2680
vn -0.0794 -0.6857 -0.7235
vn 0.0794 -0.6857 -0.7235
vn -0.0534 -0.0113 -0.9985
vn 0.0533 -0.0113 -0.9985
vn -0.0093 0.2591 -0.9658
vn 0.0092 0.2591 -0.9658
vn -0.1036 0.8349 -0.5405
vn 0.1036 0.8349 -0.5405
vn -0.1138 0.9746 -0.1929
vn 0.1138 0.9746 -0.1929
vn -0.0500 0.8698 0.4908
vn 0.0500 0.8698 0.4908
vn -0.0795 0.6857 0.7235
vn 0.0795 0.6857 0.7235
vn -0.0532 0.0113 0.9985
vn 0.0533 0.0113 0.9985
vn -0.0000 -0.5000 -0.8660
vn -0.0000 -0.7071 -0.7071
vn -0.0000 -0.8660 -0.5000
vn -0.0000 -0.9659 -0.2588
vn -0.0000 -0.9659 0.2588
vn -0.0000 -0.8660 0.5000
vn -0.0000 -0.7071 0.7071
vn -0.0000 -0.5000 0.8660
vn -0.0000 -0.2588 0.9659
vn -0.0000 0.2588 0.9659
vn -0.0000 0.5000 0.8660
vn -0.0000 0.7071 0.7071
vn -0.0000 0.8660 0.5000
vn -0.0000 0.9659 0.2588
vn -0.0000 0.9659 -0.2588
vn -0.0000 0.8660 -0.5000
vn -0.0000 0.7071 -0.7071
vn -0.0000 0.5000 -0.8660
vn -0.0000 0.2588 -0.9659
vn -0.0000 -0.3827 -0.9239
vn -0.0000 -0.9239 -0.3827
vn -0.0000 -0.9239 0.3827
vn -0.0000 -0.3827 0.9239
vn -0.0000 0.3827 0.9239
vn -0.0000 0.9239 0.3827
vn -0.0000 0.9239 -0.3827
vn -0.0000 0.3827 -0.9239
vn 0.9915 -0.0498 -0.1203
vn 0.9915 -0.0000 -0.1302
vn 0.1938 -0.0000 -0.9810
vn 0.1938 -0.3754 -0.9064
vn 0.1938 -0.6937 -0.6937
vn 0.1938 -0.9064 -0.3754
vn 0.1938 -0.9810 -0.0000
vn 0.1938 -0.9064 0.3754
vn 0.1938 -0.6937 0.6937
vn 0.1938 -0.3754 0.9064
vn 0.1938 -0.0000 0.9810
vn 0.1938 0.3754 0.9064
vn 0.1938 0.6937 0.6937
vn 0.1938 0.9064 0.3754
vn 0.1938 0.9810 -0.0000
vn 0.1938 0.9064 -0.3754
vn 0.1938 0.6937 -0.6937
vn 0.1938 0.3754 -0.9064
vn 0.6886 -0.0003 -0.7251
vn 0.6886 -0.2772 -0.6701
vn 0.9767 -0.0005 -0.2145
vn 0.9767 -0.0816 -0.1983
vn 0.6885 -0.5128 -0.5128
vn 0.9763 -0.1530 -0.1530
vn 0.6886 -0.6701 -0.2772
vn 0.9767 -0.1983 -0.0816
vn 0.6889 -0.7249 -0.0000
vn 0.9767 -0.2146 -0.0000
vn 0.6889 -0.6697 0.2774
vn 0.9767 -0.1983 0.0821
vn 0.6886 -0.5130 0.5125
vn 0.9767 -0.1520 0.1513
vn 0.6885 -0.2775 0.6700
vn 0.9763 -0.0828 0.2000
vn 0.6883 -0.0000 0.7254
vn 0.9768 -0.0000 0.2143
vn 0.6882 0.2773 0.6704
vn 0.9763 0.0823 0.2000
vn 0.6879 0.5132 0.5132
vn 0.9764 0.1528 0.1528
vn 0.6880 0.6705 0.2777
vn 0.9764 0.1997 0.0827
vn 0.6882 0.7255 -0.0003
vn 0.9763 0.2163 -0.0005
vn 0.6883 0.6702 -0.2776
vn 0.9768 0.1980 -0.0820
vn 0.6882 0.5132 -0.5128
vn 0.9763 0.1533 -0.1526
vn 0.6882 0.2773 -0.6704
vn 0.9763 0.0823 -0.2000
vn 0.9915 -0.0920 -0.0920
vn 0.9915 -0.1203 -0.0498
vn 0.9915 -0.1302 -0.0000
vn 0.9915 -0.1203 0.0498
vn 0.9915 -0.0920 0.0920
vn 0.9915 -0.0498 0.1203
vn 0.9915 -0.0000 0.1302
vn 0.9915 0.0498 0.1203
vn 0.9915 0.0920 0.0920
vn 0.9915 0.1203 0.0498
vn 0.9915 0.1302 -0.0000
vn 0.9915 0.1203 -0.0498
vn 0.9915 0.0920 -0.0920
vn 0.9915 0.0498 -0.1203
vn -0.6310 0.4648 -0.6211
vn -0.2527 0.8070 -0.5337
vn 0.5877 0.8090 0.0083
vn 0.8245 0.4683 0.3178
vn 0.8403 0.0020 0.5420
vn 0.6310 -0.4648 0.6211
vn 0.2527 -0.8070 0.5337
vn -0.1934 -0.9330 0.3033
vn -0.5877 -0.8090 -0.0083
vn -0.8245 -0.4683 -0.3178
vn -0.8403 -0.0020 -0.5420
vn 0.1934 0.9330 -0.3033
vn -0.2298 0.9070 0.3529
vn -0.5397 0.8194 0.1929
vn 0.0441 0.8208 0.5695
vn 0.2086 0.5841 0.7844
vn 0.2196 0.2601 0.9403
vn 0.0742 -0.0642 0.9952
vn -0.1887 -0.3019 0.9345
vn -0.4986 -0.3895 0.7744
vn -0.7725 -0.3033 0.5579
vn -0.9370 -0.0666 0.3429
vn -0.9480 0.2574 0.1871
vn -0.8026 0.5817 0.1322
vn -0.5064 0.3597 0.7837
vn -0.8661 0.4998 -0.0014
vn -0.9660 0.2586 -0.0007
vn -0.9659 0.2590 -0.0007
vn -0.8659 0.5002 -0.0014
vn 0.9660 0.2586 -0.0007
vn 0.8661 0.4998 -0.0014
vn 0.8659 0.5002 -0.0014
vn 0.9659 0.2590 -0.0007
vn -0.5001 0.8660 -0.0025
vn -0.7072 0.7070 -0.0020
vn -0.7070 0.7072 -0.0020
vn -0.4999 0.8661 -0.0025
vn 0.8659 -0.5002 0.0014
vn 0.9659 -0.2590 0.0007
vn 0.9660 -0.2586 0.0007
vn 0.8661 -0.4998 0.0014
vn 0.7072 0.7070 -0.0020
vn 0.5001 0.8660 -0.0025
vn 0.4999 0.8661 -0.0025
vn 0.7070 0.7072 -0.0020
vn -0.4999 -0.8661 0.0025
vn -0.2588 -0.9659 0.0028
vn -0.2589 -0.9659 0.0028
vn -0.5001 -0.8660 0.0025
vn -0.9659 -0.2590 0.0007
vn -0.8659 -0.5002 0.0014
vn -0.8661 -0.4998 0.0014
vn -0.9660 -0.2586 0.0007
vn 0.4999 -0.8661 0.0025
vn 0.7070 -0.7072 0.0020
vn 0.7072 -0.7070 0.0020
vn 0.5001 -0.8660 0.0025
vn -0.0000 -1.0000 0.0029
vn 0.2588 -0.9659 0.0028
vn 0.2589 -0.9659 0.0028
vn -0.0000 1.0000 -0.0029
vn -0.2589 0.9659 -0.0028
vn -0.2588 0.9659 -0.0028
vn -1.0000 -0.0002 -0.0000
vn 1.0000 -0.0002 -0.0000
vn 0.2589 0.9659 -0.0028
vn 0.2588 0.9659 -0.0028
vn -0.7070 -0.7072 0.0020
vn -0.7072 -0.7070 0.0020
vn 0.9659 0.2588 -0.0000
vn -0.7071 0.7071 -0.0000
vn -0.8660 0.5000 -0.0000
vn -0.5000 0.8660 -0.0000
vn 0.8660 -0.5000 -0.0000
vn -0.2588 0.9659 -0.0000
vn 0.2588 0.9659 -0.0000
vn 0.7071 -0.7071 -0.0000
vn 0.5000 0.8660 -0.0000
vn 0.7071 0.7071 -0.0000
vn 0.2588 -0.9659 -0.0000
vn 0.8660 0.5000 -0.0000
vn -0.9659 0.2588 -0.0000
vn 0.8871 0.4616 -0.0000
vn -0.8871 0.4616 -0.0000
vn -0.8871 -0.4616 -0.0000
vn 0.8871 -0.4616 -0.0000
vn 0.8315 -0.5556 -0.0000
vn 0.9808 0.1951 -0.0000
vn 0.9239 0.3827 -0.0000
vn -0.8315 -0.5556 -0.0000
vn -0.5556 0.8315 -0.0000
vn 0.8315 0.5556 -0.0000
vn -0.9808 -0.1951 -0.0000
vn -0.9239 -0.3827 -0.0000
vn -0.9239 0.3827 -0.0000
vn -0.9808 0.1951 -0.0000
vn -0.8315 0.5556 -0.0000
vn 0.3827 0.9239 -0.0000
vn 0.1951 -0.9808 -0.0000
vn 0.5556 -0.8315 -0.0000
vn 0.9808 -0.1951 -0.0000
vn -0.3827 0.9239 -0.0000
vn 0.5556 0.8315 -0.0000
vn -0.3827 -0.9239 -0.0000
vn -0.1951 -0.9808 -0.0000
vn -0.5556 -0.8315 -0.0000
vn -0.4252 0.9051 -0.0000
vn -0.4854 -0.8743 -0.0000
vn 0.4252 0.9051 -0.0000
vn 0.4854 -0.8743 -0.0000
vn -0.3206 -0.9472 -0.0000
vn 0.3206 -0.9472 -0.0000
vn 0.1899 0.9818 -0.0000
vn -0.1899 0.9818 -0.0000
vn -0.0000 -0.9171 0.3987
vn -0.0000 -0.9622 0.2723
vn -0.0000 -0.8397 -0.5430
vn -0.0000 -0.6482 -0.7614
vn -0.0000 0.9469 0.3214
vn -0.0000 0.8967 0.4426
vn -0.0000 0.6903 0.7235
vn -0.0000 0.4227 0.9063
vn -0.0000 0.9914 0.1305
vn -0.0000 0.5864 -0.8100
vn -0.0000 -0.5495 -0.8355
vn -0.0000 0.9914 -0.1305
vn -0.0000 -0.0654 -0.9979
vn -0.0000 0.9902 0.1398
vn -0.0000 -0.6204 0.7843
vn -0.0000 0.2796 0.9601
vn -0.0000 -0.4765 0.8792
vn -0.0000 -0.7224 0.6915
vn -0.0000 -0.8896 0.4567
vn -0.0000 -0.8382 0.5454
vn -0.0000 -0.3561 0.9345
vn -0.0000 -0.0316 -0.9995
vn -0.0000 -0.1217 -0.9926
vn -0.0000 -0.9938 0.1109
vn -0.0000 0.1643 -0.9864
vn -0.0000 0.3719 -0.9283
vn -0.0000 0.2922 -0.9563
vn -0.0000 -0.0975 -0.9952
vn -0.0000 0.7934 0.6088
vn -0.0000 0.7934 -0.6088
vn -0.0000 -0.1571 -0.9876
vn -0.0000 0.1305 -0.9914
vn -0.0000 0.9186 -0.3953
vn -0.0000 -0.8936 -0.4488
vn -0.0000 -0.7470 -0.6648
vn -0.0000 0.9983 0.0582
vn -0.0000 0.8355 0.5495
vn -0.0000 0.9492 0.3146
vn -0.0000 0.6648 0.7470
vn -0.0000 -0.0582 -0.9983
vn -0.0000 0.6088 -0.7933
vn -0.0000 0.4488 0.8936
vn -0.0000 0.2022 -0.9793
vn -0.0000 0.2022 0.9793
vn -0.0000 0.5556 0.8315
vn -0.0000 0.2168 0.9762
vn -0.0000 0.1743 0.9847
vn -0.0000 -0.3146 -0.9492
vn 0.3420 0.9397 -0.0000
vn 0.6428 0.7660 -0.0000
vn 0.9848 0.1736 -0.0000
vn 0.9848 -0.1736 -0.0000
vn 0.7660 -0.6428 -0.0000
vn -0.0000 0.9695 -0.2449
vn -0.0000 0.8800 -0.4749
vn -0.3420 0.9397 -0.0000
vn -0.6428 0.7660 -0.0000
vn -0.9848 0.1736 -0.0000
vn -0.9848 -0.1736 -0.0000
vn -0.7660 -0.6428 -0.0000
vn 0.7041 -0.7100 0.0113
vn 0.7310 -0.6823 0.0118
vn 0.4236 -0.9058 0.0042
vn 0.3937 -0.9192 0.0032
vn 0.9429 -0.3330 0.0043
vn 0.9156 -0.4020 0.0065
vn 0.9952 -0.0976 -0.0001
vn 0.9972 -0.0747 -0.0001
vn -0.0000 -1.0000 -0.0031
vn -0.0000 0.0001 -1.0000
vn -0.0000 -0.5691 0.8223
vn -0.7041 -0.7100 0.0113
vn -0.3937 -0.9192 0.0032
vn -0.4236 -0.9058 0.0042
vn -0.7310 -0.6823 0.0118
vn -0.9429 -0.3330 0.0043
vn -0.9972 -0.0747 -0.0001
vn -0.9952 -0.0976 -0.0001
vn -0.9156 -0.4020 0.0065
vn -0.6428 -0.7660 -0.0000
vn -0.3420 -0.9397 -0.0000
vn 0.9848 -0.1736 0.0038
vn 0.8690 -0.4947 0.0076
vn 0.9860 0.1666 -0.0071
vn 0.8719 0.4891 -0.0244
vn 0.6521 0.7568 -0.0440
vn 0.3493 0.9351 -0.0597
vn 0.3474 -0.9377 0.0026
vn -0.0000 -1.0000 0.0010
vn 0.3420 -0.9397 -0.0000
vn -0.0000 0.9978 -0.0658
vn 0.6490 -0.7607 0.0060
vn 0.6428 -0.7660 -0.0000
vn -0.4208 -0.9072 -0.0005
vn 0.8750 -0.4839 0.0152
vn 0.6569 -0.7539 0.0121
vn 0.3530 -0.9356 0.0053
vn -0.0000 0.9915 -0.1304
vn 0.3455 0.9308 -0.1191
vn -0.0000 -1.0000 0.0020
vn 0.6471 0.7572 -0.0892
vn 0.8678 0.4943 -0.0508
vn 0.9843 0.1758 -0.0157
vn 0.9868 -0.1620 0.0072
vn 0.0040 -1.0000 -0.0009
vn -0.0000 0.9194 -0.3933
vn -0.0083 0.9194 -0.3933
vn -0.9848 -0.1736 0.0038
vn -0.8690 -0.4947 0.0076
vn -0.9860 0.1666 -0.0071
vn -0.8719 0.4891 -0.0244
vn -0.6521 0.7568 -0.0440
vn -0.3493 0.9351 -0.0597
vn -0.3474 -0.9377 0.0026
vn -0.6490 -0.7607 0.0060
vn 0.4208 -0.9072 -0.0005
vn -0.8750 -0.4839 0.0152
vn -0.6569 -0.7539 0.0121
vn -0.3530 -0.9356 0.0053
vn -0.3455 0.9308 -0.1191
vn -0.6471 0.7572 -0.0892
vn -0.8678 0.4943 -0.0508
vn -0.9843 0.1758 -0.0157
vn -0.9868 -0.1620 0.0072
vn -0.0040 -1.0000 -0.0009
vn 0.0083 0.9194 -0.3933
vn 0.4239 -0.9057 -0.0000
vn 0.0980 0.9952 -0.0000
vn 0.8583 -0.5094 0.0609
vn 0.5441 -0.8331 0.0996
vn 0.8689 -0.4950 0.0018
vn 0.3788 -0.9190 0.1090
vn 0.9181 -0.3963 -0.0000
vn 0.7102 -0.7033 -0.0306
vn 0.1465 -0.9892 0.0010
vn -0.0000 -1.0000 -0.0007
vn 0.1494 -0.9888 0.0011
vn -0.1842 0.9829 -0.0009
vn -0.2864 0.9581 -0.0004
vn 0.9502 -0.2955 0.0989
vn 0.9608 -0.2763 0.0216
vn 0.9552 -0.2951 0.0214
vn 0.8721 -0.4210 0.2495
vn 0.9534 -0.3019 -0.0000
vn 0.8329 -0.5534 -0.0001
vn -0.0000 0.9944 0.1056
vn 0.9668 -0.2548 0.0198
vn 0.9683 -0.2499 0.0035
vn 0.9841 -0.1773 0.0017
vn 0.9820 -0.1889 0.0066
vn 0.0568 -0.1541 0.9864
vn 0.0630 -0.1315 0.9893
vn 0.4871 -0.8734 -0.0004
vn 0.5538 -0.8258 0.1066
vn 0.7085 -0.7041 0.0474
vn 0.3880 -0.9216 0.0015
vn -0.0000 -1.0000 0.0062
vn 0.2079 -0.9781 0.0032
vn 0.3366 -0.2232 0.9148
vn 0.0845 -0.1238 0.9887
vn 0.1521 -0.1798 0.9719
vn 0.2448 -0.5488 0.7993
vn 0.6130 -0.4734 0.6325
vn 0.4572 -0.7936 0.4015
vn 0.7912 -0.5470 0.2734
vn 0.3447 -0.8272 0.4438
vn 0.5046 -0.7456 0.4353
vn 0.2200 -0.5036 0.8355
vn 0.3152 -0.4616 0.8292
vn 0.4265 -0.5120 0.7456
vn 0.5900 -0.7148 0.3755
vn 0.8907 -0.2928 0.3476
vn 0.9594 -0.2711 0.0776
vn 0.9620 -0.2724 0.0191
vn 0.5915 -0.8063 0.0040
vn 0.4388 -0.8986 0.0054
vn 0.4405 -0.8977 0.0054
vn 0.5921 -0.8059 0.0040
vn 0.7299 -0.6835 -0.0000
vn 0.6584 -0.7526 0.0028
vn 0.2782 -0.9605 0.0041
vn 0.2810 -0.9597 0.0042
vn 0.9985 0.0553 0.0009
vn 0.9986 0.0481 0.0211
vn -0.0032 -0.0212 -0.9998
vn 0.8554 -0.5180 -0.0000
vn 0.9217 -0.3878 0.0001
vn 0.4409 -0.8976 -0.0028
vn 0.5241 -0.8517 -0.0025
vn 0.5229 -0.8524 -0.0046
vn 0.4411 -0.8975 -0.0042
vn 0.5541 -0.8324 -0.0000
vn 0.9984 0.0563 -0.0000
vn 0.9985 0.0555 -0.0011
vn 0.5916 -0.8062 -0.0057
vn 0.5926 -0.8055 -0.0057
vn 0.9985 0.0552 -0.0016
vn 0.9985 0.0547 -0.0022
vn 0.6584 -0.7526 -0.0044
vn 0.9644 -0.2644 -0.0000
vn 0.2780 -0.9606 -0.0018
vn 0.2796 -0.9601 -0.0019
vn -0.4239 -0.9057 -0.0000
vn -0.0980 0.9952 -0.0000
vn -0.8583 -0.5094 0.0609
vn -0.8689 -0.4950 0.0018
vn -0.5441 -0.8331 0.0996
vn -0.3788 -0.9190 0.1090
vn -0.9179 -0.3968 -0.0000
vn -0.7299 -0.6835 -0.0000
vn -0.1465 -0.9892 0.0010
vn -0.1494 -0.9888 0.0011
vn 0.1842 0.9829 -0.0009
vn 0.2864 0.9581 -0.0004
vn -0.9502 -0.2955 0.0989
vn -0.8721 -0.4210 0.2495
vn -0.9552 -0.2951 0.0214
vn -0.9608 -0.2763 0.0216
vn -0.8329 -0.5534 -0.0001
vn -0.9534 -0.3019 -0.0000
vn -0.9668 -0.2548 0.0198
vn -0.9820 -0.1889 0.0066
vn -0.9841 -0.1773 0.0017
vn -0.9683 -0.2499 0.0035
vn -0.0568 -0.1541 0.9864
vn -0.0630 -0.1315 0.9893
vn -0.4871 -0.8734 -0.0004
vn -0.5538 -0.8258 0.1066
vn -0.7085 -0.7041 0.0474
vn -0.3880 -0.9216 0.0015
vn -0.2079 -0.9781 0.0032
vn -0.3366 -0.2232 0.9148
vn -0.0845 -0.1238 0.9887
vn -0.1521 -0.1798 0.9719
vn -0.6130 -0.4734 0.6325
vn -0.2448 -0.5488 0.7993
vn -0.7912 -0.5470 0.2734
vn -0.4572 -0.7936 0.4015
vn -0.5046 -0.7456 0.4353
vn -0.3447 -0.8272 0.4438
vn -0.3152 -0.4616 0.8292
vn -0.2200 -0.5036 0.8355
vn -0.4265 -0.5120 0.7456
vn -0.5900 -0.7148 0.3755
vn -0.8907 -0.2928 0.3476
vn -0.9594 -0.2711 0.0776
vn -0.9620 -0.2724 0.0191
vn -0.5915 -0.8063 0.0040
vn -0.5921 -0.8059 0.0040
vn -0.4405 -0.8977 0.0054
vn -0.4388 -0.8986 0.0054
vn -0.7264 -0.6859 0.0444
vn -0.6584 -0.7526 0.0028
vn -0.2782 -0.9605 0.0041
vn -0.2810 -0.9597 0.0042
vn -0.0209 -0.0061 0.9998
vn -0.9985 0.0553 0.0009
vn -0.9972 0.0745 -0.0092
vn -0.8554 -0.5180 -0.0000
vn -0.9217 -0.3878 0.0001
vn -0.4409 -0.8976 -0.0028
vn -0.4411 -0.8975 -0.0042
vn -0.5229 -0.8524 -0.0046
vn -0.5241 -0.8517 -0.0025
vn -0.5541 -0.8324 -0.0000
vn -0.9984 0.0563 -0.0000
vn -0.9985 0.0555 -0.0011
vn -0.5926 -0.8055 -0.0057
vn -0.5916 -0.8062 -0.0057
vn -0.9985 0.0552 -0.0016
vn -0.9985 0.0547 -0.0022
vn -0.6584 -0.7526 -0.0044
vn -0.9644 -0.2644 -0.0000
vn -0.2796 -0.9601 -0.0019
vn -0.2780 -0.9606 -0.0018
vn 0.7394 -0.1600 -0.6540
vn 0.6940 -0.0896 -0.7144
vn 0.7195 0.2808 -0.6352
vn 0.7765 0.2661 -0.5712
vn 0.1988 -0.0000 0.9800
vn 0.1988 0.2537 0.9467
vn -0.0000 0.9808 -0.1951
vn 0.1988 -0.2537 0.9467
vn -0.0000 0.9808 0.1951
vn 0.1988 -0.4900 0.8487
vn 0.1988 -0.6930 0.6930
vn -0.0000 0.8458 0.5334
vn 0.1988 -0.8487 0.4900
vn -0.0000 -0.5556 -0.8315
vn -0.0000 -0.6639 -0.7478
vn 0.1988 -0.9467 0.2537
vn -0.0000 -0.9986 0.0528
vn 0.1981 -0.9800 0.0212
vn -0.0000 -0.1951 -0.9808
vn -0.0000 0.1951 -0.9808
vn -0.0000 -0.9150 -0.4034
vn -0.0000 -0.9520 -0.3062
vn -0.0000 -0.9910 -0.1338
vn -0.0000 -0.7518 -0.6594
vn -0.0000 0.5556 -0.8315
vn -0.0000 -0.8564 -0.5163
vn -0.0000 0.8001 0.5999
vn -0.0000 0.8054 0.5927
vn -0.0000 0.8315 -0.5556
vn 0.5366 0.7506 0.3855
vn 0.5394 0.7563 0.3703
vn 0.3928 0.8261 0.4040
vn 0.3929 0.8182 0.4198
vn 0.1988 0.4900 0.8487
vn 0.1980 0.7189 0.6664
vn -0.0000 0.7079 0.7063
vn 0.5345 0.6435 0.5480
vn 0.5323 0.4228 0.7334
vn 0.5315 -0.2193 0.8182
vn 0.5317 -0.0002 0.8469
vn 0.5315 -0.4235 0.7336
vn 0.5316 -0.5988 0.5990
vn 0.5318 -0.7333 0.4237
vn 0.5321 -0.8177 0.2195
vn 0.5327 -0.8462 -0.0112
vn 0.5334 -0.8134 -0.2321
vn 0.3952 -0.8832 -0.2526
vn 0.9889 -0.1140 -0.0956
vn 0.9864 -0.1404 -0.0853
vn 0.5921 0.7625 0.2609
vn 0.5099 0.8320 0.2184
vn 0.5351 -0.7209 -0.4404
vn 0.3966 -0.7831 -0.4790
vn 0.3928 -0.7038 -0.5919
vn 0.5402 -0.6443 -0.5414
vn 0.5319 0.2189 0.8180
vn -0.0000 0.7947 0.6069
vn 0.5997 -0.5399 -0.5906
vn 0.5281 -0.5186 -0.6725
vn 0.6619 0.7330 -0.1566
vn 0.7162 0.6934 -0.0785
vn 0.7650 0.4987 -0.4075
vn 0.7023 0.5530 -0.4484
vn 0.9881 -0.1051 -0.1126
vn 0.9890 -0.0355 -0.1439
vn 0.9905 0.0570 -0.1253
vn 0.9903 0.1071 -0.0880
vn 0.9886 0.1493 -0.0170
vn 0.9879 0.1465 0.0516
vn 0.8388 0.4841 0.2490
vn 0.8429 0.4831 0.2369
vn 0.9861 0.0826 0.1440
vn 0.9853 0.1296 0.1109
vn 0.8275 0.4270 0.3646
vn 0.8295 0.2784 0.4842
vn 0.9860 0.0429 0.1610
vn 0.8289 0.1442 0.5404
vn 0.9860 -0.0002 0.1670
vn 0.8286 -0.0004 0.5599
vn 0.9859 -0.0433 0.1614
vn 0.8284 -0.1451 0.5411
vn 0.9859 -0.0836 0.1448
vn 0.8283 -0.2801 0.4852
vn 0.9859 -0.1181 0.1182
vn 0.8284 -0.3959 0.3962
vn 0.9860 -0.1444 0.0836
vn 0.8287 -0.4845 0.2802
vn 0.9861 -0.1606 0.0434
vn 0.8292 -0.5398 0.1454
vn 0.9860 -0.1667 -0.0019
vn 0.8293 -0.5588 -0.0068
vn 0.9880 0.1372 0.0707
vn 0.9887 0.1348 0.0661
vn 0.8320 -0.4737 -0.2886
vn 0.8440 -0.4108 -0.3447
vn 0.9865 -0.1578 -0.0447
vn 0.8314 -0.5345 -0.1519
vn 0.8873 0.4590 -0.0452
vn 0.8504 0.4947 0.1791
vn 0.9062 0.3266 -0.2686
vn 0.8528 -0.3600 -0.3783
vn 0.8945 -0.1146 -0.4320
vn 0.9097 0.1742 -0.3770
vn 0.6346 0.7728 -0.0000
vn 0.0775 -0.0835 -0.9935
vn 0.0657 -0.0708 -0.9953
vn 0.6347 0.7728 -0.0000
vn 0.6791 -0.7317 -0.0587
vn 0.6791 -0.7317 -0.0581
vn 0.6791 -0.7317 0.0581
vn 0.6791 -0.7317 0.0587
vn 0.6613 -0.7125 0.2344
vn 0.6606 -0.7117 0.2391
vn 0.5990 -0.6453 0.4741
vn 0.5953 -0.6414 0.4839
vn 0.4773 -0.5142 0.7126
vn 0.4675 -0.5037 0.7264
vn 0.2784 -0.3000 0.9124
vn 0.2597 -0.2798 0.9243
vn 0.0775 -0.0835 0.9935
vn 0.0657 -0.0708 0.9953
vn 0.9920 0.1263 -0.0000
vn 0.9019 0.4320 -0.0000
vn 0.6606 -0.7117 -0.2391
vn 0.6613 -0.7125 -0.2344
vn 0.5953 -0.6414 -0.4839
vn 0.5990 -0.6453 -0.4741
vn 0.4675 -0.5037 -0.7264
vn 0.4773 -0.5142 -0.7126
vn 0.2597 -0.2798 -0.9243
vn 0.2784 -0.3000 -0.9124
vn 0.7237 0.6901 -0.0000
vn -0.9037 -0.4282 -0.0000
vn -0.9921 -0.1251 -0.0000
vn -0.7281 -0.6855 -0.0000
vn -0.6400 -0.7684 -0.0000
vn 0.6164 0.7874 -0.0000
vn -0.7874 0.6164 -0.0000
vn -0.0739 0.0579 0.9956
vn -0.7833 0.6132 0.1023
vn -0.7230 0.5660 0.3962
vn -0.5452 0.4269 0.7215
vn -0.2909 0.2277 0.9293
vn -0.6164 -0.7874 -0.0000
vn -0.7836 0.6135 -0.0980
vn -0.7275 0.5695 -0.3827
vn -0.5568 0.4359 -0.7071
vn -0.3013 0.2359 -0.9239
vn -0.0772 0.0604 -0.9952
vn 0.6165 0.7874 -0.0000
vn -0.0000 -0.9996 0.0294
vn -0.0000 -0.9995 -0.0310
vn -0.0000 -0.9957 -0.0926
vn -0.0000 -0.9983 -0.0585
vn -0.0000 -0.9961 -0.0880
vn -0.0000 -0.9905 0.1376
vn -0.0000 -0.9562 0.2928
vn -0.0000 -0.8621 0.5067
vn -0.0000 -0.6974 0.7167
vn -0.0000 -0.4839 0.8751
vn -0.0000 -0.2430 0.9700
vn -0.0000 0.0187 0.9998
vn -0.0000 0.2224 0.9750
vn -0.0000 0.1533 0.9882
vn -0.0000 0.5757 0.8176
vn -0.0000 0.5837 0.8119
vn -0.0000 0.5996 0.8003
vn -0.0000 0.9554 -0.2953
vn -0.0000 -0.3236 -0.9462
vn -0.0000 -0.5795 -0.8150
vn -0.0000 -0.0457 -0.9990
vn -0.0000 0.2462 -0.9692
vn -0.0000 0.5038 -0.8638
vn -0.0000 0.7360 -0.6770
vn -0.0000 0.9073 -0.4204
vn -0.0000 0.9763 -0.2165
vn -0.0000 0.9955 -0.0948
vn -0.0000 1.0000 0.0062
vn -0.0000 0.9977 0.0683
vn -0.0000 0.9815 0.1915
vn -0.0000 0.9138 0.4062
vn -0.0000 0.7772 0.6292
vn -0.0000 0.7509 0.6604
vn -0.0000 0.8170 0.5766
vn -0.0000 -0.1879 0.9822
vn -0.0000 -0.7505 -0.6608
vn -0.0000 -0.7987 -0.6018
vn -0.0000 -0.3906 0.9206
vn -0.0904 0.1743 0.9805
vn -0.0000 0.3177 0.9482
vn 0.1391 0.9790 -0.1491
vn 0.1377 0.9792 0.1490
vn 0.5497 0.8353 -0.0000
vn 0.5259 0.8506 -0.0000
vn 0.9006 0.4347 -0.0000
vn 0.8804 0.4743 -0.0000
vn 0.9927 0.1210 -0.0000
vn 0.9953 0.0965 -0.0000
vn 0.7380 0.6748 -0.0000
vn -0.0000 0.1609 0.9870
vn -0.0000 0.1071 0.9942
vn -0.1407 0.9900 -0.0000
vn -0.5259 0.8506 -0.0000
vn -0.5497 0.8354 -0.0000
vn -0.1448 0.9895 -0.0000
vn -0.8804 0.4743 -0.0000
vn -0.9006 0.4347 -0.0000
vn -0.9927 0.1210 -0.0000
vn -0.9953 0.0965 -0.0000
vn -0.7380 0.6748 -0.0000
vn -0.0000 0.5117 0.8592
vn -0.2170 0.9762 -0.0000
vn -0.4167 0.9091 -0.0000
vn -0.6076 0.7942 -0.0000
vn -0.7930 0.6092 -0.0000
vn -0.0259 -0.9997 -0.0000
vn -0.1120 -0.9937 -0.0000
vn -0.2275 -0.9738 -0.0000
vn -0.1930 -0.9812 -0.0000
vn -0.8727 0.4883 -0.0000
vn 0.2170 0.9762 -0.0000
vn 0.4167 0.9091 -0.0000
vn 0.6076 0.7942 -0.0000
vn 0.1120 -0.9937 -0.0000
vn 0.0259 -0.9997 -0.0000
vn 0.2275 -0.9738 -0.0000
vn 0.1930 -0.9812 -0.0000
vn 0.8727 0.4883 -0.0000
vn 0.7930 0.6092 -0.0000
vn -0.0000 -0.4865 -0.8737
vn -0.0000 -0.3103 -0.9506
vn -0.0000 -0.6564 -0.7544
vn -0.0000 -0.8836 -0.4683
vn -0.0000 -0.9989 -0.0465
vn -0.0000 -0.8347 -0.5506
vn -0.0000 -0.9446 -0.3283
vn -0.0000 -0.4224 -0.9064
vn -0.0000 -0.7825 -0.6227
vn -0.0000 -0.8344 -0.5512
vn -0.0000 -0.6037 -0.7972
vn -0.0000 -0.9988 0.0499
vn 1.0000 -0.0003 -0.0000
vn 1.0000 0.0015 -0.0009
vn -0.0000 0.9526 0.3042
vn -0.0000 0.9326 0.3610
vn 0.1239 0.9275 0.3528
vn 0.1430 0.9449 0.2945
vn -0.0000 0.7929 0.6094
vn 0.1311 0.7830 0.6081
vn 0.3118 0.8598 0.4044
vn 0.3483 0.8912 0.2906
vn 0.2247 0.7707 0.5962
vn -0.0000 0.3405 0.9402
vn 0.1992 0.3088 0.9300
vn 0.1604 0.5039 0.8488
vn -0.0000 0.5206 0.8538
vn 0.4593 0.2714 0.8458
vn 0.3596 0.5436 0.7584
vn 0.6801 0.6677 0.3027
vn 0.5349 0.6560 0.5325
vn 0.7652 0.2608 0.5886
vn 0.8085 0.0081 0.5884
vn 0.4706 0.1482 0.8698
vn 0.2117 0.2638 0.9411
vn 0.7564 0.1035 0.6458
vn 0.7575 0.2288 0.6114
vn 0.4105 0.1419 0.9008
vn 0.4082 0.3264 0.8526
vn 0.1799 0.1501 0.9722
vn 0.1780 0.3561 0.9173
vn -0.0000 0.1515 0.9885
vn -0.0000 0.3634 0.9316
vn -0.0000 0.8261 0.5635
vn -0.0000 0.9163 0.4004
vn 0.1674 0.9047 0.3918
vn 0.1858 0.8126 0.5524
vn 0.3851 0.8504 0.3584
vn 0.4223 0.7518 0.5063
vn 0.7358 0.6276 0.2544
vn 0.7676 0.5333 0.3555
vn 0.7777 0.4334 0.4554
vn 0.4323 0.6232 0.6518
vn 0.1906 0.6796 0.7084
vn -0.0000 0.6928 0.7212
vn 0.7654 0.3381 0.5476
vn 0.4209 0.4814 0.7689
vn 0.1851 0.5251 0.8307
vn -0.0000 0.5357 0.8444
vn 0.7620 0.0212 0.6472
vn 0.7691 -0.0068 0.6391
vn 0.4316 0.0239 0.9018
vn 0.4246 -0.0149 0.9052
vn 0.1922 0.0203 0.9811
vn 0.1871 -0.0208 0.9821
vn -0.0000 0.0186 0.9998
vn -0.0000 -0.0229 0.9997
vn 0.8530 0.0816 0.5156
vn 0.8390 0.0849 0.5374
vn 0.5508 0.1108 0.8272
vn 0.5325 0.1124 0.8389
vn 0.2612 0.1108 0.9589
vn 0.2504 0.1112 0.9617
vn -0.0000 0.1083 0.9941
vn 0.2062 0.1124 0.9720
vn 0.2286 0.1118 0.9671
vn 0.4581 0.1183 0.8810
vn 0.4969 0.1154 0.8601
vn 0.7892 0.0963 0.6066
vn 0.8164 0.0903 0.5703
vn -0.0000 0.3018 0.9534
vn -0.1430 0.9449 0.2945
vn -0.1239 0.9275 0.3528
vn -0.1311 0.7830 0.6081
vn -0.3483 0.8912 0.2906
vn -0.3118 0.8598 0.4044
vn -0.2247 0.7707 0.5963
vn -0.1604 0.5039 0.8488
vn -0.1992 0.3088 0.9300
vn -0.3596 0.5436 0.7584
vn -0.4593 0.2715 0.8458
vn -0.7652 0.2608 0.5886
vn -0.5349 0.6560 0.5325
vn -0.6801 0.6677 0.3027
vn -0.8085 0.0081 0.5884
vn -0.4706 0.1482 0.8698
vn -0.2117 0.2638 0.9411
vn -0.7575 0.2288 0.6114
vn -0.7564 0.1035 0.6458
vn -0.4082 0.3264 0.8526
vn -0.4105 0.1419 0.9008
vn -0.1780 0.3561 0.9173
vn -0.1799 0.1501 0.9722
vn -0.1858 0.8126 0.5524
vn -0.1674 0.9047 0.3918
vn -0.4223 0.7518 0.5063
vn -0.3851 0.8504 0.3584
vn -0.7676 0.5333 0.3555
vn -0.7358 0.6276 0.2544
vn -0.7777 0.4334 0.4554
vn -0.4323 0.6232 0.6518
vn -0.1906 0.6796 0.7084
vn -0.7654 0.3381 0.5476
vn -0.4209 0.4814 0.7689
vn -0.1851 0.5251 0.8307
vn -0.7691 -0.0068 0.6391
vn -0.7620 0.0212 0.6472
vn -0.4246 -0.0149 0.9052
vn -0.4316 0.0239 0.9018
vn -0.1871 -0.0208 0.9821
vn -0.1922 0.0203 0.9811
vn -0.8390 0.0849 0.5374
vn -0.8530 0.0816 0.5156
vn -0.5325 0.1124 0.8389
vn -0.5508 0.1108 0.8272
vn -0.2504 0.1112 0.9617
vn -0.2612 0.1108 0.9589
vn -0.2062 0.1124 0.9720
vn -0.2286 0.1118 0.9671
vn -0.4581 0.1183 0.8810
vn -0.4969 0.1154 0.8601
vn -0.7892 0.0963 0.6066
vn -0.8164 0.0903 0.5703
vn -0.0000 -0.4623 -0.8867
vn 0.4173 -0.1357 0.8986
vn 0.1018 -0.1486 0.9837
vn 0.1089 -0.2458 0.9632
vn 0.4353 -0.2228 0.8723
vn -0.0390 0.2219 -0.9743
vn 0.0390 0.2219 -0.9743
vn 0.0410 0.1677 -0.9850
vn -0.0410 0.1677 -0.9850
vn -0.0394 0.2877 -0.9569
vn 0.0394 0.2877 -0.9569
vn -0.0401 0.3292 -0.9434
vn 0.0401 0.3292 -0.9434
vn -0.0184 -0.8531 -0.5215
vn 0.0184 -0.8531 -0.5215
vn -0.0000 -0.9916 -0.1293
vn 0.9327 0.0324 -0.3592
vn 0.9546 -0.0594 -0.2920
vn 0.9065 0.1044 -0.4091
vn 0.4857 0.1078 -0.8675
vn 0.1728 0.1295 -0.9764
vn 0.1678 -0.0376 -0.9851
vn 0.4740 -0.0393 -0.8796
vn 0.0404 0.1350 -0.9900
vn 0.0392 -0.0350 -0.9986
vn 0.4851 0.2357 -0.8421
vn 0.1734 0.2654 -0.9484
vn 0.0406 0.2692 -0.9622
vn 0.4782 0.2899 -0.8290
vn 0.1711 0.3248 -0.9302
vn 0.4696 0.2574 -0.8445
vn 0.1679 0.2850 -0.9437
vn 0.4672 0.1956 -0.8623
vn 0.1664 0.2187 -0.9615
vn 0.4793 0.1372 -0.8669
vn 0.1747 0.1620 -0.9712
vn -0.9999 -0.0113 -0.0072
vn -1.0000 -0.0046 -0.0029
vn -1.0000 -0.0074 -0.0047
vn -0.9997 -0.0207 -0.0132
vn 0.4642 -0.2834 -0.8392
vn 0.1646 -0.3101 -0.9364
vn 0.1807 -0.0327 -0.9830
vn 0.4937 -0.0270 -0.8692
vn 0.1461 -0.0345 0.9887
vn 0.1275 -0.3901 0.9119
vn 0.9799 -0.1975 0.0284
vn 0.9830 -0.1815 0.0274
vn 0.9825 -0.1860 -0.0023
vn 0.9771 -0.2127 -0.0033
vn 0.9872 -0.1532 -0.0446
vn 0.9814 -0.1834 -0.0564
vn 0.9886 -0.1245 -0.0845
vn 0.9851 -0.1436 -0.0951
vn 0.9860 -0.0997 -0.1335
vn -0.0393 0.1055 -0.9936
vn 0.0393 0.1055 -0.9936
vn -0.0392 -0.0350 -0.9986
vn 0.4500 0.1507 -0.8802
vn 0.7842 0.1467 -0.6029
vn 0.8100 -0.0311 -0.5856
vn 0.8211 0.0630 -0.5673
vn 0.8193 0.1538 -0.5523
vn 0.8131 0.1926 -0.5494
vn 0.8058 0.1747 -0.5659
vn 0.8034 0.1312 -0.5808
vn 0.8100 0.0850 -0.5802
vn 0.0386 -0.3156 -0.9481
vn 0.0427 -0.0348 -0.9985
vn 0.7731 0.0657 -0.6309
vn 0.6965 0.0822 -0.7128
vn 0.0738 0.8181 -0.5703
vn -0.0000 0.8215 -0.5702
vn -0.0000 0.9946 -0.1037
vn 0.0642 0.9926 -0.1031
vn 0.0355 0.3435 -0.9385
vn -0.0241 0.3425 -0.9392
vn -0.9644 0.0077 -0.2644
vn -0.9868 -0.0951 -0.1307
vn -1.0000 0.0016 -0.0044
vn -1.0000 -0.0004 -0.0045
vn 0.4645 -0.6158 0.6365
vn 0.4857 -0.5470 0.6818
vn 0.1239 -0.6341 0.7633
vn 0.1168 -0.6901 0.7142
vn -0.0000 -0.6939 0.7201
vn -0.0000 -0.5539 0.8326
vn 0.1156 -0.5486 0.8280
vn -0.0000 -0.2999 0.9540
vn 0.1115 -0.2984 0.9479
vn -0.0000 -0.1467 0.9892
vn 0.1076 -0.1459 0.9834
vn 0.8115 -0.0871 0.5778
vn 0.8172 -0.1331 0.5607
vn 0.1028 -0.0974 0.9899
vn 0.0008 -0.0884 0.9961
vn 0.0027 -0.2562 0.9666
vn 0.1109 -0.2740 0.9553
vn 1.0000 -0.0056 -0.0036
vn 0.9999 -0.0126 -0.0080
vn -0.0427 -0.0348 -0.9985
vn -0.0386 -0.3156 -0.9481
vn -0.0000 -0.1571 0.9876
vn 0.1043 -0.1474 0.9836
vn -0.0000 -0.1483 0.9889
vn -0.0000 -0.1494 0.9888
vn -0.0053 0.9968 -0.0794
vn 0.0053 0.9968 -0.0794
vn 0.0182 0.9379 -0.3463
vn -0.0182 0.9379 -0.3463
vn 0.9415 -0.3105 0.1312
vn 1.0000 0.0001 -0.0017
vn 0.9142 -0.3656 0.1746
vn 0.4327 -0.8971 0.0894
vn 0.1080 -0.9893 0.0982
vn 0.0993 -0.9920 -0.0776
vn 0.4072 -0.9106 -0.0712
vn 0.9804 -0.1672 0.1043
vn 0.9864 -0.0974 0.1321
vn 0.0339 0.6266 -0.7786
vn -0.0339 0.6266 -0.7786
vn 1.0000 0.0010 0.0066
vn 0.8627 -0.2894 0.4147
vn 0.8468 -0.3682 0.3839
vn 1.0000 0.0003 0.0020
vn 1.0000 0.0002 0.0016
vn -0.0463 0.1968 -0.9794
vn -0.0752 0.1840 -0.9800
vn 0.2039 -0.9552 -0.2146
vn 0.0312 -0.9991 -0.0302
vn 0.2010 -0.9795 0.0105
vn 0.1629 0.1329 -0.9777
vn 0.0007 -0.9893 -0.1461
vn 0.0012 -0.9921 -0.1256
vn 0.2041 -0.8579 -0.4716
vn 0.2144 -0.9127 -0.3480
vn -0.0404 0.1350 -0.9900
vn -0.0406 0.2692 -0.9622
vn 0.0636 0.9980 -0.0000
vn 0.2826 0.9592 -0.0001
vn 0.2831 0.9539 -0.1001
vn 0.7470 0.0764 0.6605
vn 0.8261 0.1973 0.5278
vn 0.6961 0.5887 -0.4108
vn 0.6773 0.7311 -0.0814
vn 0.3136 0.7775 -0.5451
vn 1.0000 -0.0070 -0.0006
vn 0.7364 0.2438 -0.6311
vn 0.2968 0.3318 -0.8955
vn 0.9999 -0.0033 -0.0140
vn 0.7673 0.1286 -0.6283
vn 0.2363 0.2064 -0.9495
vn 0.0967 0.4025 0.9103
vn -0.0000 0.4037 0.9149
vn -0.0000 0.9204 0.3910
vn 0.1017 0.9143 0.3921
vn 0.3497 0.1355 0.9270
vn 0.4131 0.3556 0.8384
vn 0.6836 0.7298 -0.0001
vn 0.8431 0.4908 0.2197
vn 1.0000 -0.0003 0.0007
vn 0.4322 0.8253 0.3635
vn 0.0993 0.0741 0.9923
vn 0.4024 -0.1251 0.9069
vn 0.4000 0.0668 0.9141
vn 0.0823 0.1489 0.9854
vn -0.0006 0.1466 0.9892
vn 0.4179 -0.3287 0.8469
vn 0.0203 0.9443 0.3284
vn -0.0051 0.9228 0.3854
vn -0.0000 0.9477 0.3193
vn 0.9611 -0.2244 0.1613
vn 0.8832 -0.3119 0.3504
vn 0.8492 -0.2905 0.4411
vn 0.4636 -0.4871 0.7402
vn 0.8425 -0.1600 0.5144
vn 0.4528 -0.2672 0.8506
vn 0.8249 -0.0834 0.5590
vn 0.4354 -0.1324 0.8904
vn 0.0005 -0.2431 0.9700
vn 0.8149 -0.5776 0.0478
vn 0.8002 -0.5979 -0.0468
vn 0.6384 -0.2848 -0.7150
vn 0.4739 -0.6405 -0.6044
vn 0.3662 -0.5845 -0.7240
vn 0.0730 -0.8563 -0.5113
vn -0.0000 -0.9912 -0.1327
vn 0.0306 -0.5941 -0.8038
vn 0.1277 -0.5963 -0.7926
vn 0.0417 -0.9870 -0.1552
vn 0.3034 -0.9410 -0.1501
vn 0.4155 -0.8983 -0.1428
vn 0.1018 -0.9827 -0.1548
vn -0.0306 -0.5941 -0.8038
vn 0.0142 0.9976 -0.0682
vn 0.0579 0.9497 -0.3079
vn 0.1275 0.6640 -0.7368
vn 0.6994 -0.0228 -0.7144
vn 0.0270 0.9836 -0.1782
vn 0.3225 0.8994 -0.2952
vn 0.3026 0.9291 -0.2127
vn 0.0674 0.9964 -0.0505
vn 0.7356 0.5400 -0.4090
vn 0.6268 0.6247 -0.4657
vn 0.0429 0.9970 -0.0647
vn 0.1642 0.9468 -0.2770
vn 0.3519 0.6665 -0.6573
vn 1.0000 -0.0026 -0.0076
vn 1.0000 -0.0034 -0.0054
vn 0.7830 -0.1532 0.6029
vn 0.7878 0.0282 0.6152
vn -0.0000 -0.9970 -0.0774
vn 0.0002 -0.9879 -0.1551
vn 0.8093 -0.5799 -0.0934
vn 0.8174 -0.0848 0.5698
vn 0.4253 -0.1339 0.8951
vn 0.0015 -0.4933 0.8699
vn 0.1246 -0.4933 0.8609
vn 0.0020 -0.7584 0.6518
vn 0.1322 -0.7517 0.6461
vn 0.0015 -0.9341 0.3569
vn 0.1244 -0.9253 0.3584
vn 0.0005 -0.9955 0.0945
vn 0.4731 -0.8220 0.3172
vn 0.4924 -0.6600 0.5674
vn 0.4734 -0.4368 0.7649
vn 0.8409 -0.5086 0.1847
vn 0.8553 -0.3928 0.3379
vn 0.8412 -0.2586 0.4750
vn 0.7497 0.3987 -0.5282
vn 0.7590 0.2683 -0.5933
vn 0.9634 0.0060 -0.2680
vn 0.7752 0.1775 -0.6062
vn 0.9790 -0.0079 -0.2038
vn -0.0006 0.9916 0.1294
vn 0.0704 0.9885 0.1340
vn -0.1040 0.3616 -0.9265
vn -0.1172 0.3395 -0.9333
vn -0.1080 0.6141 -0.7818
vn -0.1401 0.6037 -0.7848
vn 0.1211 -0.9846 -0.1261
vn 0.1878 -0.9671 -0.1717
vn 0.2655 0.7810 -0.5653
vn 0.2130 0.5732 -0.7912
vn 0.2001 0.3609 -0.9109
vn -0.0674 0.8546 -0.5149
vn -0.0142 0.9976 -0.0682
vn 0.7497 -0.6530 -0.1072
vn -0.4857 0.1078 -0.8675
vn -0.4740 -0.0393 -0.8796
vn -0.1678 -0.0376 -0.9851
vn -0.1728 0.1295 -0.9764
vn -0.4851 0.2357 -0.8421
vn -0.1734 0.2654 -0.9484
vn -0.4782 0.2899 -0.8290
vn -0.1711 0.3248 -0.9302
vn -0.4696 0.2574 -0.8445
vn -0.1679 0.2850 -0.9437
vn -0.4672 0.1956 -0.8623
vn -0.1664 0.2187 -0.9615
vn -0.4835 0.1380 -0.8644
vn -0.1747 0.1620 -0.9712
vn -0.4646 -0.2816 -0.8395
vn -0.4905 -0.0268 -0.8710
vn -0.1807 -0.0327 -0.9830
vn -0.1646 -0.3101 -0.9364
vn -0.9753 -0.1981 0.0975
vn -0.9749 -0.2185 0.0417
vn -0.9802 -0.1940 0.0386
vn -0.9826 -0.1707 0.0727
vn -0.9773 -0.2117 -0.0032
vn -0.9825 -0.1860 -0.0023
vn -0.9819 -0.1810 -0.0556
vn -0.9872 -0.1532 -0.0446
vn -0.9862 -0.1381 -0.0917
vn -0.9886 -0.1245 -0.0845
vn -0.9546 -0.0594 -0.2920
vn -0.4500 0.1507 -0.8802
vn -0.1629 0.1329 -0.9777
vn -0.7842 0.1467 -0.6029
vn -0.8100 -0.0311 -0.5856
vn -0.9065 0.1044 -0.4091
vn -0.8211 0.0630 -0.5673
vn -0.8193 0.1538 -0.5523
vn -0.8131 0.1926 -0.5494
vn -0.8058 0.1747 -0.5659
vn -0.8034 0.1312 -0.5808
vn -0.8161 0.0854 -0.5716
vn 0.0458 0.9903 -0.1308
vn -0.0674 0.9964 -0.0505
vn -0.0283 0.9809 -0.1925
vn -0.0738 0.8181 -0.5703
vn -0.0639 0.9926 -0.1031
vn -1.0000 -0.0041 -0.0032
vn -1.0000 -0.0059 -0.0008
vn -0.7364 0.2438 -0.6311
vn -0.7673 0.1286 -0.6283
vn -1.0000 -0.0019 -0.0009
vn -1.0000 -0.0000 -0.0005
vn -1.0000 0.0001 -0.0001
vn -0.0859 -0.1388 0.9866
vn -0.1142 -0.1216 0.9860
vn -0.0004 -0.1221 0.9925
vn -0.0000 -0.1200 0.9928
vn -0.1007 -0.0634 0.9929
vn -0.1091 -0.1031 0.9887
vn -0.0027 -0.0882 0.9961
vn -0.0041 -0.0619 0.9981
vn -0.1148 -0.2674 0.9567
vn -0.0001 -0.2686 0.9633
vn -0.1155 -0.5787 0.8073
vn -0.0000 -0.5829 0.8126
vn -0.1169 -0.6901 0.7142
vn -0.1156 -0.5486 0.8280
vn -0.1115 -0.2984 0.9479
vn -0.1076 -0.1459 0.9834
vn -0.9451 -0.1863 0.2686
vn 0.0006 -0.9898 -0.1422
vn 0.0010 -0.9919 -0.1269
vn -0.1043 -0.1474 0.9836
vn -0.1018 -0.1486 0.9837
vn -0.0000 -0.9879 -0.1552
vn -0.1031 -0.9825 -0.1549
vn -0.4327 -0.8971 0.0894
vn -0.4072 -0.9106 -0.0712
vn -0.0993 -0.9920 -0.0776
vn -0.1080 -0.9893 0.0982
vn -0.8213 -0.0162 -0.5703
vn -0.7931 -0.2288 -0.5645
vn -0.0706 0.9882 0.1357
vn -0.2821 0.9541 -0.1001
vn -0.3105 0.9413 0.1326
vn -0.9452 -0.1913 0.2645
vn -0.7619 -0.1756 0.6234
vn -0.4032 -0.1403 0.9043
vn -0.3982 -0.0636 0.9151
vn -0.7944 -0.0470 0.6056
vn 1.0000 -0.0075 -0.0048
vn 0.0001 -0.9877 -0.1562
vn -0.0009 0.0673 0.9977
vn -0.0974 0.0718 0.9927
vn -0.0822 0.1472 0.9857
vn -0.0967 0.4025 0.9103
vn 0.0006 0.1448 0.9895
vn -0.7904 0.6050 0.0959
vn -0.3998 0.9010 0.1682
vn -0.4317 0.8253 0.3640
vn -0.8427 0.4914 0.2200
vn -0.6762 0.7322 -0.0814
vn -0.6961 0.5887 -0.4108
vn -0.3136 0.7775 -0.5451
vn -0.1016 0.9140 0.3927
vn -0.0000 0.9202 0.3915
vn -0.2968 0.3318 -0.8955
vn -0.2363 0.2064 -0.9495
vn -0.0355 0.3435 -0.9385
vn 0.0464 0.1968 -0.9793
vn -0.7051 0.7035 0.0888
vn -0.3495 0.1341 0.9273
vn -0.4131 0.3556 0.8384
vn -1.0000 -0.0062 -0.0008
vn -0.8261 0.1973 0.5278
vn -0.0969 0.9782 0.1837
vn 0.0009 0.9838 0.1792
vn -0.8298 -0.1498 0.5376
vn -0.8373 -0.0681 0.5424
vn -0.4509 -0.2406 0.8595
vn -0.4539 -0.1099 0.8842
vn -0.8281 -0.3272 0.4551
vn -0.4512 -0.5199 0.7253
vn -0.8469 -0.3681 0.3837
vn -0.4647 -0.6157 0.6364
vn -0.8492 -0.2905 0.4411
vn -0.4636 -0.4871 0.7402
vn -0.8425 -0.1600 0.5144
vn -0.4528 -0.2672 0.8506
vn -0.8249 -0.0834 0.5590
vn -0.4354 -0.1324 0.8904
vn -0.8172 -0.1331 0.5607
vn -0.8115 -0.0871 0.5778
vn -0.8149 -0.5776 0.0478
vn -0.8002 -0.5979 -0.0468
vn -0.4353 -0.2228 0.8723
vn -0.4173 -0.1357 0.8986
vn -0.0730 -0.8563 -0.5113
vn -0.1277 -0.5963 -0.7926
vn -0.4203 -0.8961 -0.1425
vn -0.4376 -0.8757 -0.2043
vn -0.8131 -0.5748 -0.0926
vn -0.8003 -0.5534 -0.2308
vn -0.0579 0.9497 -0.3079
vn -0.1275 0.6640 -0.7368
vn -0.9759 0.0103 0.2181
vn -0.7469 0.0756 0.6606
vn -0.0000 -0.9910 -0.1335
vn -0.3604 -0.8619 -0.3567
vn -0.2064 -0.8547 -0.4763
vn -0.6448 -0.5665 -0.5131
vn -0.3669 -0.5834 -0.7246
vn -0.3026 0.9291 -0.2127
vn -0.3225 0.8994 -0.2952
vn -0.6268 0.6247 -0.4657
vn -0.7356 0.5400 -0.4090
vn -0.0429 0.9970 -0.0647
vn -0.1642 0.9468 -0.2770
vn -0.3519 0.6665 -0.6573
vn -0.7352 -0.2146 0.6430
vn -0.3626 -0.1857 0.9133
vn -0.3952 0.0645 0.9163
vn -0.8174 -0.0848 0.5698
vn -0.4253 -0.1339 0.8951
vn -0.0005 -0.2431 0.9700
vn -0.1089 -0.2458 0.9632
vn -0.1246 -0.4933 0.8609
vn -0.0015 -0.4933 0.8699
vn -0.1322 -0.7517 0.6461
vn -0.0020 -0.7584 0.6518
vn -0.1244 -0.9253 0.3584
vn -0.0015 -0.9341 0.3569
vn -0.4731 -0.8220 0.3172
vn -0.4924 -0.6600 0.5674
vn -0.4734 -0.4368 0.7649
vn -0.8409 -0.5086 0.1847
vn -0.8553 -0.3928 0.3379
vn -0.8412 -0.2586 0.4750
vn -0.0005 -0.9955 0.0945
vn 0.0005 0.9913 0.1313
vn -0.7838 0.0267 0.6205
vn -0.9327 0.0324 -0.3592
vn -0.7497 0.3987 -0.5282
vn -0.7590 0.2683 -0.5933
vn -0.7752 0.1775 -0.6062
vn 0.0755 0.1840 -0.9800
vn 0.1176 0.3395 -0.9332
vn 0.1042 0.3617 -0.9265
vn 0.1446 0.5666 -0.8112
vn 0.1103 0.5973 -0.7944
vn 0.1399 0.8229 -0.5507
vn 0.0682 0.8471 -0.5270
vn -0.2655 0.7810 -0.5653
vn -0.2130 0.5732 -0.7912
vn -0.2001 0.3609 -0.9109
vn 0.1801 0.8934 0.4116
vn 0.1957 0.6987 0.6881
vn -0.0050 0.7095 0.7047
vn 0.0001 -0.6439 0.7651
vn 0.7576 -0.3778 0.5323
vn 0.1696 -0.9028 0.3953
vn 0.0092 -0.9234 0.3837
vn 0.1996 0.3744 0.9055
vn 0.7978 -0.5735 -0.1859
vn 0.8025 -0.4774 -0.3578
vn 0.8025 -0.4752 -0.3607
vn 0.7977 -0.5752 -0.1811
vn 0.7980 -0.3155 -0.5135
vn 0.7974 -0.3056 -0.5203
vn 0.7784 -0.1228 -0.6156
vn 0.7742 -0.0938 -0.6259
vn 0.1526 -0.7067 0.6909
vn 0.0595 -0.9910 -0.1201
vn 0.0952 -0.9497 0.2983
vn 0.0331 -0.9566 0.2897
vn 0.0372 -0.9912 -0.1272
vn 0.1192 -0.6389 0.7600
vn 0.0179 -0.6388 0.7692
vn 0.4033 -0.6487 0.6454
vn 0.2776 -0.9292 0.2441
vn 0.9335 0.2495 0.2574
vn 0.9307 0.2561 0.2612
vn 0.6447 0.5420 0.5390
vn 0.6337 0.6714 0.3843
vn 0.8454 0.1090 0.5229
vn 0.5523 0.6875 0.4716
vn 0.9392 0.1360 0.3152
vn 0.6585 0.2906 0.6942
vn 0.4836 -0.6502 0.5859
vn 0.5109 -0.7678 0.3866
vn 0.7576 -0.5122 0.4046
vn 0.7801 -0.5320 0.3292
vn 0.9598 -0.2338 0.1551
vn 0.0903 0.6165 0.7822
vn 0.3359 0.6255 0.7043
vn 0.0864 0.9437 0.3193
vn 0.1375 -0.1526 0.9787
vn 0.5071 -0.0831 0.8579
vn 0.5701 -0.8159 0.0970
vn 0.8420 -0.5175 0.1521
vn 0.4468 -0.4017 0.7994
vn 0.7460 -0.3679 0.5552
vn 0.0002 -0.1585 0.9874
vn 0.0002 0.6346 0.7728
vn 0.4710 -0.8793 0.0709
vn 0.6988 -0.6296 0.3396
vn 0.5500 -0.8307 -0.0861
vn 0.8191 -0.5704 0.0616
vn 0.5154 -0.0671 0.8543
vn 0.8521 -0.0858 0.5162
vn -0.0000 -0.1555 0.9878
vn -0.0000 -0.0788 0.9969
vn 1.0000 -0.0002 -0.0013
vn 0.7930 0.6020 0.0935
vn 0.0983 0.9781 0.1835
vn 0.4031 0.8998 0.1669
vn -0.0606 0.9691 -0.2391
vn 0.9996 -0.0230 -0.0147
vn 1.0000 -0.0025 -0.0019
vn 1.0000 -0.0004 -0.0006
vn 1.0000 -0.0023 -0.0032
vn 1.0000 0.0001 -0.0016
vn 0.4345 0.7547 0.4915
vn 0.8127 0.4972 0.3040
vn 0.4332 0.4075 0.8039
vn 0.8112 0.2517 0.5278
vn 0.1096 0.8309 0.5455
vn 0.1092 0.4507 0.8860
vn -0.0005 0.9839 0.1788
vn -0.0016 0.8383 0.5452
vn -0.0015 0.4491 0.8935
vn -0.8075 0.2498 0.5344
vn -0.8085 0.4998 0.3107
vn -0.4283 0.4036 0.8085
vn -0.4291 0.7546 0.4964
vn 0.0013 0.0692 0.9976
vn 0.0022 0.4446 0.8957
vn -0.1068 0.4460 0.8886
vn 0.0025 0.8368 0.5476
vn -0.1068 0.8295 0.5482
vn 1.0000 -0.0001 -0.0024
vn 1.0000 -0.0003 -0.0007
vn 0.0016 0.5060 0.8625
vn -0.0867 0.5063 0.8580
vn 0.0015 0.8661 0.4999
vn -0.0845 0.8609 0.5017
vn 0.7561 0.3165 0.5729
vn 0.7487 0.5770 0.3265
vn 0.7049 0.7039 0.0880
vn -0.7489 0.5754 0.3287
vn -0.9755 0.0928 0.1993
vn -0.7560 0.3142 0.5743
vn 0.0843 0.8634 0.4975
vn 0.3580 0.8072 0.4693
vn 0.3101 0.9416 0.1313
vn 0.0868 0.5104 0.8555
vn 0.3657 0.4727 0.8017
vn -0.3583 0.8051 0.4727
vn -0.3655 0.4694 0.8038
vn -0.0016 0.8688 0.4952
vn -0.0016 0.5107 0.8598
vn 1.0000 -0.0000 -0.0003
vn 1.0000 -0.0006 0.0004
vn 1.0000 -0.0003 0.0006
vn 0.7657 0.0338 -0.6423
vn 0.7699 0.0505 -0.6362
vn 0.7891 -0.6063 -0.0983
vn 0.7861 -0.6100 -0.1002
vn -0.1458 0.7565 -0.6375
vn 0.7926 0.0860 -0.6036
vn 0.7925 0.0860 -0.6038
vn -1.0000 0.0026 -0.0024
vn -1.0000 0.0052 -0.0036
vn -1.0000 0.0008 -0.0011
vn 0.0241 0.3425 -0.9392
vn -0.0000 0.9878 0.1555
vn 0.8099 0.0905 -0.5796
vn 0.8067 0.0958 -0.5832
vn 0.8059 0.1125 -0.5812
vn 0.7844 0.0955 -0.6128
vn 0.8126 0.1076 -0.5728
vn 0.7946 -0.5995 -0.0959
vn 1.0000 0.0002 -0.0030
vn 1.0000 -0.0001 -0.0001
vn 1.0000 -0.0005 -0.0003
vn 1.0000 -0.0006 -0.0002
vn 1.0000 -0.0002 -0.0001
vn 1.0000 -0.0004 -0.0003
vn 1.0000 -0.0003 -0.0004
vn 1.0000 -0.0001 -0.0005
vn 0.0663 -0.7675 -0.6376
vn 0.0633 -0.6706 -0.7391
vn -0.0633 -0.6706 -0.7391
vn -0.0663 -0.7675 -0.6376
vn 1.0000 0.0002 -0.0006
vn 1.0000 0.0003 -0.0004
vn 1.0000 0.0003 -0.0005
vn -0.0000 0.1544 -0.9880
vn -0.0000 0.1545 -0.9880
vn -0.0000 0.1546 -0.9880
vn 1.0000 0.0002 -0.0003
vn 1.0000 0.0002 -0.0004
vn 1.0000 0.0001 -0.0004
vn -0.0000 0.0980 0.9952
vn 1.0000 0.0001 -0.0006
vn 0.9999 -0.0023 0.0142
vn -0.0000 0.9311 -0.3646
vn -0.0000 0.9312 -0.3646
vn -0.0000 0.7511 -0.6602
vn -0.0000 -0.5059 0.8626
vn -0.0593 -0.1701 0.9836
vn -0.0000 -0.1547 0.9880
vn -1.0000 0.0001 -0.0004
vn -1.0000 0.0019 -0.0004
vn -1.0000 -0.0000 -0.0009
vn -1.0000 0.0006 -0.0008
vn 0.6655 -0.0195 -0.7461
vn 0.6771 -0.0192 -0.7357
vn 0.2578 0.0106 -0.9661
vn 0.2179 0.0100 -0.9759
vn -0.0000 -0.6996 0.7146
vn -0.1393 -0.7000 0.7005
vn -0.1720 -0.9111 0.3746
vn -0.0000 -0.9218 0.3876
vn -0.0000 0.6337 -0.7736
vn -0.0000 0.8720 -0.4894
vn -0.0000 -0.9311 0.3647
vn 0.2171 -0.9100 0.3531
vn 0.1989 -0.9759 0.0896
vn -0.0000 -0.9955 0.0943
vn 0.5641 -0.7729 0.2904
vn 0.5267 -0.8468 0.0738
vn 0.5041 -0.8637 -0.0000
vn 0.1883 -0.9821 -0.0000
vn -0.1883 -0.9821 -0.0000
vn 0.5289 -0.1776 0.8299
vn 0.5406 -0.0957 0.8358
vn 0.2058 -0.0888 0.9746
vn 0.1983 -0.1998 0.9596
vn 0.5553 -0.3911 0.7339
vn 0.0593 -0.1701 0.9836
vn 0.2113 -0.4696 0.8572
vn 0.5723 -0.6183 0.5387
vn 0.2215 -0.7329 0.6432
vn -0.0000 -0.7511 0.6602
vn 0.7317 -0.5832 0.3529
vn 0.6688 -0.4318 0.6052
vn -0.0000 -0.8674 0.4975
vn 0.3492 -0.8180 0.4571
vn 0.3345 -0.5802 0.7426
vn 0.1393 -0.7782 0.6123
vn 0.7174 -0.4281 0.5497
vn -0.0000 -0.6277 0.7785
vn 0.3385 -0.5897 0.7332
vn 0.7145 -0.2164 0.6653
vn -0.0000 -0.2984 0.9544
vn 0.3687 -0.2856 0.8846
vn 0.7096 0.1099 -0.6960
vn 0.7225 0.2122 -0.6580
vn 0.3016 0.2871 -0.9092
vn 0.3044 0.1477 -0.9410
vn -0.1393 -0.7782 0.6123
vn -0.0000 -0.8675 0.4975
vn -0.0000 -0.6956 0.7185
vn -0.3016 0.2871 -0.9092
vn -0.7225 0.2122 -0.6580
vn -0.7096 0.1099 -0.6960
vn -0.3044 0.1477 -0.9410
vn 0.1720 -0.9111 0.3746
vn 1.0000 0.0003 -0.0000
vn 1.0000 0.0011 -0.0007
vn 0.4433 0.8964 -0.0011
vn 0.4634 0.8833 -0.0712
vn -1.0000 0.0003 -0.0000
vn -1.0000 0.0003 -0.0001
vn -0.5254 0.7953 -0.3026
vn -0.4634 0.8833 -0.0712
vn 0.8155 -0.4750 -0.3308
vn 0.7389 -0.1752 -0.6507
vn 0.5203 -0.6918 -0.5008
vn 0.4081 -0.2389 -0.8811
vn 0.2468 -0.7781 -0.5777
vn 0.1752 -0.2387 -0.9552
vn 0.0604 -0.7973 -0.6006
vn 0.0406 -0.2252 -0.9735
vn 0.8683 -0.4605 -0.1845
vn 0.5694 -0.7641 -0.3031
vn 0.2725 -0.8926 -0.3593
vn 0.0656 -0.9238 -0.3773
vn 0.8741 -0.3594 -0.3269
vn 0.5789 -0.6132 -0.5374
vn 0.2768 -0.7337 -0.6206
vn -0.0000 0.0980 -0.9952
vn 0.5815 -0.5167 -0.6284
vn 0.2728 -0.6342 -0.7235
vn 1.0000 0.0003 0.0001
vn 1.0000 0.0004 -0.0000
vn -0.0020 -1.0000 -0.0010
vn -0.0005 -1.0000 -0.0003
vn -0.0033 -1.0000 -0.0017
vn 0.0855 0.0445 -0.9953
vn -0.0000 0.4216 0.9068
vn -0.0000 0.6017 0.7987
vn -0.0000 0.5262 0.8504
vn -0.0000 -0.3048 0.9524
vn -0.0000 -0.7443 0.6678
vn -0.0000 0.1628 0.9867
vn 0.0026 -0.9798 0.1998
vn 0.0050 -0.9989 -0.0476
vn -0.2755 0.6840 0.6754
vn -0.2066 0.4767 0.8544
vn -0.0766 0.4634 0.8828
vn -0.0724 0.7075 0.7030
vn -0.0842 -0.0046 0.9964
vn 0.0842 -0.0046 0.9964
vn 0.0766 0.4634 0.8828
vn 0.7239 -0.1094 0.6812
vn -0.0000 0.2985 -0.9544
vn -1.0000 0.0001 -0.0006
vn -1.0000 0.0002 -0.0006
vn -0.3687 -0.2856 0.8846
vn -0.4006 -0.1440 0.9049
vn -0.0000 -0.1545 0.9880
vn -0.0000 -0.7508 0.6605
vn -0.7239 -0.1094 0.6812
vn -0.7145 -0.2164 0.6653
vn 0.7379 0.1053 -0.6667
vn -0.0000 1.0000 0.0004
vn -1.0000 0.0004 -0.0000
vn -1.0000 0.0009 -0.0000
vn -0.1551 0.0025 0.9879
vn -0.4084 0.4279 0.8063
vn -0.7712 0.2045 0.6028
vn -0.7649 -0.0035 0.6441
vn -0.0000 0.9955 -0.0943
vn -0.2111 0.9734 -0.0890
vn -0.2253 0.9080 -0.3534
vn -0.7184 0.4121 -0.5605
vn -0.5423 0.0756 -0.8368
vn -1.0000 0.0003 -0.0003
vn -0.2302 0.0638 -0.9710
vn -0.1979 0.1396 -0.9702
vn -0.4566 0.1250 -0.8809
vn -0.2201 0.4682 -0.8558
vn -0.4959 0.4036 -0.7689
vn -1.0000 0.0002 -0.0001
vn -1.0000 0.0001 -0.0002
vn -0.5339 0.6351 -0.5582
vn -0.0000 0.4832 -0.8755
vn -0.2281 0.7316 -0.6425
vn -1.0000 0.0004 -0.0003
vn -0.7908 0.5060 -0.3444
vn -0.3713 0.6050 -0.7043
vn -0.4254 0.7780 -0.4624
vn -1.0000 0.0003 -0.0005
vn -0.7365 0.3905 -0.5523
vn -0.0000 0.6274 -0.7787
vn -0.3492 0.5640 -0.7483
vn 0.4006 -0.1440 0.9049
vn 0.0003 -1.0000 -0.0027
vn 0.0006 -1.0000 -0.0059
vn -1.0000 -0.0000 -0.0003
vn -0.1750 -0.9845 -0.0082
vn -0.1197 -0.9897 -0.0790
vn -0.1254 -0.9895 -0.0718
vn 1.0000 0.0002 -0.0001
vn 1.0000 0.0003 -0.0001
vn -0.0847 -0.0036 0.9964
vn -0.9009 0.3143 0.2993
vn -0.5789 0.5876 0.5653
vn -1.0000 0.0021 -0.0005
vn -0.6178 0.4548 0.6415
vn -0.2972 0.5529 0.7784
vn 0.0724 0.7075 0.7030
vn 0.2755 0.6840 0.6754
vn 0.2972 0.5529 0.7784
vn 0.0695 0.5797 0.8119
vn 0.0209 -0.9880 -0.1531
vn 0.0214 -0.9880 -0.1530
vn -0.0214 -0.9880 -0.1530
vn -0.0209 -0.9880 -0.1531
vn -0.0000 0.0522 -0.9986
vn -0.0000 0.1426 -0.9898
vn -1.0000 0.0013 -0.0001
vn -1.0000 0.0001 -0.0000
vn -0.0000 -0.5658 -0.8245
vn -0.0000 0.0836 -0.9965
vn -0.0000 0.6018 -0.7986
vn -0.0000 0.4609 -0.8874
vn -0.0582 -0.9881 -0.1422
vn -0.0643 -0.9883 -0.1384
vn 0.7939 -0.0960 0.6004
vn -0.0000 1.0000 -0.0002
vn -0.0000 1.0000 -0.0001
vn 0.2111 0.9734 -0.0890
vn 0.2035 0.9791 -0.0001
vn 0.7712 0.2045 0.6028
vn 0.4084 0.4279 0.8063
vn 0.1551 0.0025 0.9879
vn 0.7649 -0.0035 0.6441
vn 1.0000 0.0009 -0.0000
vn 1.0000 0.0003 -0.0002
vn -0.8826 -0.0757 0.4639
vn -0.7939 -0.0960 0.6004
vn 0.3128 0.1471 -0.9384
vn -0.0000 -0.0452 0.9990
vn -1.0000 0.0003 0.0001
vn 0.9116 0.2390 0.3344
vn 0.6178 0.4548 0.6415
vn 0.5789 0.5876 0.5653
vn 0.9009 0.3143 0.2993
vn 1.0000 0.0021 0.0001
vn 1.0000 0.0021 -0.0005
vn -0.0587 0.0444 -0.9973
vn -0.0855 0.0445 -0.9953
vn -0.2578 0.0106 -0.9661
vn -0.2179 0.0100 -0.9759
vn -1.0000 0.0007 0.0001
vn -1.0000 0.0017 -0.0002
vn -0.5041 -0.8637 -0.0000
vn -0.4577 -0.8248 0.3321
vn -0.0000 -0.9761 -0.2172
vn -0.0000 -1.0000 -0.0001
vn 0.0944 -0.9954 -0.0169
vn -0.1989 -0.9759 0.0896
vn -0.0000 0.1581 -0.9874
vn 0.2053 0.9787 -0.0003
vn 0.4509 0.8926 -0.0019
vn -0.2053 0.9787 -0.0003
vn -0.2035 0.9791 -0.0001
vn -0.4433 0.8964 -0.0011
vn -0.4509 0.8926 -0.0019
vn -1.0000 0.0011 -0.0000
vn -1.0000 0.0011 -0.0007
vn 0.1393 -0.7000 0.7005
vn 0.4577 -0.8248 0.3321
vn 0.4417 -0.6534 0.6148
vn 0.0259 0.0606 -0.9978
vn -0.6771 -0.0192 -0.7357
vn -0.6655 -0.0195 -0.7461
vn 1.0000 0.0006 0.0003
vn 1.0000 0.0008 0.0002
vn 0.0049 -1.0000 -0.0000
vn 0.0046 -1.0000 -0.0000
vn -0.1248 -0.0087 0.9921
vn -0.0264 0.0585 -0.9979
vn -0.0259 0.0606 -0.9978
vn 1.0000 0.0017 -0.0001
vn 1.0000 0.0027 0.0066
vn -0.7379 0.1053 -0.6667
vn -0.3128 0.1471 -0.9384
vn -0.9991 -0.0067 0.0416
vn -0.9999 -0.0023 0.0142
vn -0.9998 -0.0030 0.0184
vn -0.0000 -0.1585 0.9874
vn -0.0000 -0.1581 0.9874
vn -0.0000 -0.1572 0.9876
vn -0.2728 -0.6342 -0.7235
vn -0.2768 -0.7337 -0.6206
vn -0.0000 0.3617 -0.9323
vn -0.9116 0.2390 0.3344
vn 0.2066 0.4767 0.8544
vn 0.0033 -1.0000 -0.0017
vn 0.0005 -1.0000 -0.0003
vn 0.0020 -1.0000 -0.0010
vn 0.0587 0.0444 -0.9973
vn -0.0001 0.5548 -0.8320
vn -0.0000 0.5549 -0.8319
vn -0.0002 0.5547 -0.8320
vn -0.0000 0.1583 -0.9874
vn 1.0000 -0.0000 -0.0009
vn 1.0000 0.0006 -0.0008
vn -1.0000 0.0002 -0.0004
vn 0.4250 -0.1406 0.8942
vn 0.0847 -0.0036 0.9964
vn 0.1248 -0.0087 0.9921
vn -1.0000 0.0003 -0.0004
vn 1.0000 0.0001 -0.0001
vn 1.0000 0.0010 0.0010
vn -0.0656 -0.9238 -0.3773
vn -0.0406 -0.2252 -0.9735
vn -0.0604 -0.7973 -0.6006
vn -0.5267 -0.8468 0.0738
vn 0.0264 0.0585 -0.9979
vn 1.0000 0.0004 -0.0001
vn 0.8826 -0.0757 0.4639
vn -1.0000 0.0003 -0.0002
vn -0.0000 -0.1546 0.9880
vn -0.0000 -0.1544 0.9880
vn 1.0000 0.0001 -0.0002
vn -0.8741 -0.3594 -0.3269
vn -0.8914 -0.2768 -0.3589
vn -0.4250 -0.1406 0.8942
vn 0.1187 -0.0854 0.9893
vn 0.2210 -0.0886 0.9712
vn 0.5654 -0.0897 0.8199
vn 0.0014 0.1760 0.9844
vn 0.0014 0.1762 0.9844
vn 0.5941 -0.0852 0.7999
vn 0.2383 -0.0882 0.9672
vn 0.1379 -0.0852 0.9868
vn 0.1276 -0.0854 0.9881
vn 0.8914 -0.2768 -0.3589
vn -0.2171 -0.9100 0.3531
vn -0.5641 -0.7729 0.2904
vn -0.5406 -0.0957 0.8358
vn -0.5289 -0.1776 0.8299
vn -0.2058 -0.0888 0.9746
vn -0.1983 -0.1998 0.9596
vn -0.5553 -0.3911 0.7339
vn -0.2113 -0.4696 0.8572
vn -0.5723 -0.6183 0.5387
vn -0.2215 -0.7329 0.6432
vn -0.7317 -0.5832 0.3529
vn -0.6688 -0.4318 0.6052
vn -0.3345 -0.5802 0.7426
vn -0.3492 -0.8180 0.4571
vn -0.7174 -0.4281 0.5497
vn -0.3385 -0.5897 0.7332
vn -0.0000 0.1687 -0.9857
vn 0.5254 0.7953 -0.3026
vn -0.7389 -0.1752 -0.6507
vn -0.8155 -0.4750 -0.3308
vn -0.4081 -0.2389 -0.8811
vn -0.5203 -0.6918 -0.5008
vn -0.1752 -0.2387 -0.9552
vn -0.2468 -0.7781 -0.5777
vn -0.8683 -0.4605 -0.1845
vn -0.5694 -0.7641 -0.3031
vn -0.2725 -0.8926 -0.3593
vn -0.5789 -0.6132 -0.5374
vn -0.5815 -0.5167 -0.6284
vn 1.0000 0.0004 -0.0003
vn -0.0014 0.1760 0.9844
vn -0.0014 0.1762 0.9844
vn 0.9998 -0.0030 0.0184
vn 0.2253 0.9080 -0.3534
vn 0.7184 0.4121 -0.5605
vn 0.5423 0.0756 -0.8368
vn 0.2302 0.0638 -0.9710
vn 0.4566 0.1250 -0.8809
vn 0.1979 0.1396 -0.9702
vn 0.4959 0.4036 -0.7689
vn 0.2201 0.4682 -0.8558
vn 0.5339 0.6351 -0.5582
vn 0.2281 0.7316 -0.6425
vn 0.7908 0.5060 -0.3444
vn 0.3713 0.6050 -0.7043
vn 0.4254 0.7780 -0.4624
vn 0.7365 0.3905 -0.5523
vn 0.3492 0.5640 -0.7483
vn 0.1750 -0.9845 -0.0082
vn 0.1254 -0.9895 -0.0718
vn 0.1197 -0.9897 -0.0790
vn -0.0046 -1.0000 -0.0000
vn -0.0049 -1.0000 -0.0000
vn -1.0000 0.0021 0.0001
vn 0.0643 -0.9883 -0.1384
vn 0.0582 -0.9881 -0.1422
vn -0.0000 0.1584 -0.9874
vn -0.0695 0.5797 0.8119
vn 1.0000 0.0011 -0.0013
vn -0.4417 -0.6534 0.6148
vn -1.0000 0.0030 -0.0004
vn 0.9991 -0.0067 0.0416
vn -0.0000 -0.9874 -0.1581
vn -0.0003 -1.0000 -0.0027
vn 0.0003 0.5546 -0.8321
vn 0.0002 0.5547 -0.8320
vn 0.0001 0.5548 -0.8320
vn -0.0000 -0.1556 0.9878
vn -0.0006 -1.0000 -0.0059
vn -1.0000 0.0004 0.0003
vn 1.0000 0.0011 -0.0000
vn -0.0000 0.1540 -0.9881
vn -0.1187 -0.0854 0.9893
vn -0.2210 -0.0886 0.9712
vn -0.5654 -0.0897 0.8199
vn -0.0050 -0.9989 -0.0476
vn -0.0026 -0.9798 0.1998
vn -0.2383 -0.0882 0.9672
vn -0.5941 -0.0852 0.7999
vn -0.1276 -0.0854 0.9881
vn -0.1379 -0.0852 0.9868
vn -0.0000 0.9952 0.0980
vn -0.0000 0.9952 -0.0980
vn 0.7863 0.6179 -0.0000
vn -0.0003 0.5546 -0.8321
vn 0.0177 -0.9998 -0.0037
vn -0.0003 -1.0000 -0.0006
vn -0.0944 -0.9954 -0.0169
vn 0.0003 -1.0000 -0.0006
vn -0.0177 -0.9998 -0.0037
vt 0.023651 0.279993
vt 0.360128 0.899019
vt 0.681468 0.009306
vt 0.884886 0.358651
vt 0.110225 0.165631
vt 0.681457 0.013614
vt 0.880812 0.360048
vt 0.116824 0.157933
vt 0.600880 0.009199
vt 0.116878 0.151625
vt 0.030673 0.279996
vt 0.367090 0.898103
vt 0.681433 0.022886
vt 0.871542 0.360286
vt 0.107983 0.172553
vt 0.037696 0.280000
vt 0.373578 0.895415
vt 0.859586 0.358443
vt 0.681401 0.034984
vt 0.105597 0.190862
vt 0.849108 0.353377
vt 0.681370 0.046622
vt 0.681355 0.052437
vt 0.845133 0.349132
vt 0.601314 0.208566
vt 0.729790 0.205108
vt 0.681344 0.056498
vt 0.844412 0.345136
vt 0.044718 0.280003
vt 0.379150 0.891140
vt 0.601333 0.216804
vt 0.731416 0.196991
vt 0.681331 0.061395
vt 0.844736 0.340250
vt 0.051741 0.280006
vt 0.383425 0.885569
vt 0.681312 0.068771
vt 0.846877 0.333191
vt 0.734751 0.187961
vt 0.601357 0.226353
vt 0.737764 0.179722
vt 0.601377 0.234856
vt 0.681264 0.086945
vt 0.853777 0.316378
vt 0.737764 0.003906
vt 0.423673 0.627820
vt 0.601376 0.410359
vt 0.681226 0.101389
vt 0.861232 0.304006
vt 0.058763 0.280009
vt 0.386112 0.879081
vt 0.342742 0.017301
vt 0.681226 0.164962
vt 0.065785 0.280012
vt 0.387029 0.872119
vt 0.681254 0.112177
vt 0.869321 0.296869
vt 0.723150 0.162512
vt 0.681331 0.118871
vt 0.875825 0.295282
vt 0.030414 0.151625
vt 0.601074 0.098911
vt 0.681410 0.125691
vt 0.882645 0.295282
vt 0.764294 0.375062
vt 0.020911 0.552796
vt 0.274671 0.807414
vt 0.048185 0.849732
vt 0.681226 0.189991
vt 0.334612 0.041055
vt 0.339451 0.023705
vt 0.681226 0.172132
vt 0.071858 0.877939
vt 0.328123 0.237026
vt 0.073700 0.881242
vt 0.331293 0.237023
vt 0.331327 0.041054
vt 0.328161 0.003915
vt 0.298633 0.768949
vt 0.331326 0.003915
vt 0.299927 0.766060
vt 0.334611 0.003915
vt 0.302750 0.764378
vt 0.681226 0.151416
vt 0.310658 0.762518
vt 0.342742 0.003915
vt 0.058556 0.845276
vt 0.297851 0.221569
vt 0.048378 0.841853
vt 0.287762 0.221569
vt 0.054155 0.842950
vt 0.293113 0.221569
vt 0.774671 0.538739
vt 0.020911 0.721156
vt 0.287762 0.167602
vt 0.307495 0.763426
vt 0.339451 0.003915
vt 0.310367 0.041048
vt 0.287762 0.041042
vt 0.774671 0.412193
vt 0.293141 0.041042
vt 0.322418 0.003915
vt 0.297771 0.774641
vt 0.318491 0.003915
vt 0.296708 0.778432
vt 0.314410 0.003915
vt 0.295078 0.782175
vt 0.310365 0.003915
vt 0.293202 0.785754
vt 0.304999 0.003915
vt 0.289900 0.789973
vt 0.297905 0.003915
vt 0.284324 0.794342
vt 0.287762 0.003915
vt 0.774671 0.375062
vt 0.274672 0.797040
vt 0.293141 0.003915
vt 0.279987 0.796288
vt 0.804145 0.003934
vt 0.120883 0.154224
vt 0.596686 0.006132
vt 0.598762 0.007107
vt 0.119540 0.151625
vt 0.118765 0.158961
vt 0.123252 0.160418
vt 0.130175 0.161351
vt 0.113718 0.161187
vt 0.129530 0.166635
vt 0.121504 0.165171
vt 0.116177 0.162849
vt 0.129021 0.170993
vt 0.120040 0.169529
vt 0.113708 0.167307
vt 0.128752 0.175869
vt 0.119209 0.174853
vt 0.112220 0.173505
vt 0.107684 0.181207
vt 0.128592 0.183351
vt 0.118835 0.182648
vt 0.111880 0.181764
vt 0.128125 0.192934
vt 0.117659 0.192293
vt 0.110177 0.191466
vt 0.104496 0.195349
vt 0.109204 0.195475
vt 0.116997 0.195849
vt 0.127873 0.196199
vt 0.056843 0.878989
vt 0.064046 0.879024
vt 0.069269 0.878826
vt 0.057155 0.882573
vt 0.064627 0.882424
vt 0.070249 0.882049
vt 0.075558 0.884541
vt 0.334582 0.237023
vt 0.102280 0.201061
vt 0.107297 0.201061
vt 0.071911 0.884541
vt 0.115800 0.201061
vt 0.066140 0.884541
vt 0.127334 0.201061
vt 0.057973 0.884541
vt 0.071516 0.869276
vt 0.322372 0.231309
vt 0.069238 0.870589
vt 0.064119 0.871027
vt 0.056790 0.871107
vt 0.071533 0.861728
vt 0.318440 0.224832
vt 0.056642 0.863657
vt 0.064083 0.863538
vt 0.069246 0.863021
vt 0.070043 0.857320
vt 0.314351 0.222522
vt 0.056079 0.858524
vt 0.063105 0.858456
vt 0.067883 0.858124
vt 0.067946 0.853723
vt 0.310298 0.221569
vt 0.066150 0.854097
vt 0.061825 0.854214
vt 0.055379 0.854146
vt 0.064327 0.849664
vt 0.304918 0.221569
vt 0.054140 0.849806
vt 0.059369 0.849871
vt 0.062891 0.849851
vt 0.057590 0.845458
vt 0.055363 0.845419
vt 0.052161 0.845325
vt 0.048378 0.842474
vt 0.048378 0.843235
vt 0.048378 0.844181
vt 0.048378 0.845252
vt 0.050481 0.844530
vt 0.052307 0.843906
vt 0.053577 0.843407
vt 0.600992 0.061281
vt 0.067629 0.151625
vt 0.727672 0.169219
vt 0.728681 0.163968
vt 0.681226 0.179922
vt 0.337031 0.031168
vt 0.733559 0.170607
vt 0.731341 0.177346
vt 0.134594 0.201061
vt 0.053124 0.884541
vt 0.873819 0.719684
vt 0.134594 0.196248
vt 0.876397 0.724746
vt 0.134594 0.166856
vt 0.877613 0.756626
vt 0.880666 0.760952
vt 0.134594 0.161000
vt 0.134594 0.171243
vt 0.876208 0.752484
vt 0.134594 0.176038
vt 0.876583 0.747231
vt 0.134594 0.183436
vt 0.877872 0.739076
vt 0.053124 0.882667
vt 0.872643 0.718028
vt 0.053124 0.879036
vt 0.870499 0.714768
vt 0.053124 0.863704
vt 0.858234 0.705127
vt 0.053124 0.871162
vt 0.864740 0.708971
vt 0.053124 0.858563
vt 0.854679 0.701344
vt 0.852170 0.697320
vt 0.984988 0.229380
vt 0.053124 0.853712
vt 0.134594 0.193049
vt 0.877450 0.728393
vt 0.596732 0.006530
vt 0.806939 0.003906
vt 0.121502 0.151625
vt 0.310658 0.742351
vt 0.701153 0.150751
vt 0.252551 0.426679
vt 0.234625 0.426679
vt 0.298561 0.729188
vt 0.305078 0.735783
vt 0.243915 0.426679
vt 0.402424 0.623631
vt 0.234625 0.279984
vt 0.407063 0.616758
vt 0.226317 0.279984
vt 0.395829 0.630148
vt 0.243915 0.279984
vt 0.217408 0.279988
vt 0.411255 0.608917
vt 0.414707 0.591560
vt 0.199591 0.279998
vt 0.208499 0.279993
vt 0.413836 0.600408
vt 0.701153 0.003943
vt 0.389261 0.635728
vt 0.252551 0.279984
vt 0.737764 0.043828
vt 0.601376 0.370431
vt 0.729069 0.054287
vt 0.733562 0.054283
vt 0.723081 0.054356
vt 0.234625 0.319990
vt 0.243915 0.319990
vt 0.701153 0.043847
vt 0.252551 0.319990
vt 0.733482 0.033421
vt 0.718959 0.003933
vt 0.406863 0.635728
vt 0.718971 0.033471
vt 0.806681 0.096296
vt 0.596931 0.098920
vt 0.596850 0.061290
vt 0.806786 0.058666
vt 0.642711 0.022231
vt 0.770425 0.188570
vt 0.768741 0.905383
vt 0.803887 0.096288
vt 0.596905 0.098486
vt 0.596814 0.060856
vt 0.803992 0.058658
vt 0.123645 0.154224
vt 0.592760 0.004909
vt 0.642711 0.047040
vt 0.593221 0.195740
vt 0.745616 0.188570
vt 0.879090 0.766379
vt 0.134594 0.154224
vt 0.578042 0.003920
vt 0.187172 0.988123
vt 0.783017 0.359240
vt 0.160211 0.926502
vt 0.187172 0.973408
vt 0.174926 0.926502
vt 0.869171 0.726622
vt 0.297904 0.064921
vt 0.331327 0.068498
vt 0.293141 0.064920
vt 0.846870 0.699297
vt 0.990620 0.229380
vt 0.050110 0.962883
vt 0.846870 0.714289
vt 0.185458 0.903923
vt 0.065039 0.962883
vt 0.130443 0.154224
vt 0.583683 0.003907
vt 0.745616 0.370441
vt 0.160211 0.965544
vt 0.592781 0.013870
vt 0.578066 0.013905
vt 0.174926 0.965544
vt 0.869171 0.766379
vt 0.804123 0.011662
vt 0.596702 0.013860
vt 0.296363 0.456721
vt 0.177906 0.973408
vt 0.859970 0.726622
vt 0.308814 0.456721
vt 0.198515 0.903923
vt 0.859970 0.714289
vt 0.296363 0.442006
vt 0.177906 0.988123
vt 0.783017 0.349973
vt 0.308814 0.442006
vt 0.795467 0.349973
vt 0.198515 0.918638
vt 0.592894 0.060353
vt 0.745616 0.323957
vt 0.745616 0.285814
vt 0.592986 0.098496
vt 0.044711 0.296417
vt 0.023643 0.296408
vt 0.654322 0.320381
vt 0.217417 0.296360
vt 0.107045 0.452943
vt 0.228374 0.319990
vt 0.659662 0.329925
vt 0.107034 0.476531
vt 0.228374 0.296356
vt 0.199599 0.296370
vt 0.650870 0.303024
vt 0.208508 0.296365
vt 0.651741 0.311873
vt 0.030644 0.346428
vt 0.273147 0.792780
vt 0.023621 0.346425
vt 0.266175 0.793696
vt 0.228374 0.426679
vt 0.107092 0.346462
vt 0.293391 0.725697
vt 0.279664 0.790131
vt 0.037666 0.346431
vt 0.051711 0.346438
vt 0.289644 0.780393
vt 0.044689 0.346435
vt 0.285286 0.785908
vt 0.292426 0.773953
vt 0.058733 0.346441
vt 0.293391 0.767022
vt 0.065756 0.346444
vt 0.124732 0.452951
vt 0.592016 0.370431
vt 0.592017 0.234856
vt 0.124792 0.317376
vt 0.795467 0.323957
vt 0.172499 0.918638
vt 0.130203 0.923614
vt 0.124792 0.476539
vt 0.641904 0.329891
vt 0.591983 0.394019
vt 0.591923 0.195743
vt 0.113377 0.280033
vt 0.641413 0.047040
vt 0.122092 0.309337
vt 0.591997 0.226376
vt 0.591974 0.216826
vt 0.118558 0.300466
vt 0.591954 0.208589
vt 0.116730 0.292434
vt 0.051733 0.296420
vt 0.065778 0.296427
vt 0.058756 0.296424
vt 0.770425 0.285814
vt 0.768741 0.854493
vt 0.037688 0.296414
vt 0.030666 0.296411
vt 0.768741 0.834531
vt 0.770425 0.323957
vt 0.105160 0.923614
vt 0.088569 0.280022
vt 0.641413 0.022231
vt 0.387029 0.849336
vt 0.768061 0.905383
vt 0.020911 0.717373
vt 0.773881 0.535039
vt 0.020911 0.713513
vt 0.771632 0.531903
vt 0.766898 0.529554
vt 0.020911 0.708229
vt 0.020911 0.704156
vt 0.764294 0.526422
vt 0.764971 0.527236
vt 0.020911 0.705215
vt 0.764294 0.412193
vt 0.020911 0.589928
vt 0.596748 0.014294
vt 0.806917 0.011670
vt 0.806410 0.193541
vt 0.597141 0.196164
vt 0.806939 0.205941
vt 0.597171 0.208576
vt 0.803616 0.193533
vt 0.597140 0.195731
vt 0.068423 0.172471
vt 0.683882 0.101098
vt 0.305001 0.041047
vt 0.297906 0.041046
vt 0.328162 0.041053
vt 0.331327 0.031167
vt 0.334612 0.031167
vt 0.322420 0.041051
vt 0.318493 0.041050
vt 0.314412 0.041049
vt 0.331327 0.023705
vt 0.334611 0.023705
vt 0.803639 0.185234
vt 0.597120 0.187432
vt 0.695085 0.331714
vt 0.687941 0.338917
vt 0.529625 0.009198
vt 0.681226 0.338929
vt 0.016628 0.279984
vt 0.353166 0.898103
vt 0.701932 0.329464
vt 0.009606 0.280000
vt 0.346678 0.895415
vt 0.719946 0.326674
vt 0.374589 0.560933
vt 0.528918 0.208566
vt 0.375769 0.569088
vt 0.528898 0.216804
vt 0.378582 0.578218
vt 0.528875 0.226353
vt 0.528854 0.234856
vt 0.381082 0.586321
vt 0.381082 0.761172
vt 0.423673 0.555299
vt 0.528855 0.410359
vt 0.632376 0.573439
vt 0.334144 0.879081
vt 0.215753 0.017307
vt 0.324893 0.599162
vt 0.333227 0.872119
vt 0.625358 0.573439
vt 0.366485 0.603254
vt 0.529299 0.098909
vt 0.681226 0.252077
vt 0.591769 0.811355
vt 0.003906 0.552796
vt 0.257668 0.807414
vt 0.031337 0.849742
vt 0.223884 0.041058
vt 0.325078 0.573897
vt 0.219044 0.023711
vt 0.324562 0.591810
vt 0.591769 0.763809
vt 0.003906 0.600342
vt 0.007607 0.877651
vt 0.230390 0.237024
vt 0.005764 0.880967
vt 0.227219 0.237024
vt 0.230369 0.167602
vt 0.227208 0.167602
vt 0.729902 0.253006
vt 0.223927 0.167602
vt 0.227169 0.041058
vt 0.138189 0.451346
vt 0.227168 0.003924
vt 0.223884 0.003924
vt 0.137250 0.448073
vt 0.215753 0.003924
vt 0.132686 0.441097
vt 0.323888 0.612742
vt 0.021296 0.844984
vt 0.260666 0.221569
vt 0.270756 0.221569
vt 0.031308 0.841865
vt 0.265405 0.221569
vt 0.025725 0.842869
vt 0.236103 0.167602
vt 0.240024 0.167602
vt 0.244097 0.167602
vt 0.248133 0.167602
vt 0.253487 0.167602
vt 0.260590 0.167602
vt 0.270756 0.167602
vt 0.003906 0.721156
vt 0.602146 0.647678
vt 0.265365 0.167602
vt 0.219044 0.003924
vt 0.134382 0.443997
vt 0.270756 0.003906
vt 0.602146 0.811355
vt 0.257671 0.797033
vt 0.817711 0.003934
vt 0.533546 0.006131
vt 0.683634 0.342784
vt 0.531746 0.007109
vt 0.681226 0.341376
vt 0.688688 0.340725
vt 0.689926 0.344946
vt 0.690752 0.351706
vt 0.690643 0.335275
vt 0.696019 0.351026
vt 0.694637 0.343100
vt 0.692428 0.337807
vt 0.700338 0.350492
vt 0.698907 0.341545
vt 0.696752 0.335222
vt 0.705139 0.350248
vt 0.704145 0.340677
vt 0.702849 0.333676
vt 0.710519 0.328978
vt 0.712519 0.349994
vt 0.711776 0.340186
vt 0.710960 0.333187
vt 0.721896 0.349520
vt 0.721247 0.338974
vt 0.720450 0.331382
vt 0.724308 0.325541
vt 0.724380 0.330399
vt 0.724755 0.338309
vt 0.725111 0.349265
vt 0.022663 0.878735
vt 0.015432 0.878757
vt 0.010198 0.878547
vt 0.022350 0.882310
vt 0.014849 0.882157
vt 0.009217 0.881777
vt 0.223927 0.237023
vt 0.003906 0.884274
vt 0.729902 0.323265
vt 0.729902 0.328449
vt 0.007553 0.884274
vt 0.729902 0.337092
vt 0.013331 0.884274
vt 0.729902 0.348717
vt 0.021529 0.884274
vt 0.236142 0.231308
vt 0.007955 0.868946
vt 0.010231 0.870282
vt 0.015359 0.870755
vt 0.022715 0.870872
vt 0.240075 0.224831
vt 0.007964 0.861340
vt 0.022862 0.863453
vt 0.015406 0.863251
vt 0.010246 0.862669
vt 0.244165 0.222522
vt 0.009495 0.856907
vt 0.023431 0.858361
vt 0.016406 0.858165
vt 0.011640 0.857750
vt 0.011643 0.853297
vt 0.248218 0.221569
vt 0.013425 0.853709
vt 0.017729 0.853924
vt 0.024147 0.854042
vt 0.015358 0.849249
vt 0.253598 0.221569
vt 0.025452 0.849725
vt 0.020273 0.849614
vt 0.016778 0.849480
vt 0.022232 0.845215
vt 0.024424 0.845279
vt 0.027605 0.845296
vt 0.031308 0.842486
vt 0.031308 0.843246
vt 0.031308 0.844189
vt 0.031308 0.845256
vt 0.029260 0.844517
vt 0.027495 0.843877
vt 0.026270 0.843347
vt 0.371027 0.596705
vt 0.371970 0.601856
vt 0.221464 0.031172
vt 0.324729 0.584032
vt 0.376859 0.595306
vt 0.374820 0.588633
vt 0.704368 0.850687
vt 0.729902 0.356039
vt 0.026400 0.884274
vt 0.701940 0.855760
vt 0.725159 0.356039
vt 0.696201 0.356039
vt 0.701222 0.887255
vt 0.690386 0.356039
vt 0.697938 0.891246
vt 0.700525 0.356039
vt 0.702556 0.883235
vt 0.705311 0.356039
vt 0.702138 0.877885
vt 0.712586 0.356039
vt 0.700796 0.869871
vt 0.705346 0.848669
vt 0.026400 0.882404
vt 0.707450 0.845078
vt 0.026400 0.878782
vt 0.026400 0.863515
vt 0.719823 0.835238
vt 0.713248 0.839180
vt 0.026400 0.870932
vt 0.026400 0.858425
vt 0.723385 0.831449
vt 0.984988 0.256348
vt 0.725899 0.827424
vt 0.026400 0.853712
vt 0.701085 0.859343
vt 0.722008 0.356039
vt 0.814921 0.003906
vt 0.533777 0.006535
vt 0.681226 0.343361
vt 0.146902 0.426209
vt 0.344351 0.614256
vt 0.164485 0.425397
vt 0.155413 0.425545
vt 0.402424 0.559488
vt 0.164556 0.280021
vt 0.407063 0.566361
vt 0.172864 0.280012
vt 0.395829 0.552971
vt 0.155276 0.280030
vt 0.411255 0.574203
vt 0.181773 0.280008
vt 0.413836 0.582711
vt 0.190682 0.280003
vt 0.389261 0.547391
vt 0.146653 0.280039
vt 0.344660 0.761307
vt 0.528855 0.370431
vt 0.381066 0.720879
vt 0.372349 0.710432
vt 0.376853 0.710446
vt 0.366280 0.710353
vt 0.164617 0.319971
vt 0.155304 0.319979
vt 0.146695 0.319989
vt 0.344352 0.721009
vt 0.376799 0.731378
vt 0.406863 0.547391
vt 0.362368 0.761208
vt 0.362292 0.731391
vt 0.814921 0.096294
vt 0.533442 0.098924
vt 0.739226 0.905383
vt 0.770659 0.003906
vt 0.019951 0.062526
vt 0.533326 0.098486
vt 0.817715 0.096291
vt 0.537471 0.004909
vt 0.683634 0.345443
vt 0.795467 0.003906
vt 0.019951 0.037718
vt 0.537010 0.195740
vt 0.552189 0.003920
vt 0.683634 0.356039
vt 0.698539 0.897098
vt 0.198477 0.839610
vt 0.182821 0.965544
vt 0.758067 0.174576
vt 0.198477 0.854325
vt 0.197536 0.965544
vt 0.709372 0.856845
vt 0.236072 0.070357
vt 0.230330 0.070361
vt 0.239999 0.070355
vt 0.227166 0.070361
vt 0.602146 0.752959
vt 0.270756 0.062306
vt 0.990620 0.256348
vt 0.731214 0.829396
vt 0.050110 0.989852
vt 0.185458 0.876954
vt 0.731214 0.844396
vt 0.065039 0.989852
vt 0.546548 0.003906
vt 0.683634 0.351971
vt 0.537450 0.013870
vt 0.182821 0.926502
vt 0.795467 0.185777
vt 0.552165 0.013905
vt 0.197536 0.926502
vt 0.709372 0.897098
vt 0.817715 0.011662
vt 0.533529 0.013860
vt 0.073865 0.820603
vt 0.189211 0.854325
vt 0.718210 0.856845
vt 0.061415 0.820603
vt 0.198515 0.876954
vt 0.718210 0.844396
vt 0.073865 0.805888
vt 0.189211 0.839610
vt 0.758067 0.165310
vt 0.061415 0.805888
vt 0.745616 0.165310
vt 0.198515 0.862239
vt 0.537245 0.098495
vt 0.795467 0.101151
vt 0.181782 0.296380
vt 0.654322 0.285667
vt 0.170842 0.319970
vt 0.583899 0.746352
vt 0.659662 0.276124
vt 0.170825 0.296387
vt 0.583899 0.769927
vt 0.190691 0.296375
vt 0.651741 0.294176
vt 0.170768 0.426019
vt 0.583899 0.639856
vt 0.538215 0.370431
vt 0.566210 0.746358
vt 0.538214 0.234856
vt 0.566210 0.610746
vt 0.745616 0.139294
vt 0.172499 0.862239
vt 0.130203 0.867215
vt 0.566210 0.769958
vt 0.641904 0.276157
vt 0.538249 0.394019
vt 0.538308 0.195743
vt 0.018652 0.037718
vt 0.577701 0.573439
vt 0.568927 0.602706
vt 0.538234 0.226376
vt 0.572483 0.593841
vt 0.538257 0.216826
vt 0.574330 0.585814
vt 0.538277 0.208589
vt 0.739226 0.854493
vt 0.770659 0.101151
vt 0.739226 0.834531
vt 0.770659 0.139294
vt 0.105160 0.867215
vt 0.333227 0.849336
vt 0.739906 0.905383
vt 0.018652 0.062526
vt 0.602534 0.573439
vt 0.003906 0.717373
vt 0.601356 0.651378
vt 0.003906 0.713513
vt 0.599107 0.654514
vt 0.594373 0.656863
vt 0.003906 0.708229
vt 0.003906 0.704156
vt 0.591769 0.659995
vt 0.227169 0.057960
vt 0.231120 0.057089
vt 0.092505 0.370811
vt 0.223884 0.057960
vt 0.326439 0.557045
vt 0.227169 0.049928
vt 0.270756 0.051456
vt 0.602146 0.763809
vt 0.223884 0.049928
vt 0.325792 0.565053
vt 0.592446 0.659181
vt 0.003906 0.705215
vt 0.814921 0.010594
vt 0.533753 0.013221
vt 0.814921 0.205989
vt 0.533060 0.208576
vt 0.817899 0.193491
vt 0.533091 0.195730
vt 0.227168 0.031172
vt 0.223884 0.031172
vt 0.227168 0.023711
vt 0.223884 0.023711
vt 0.533112 0.189809
vt 0.814921 0.187209
vt 0.092505 0.396080
vt 0.229983 0.031778
vt 0.137239 0.454128
vt 0.092505 0.425063
vt 0.229983 0.003924
vt 0.270119 0.003906
vt 0.921982 0.269260
vt 0.257041 0.796940
vt 0.017734 0.294136
vt 0.916175 0.320815
vt 0.916175 0.316082
vt 0.018530 0.298877
vt 0.621638 0.610790
vt 0.085499 0.396080
vt 0.015602 0.289714
vt 0.916175 0.325685
vt 0.012901 0.286503
vt 0.916175 0.328899
vt 0.009615 0.283966
vt 0.916175 0.334088
vt 0.085499 0.370811
vt 0.623081 0.586726
vt 0.621681 0.592340
vt 0.085499 0.376665
vt 0.621617 0.639856
vt 0.145048 0.454000
vt 0.085499 0.425063
vt 0.916175 0.269260
vt 0.018509 0.346423
vt 0.261106 0.793028
vt 0.267019 0.060614
vt 0.921982 0.325685
vt 0.265379 0.062306
vt 0.921982 0.328899
vt 0.092505 0.361727
vt 0.236068 0.063923
vt 0.092505 0.357132
vt 0.239997 0.066762
vt 0.921982 0.334088
vt 0.260616 0.066572
vt 0.232941 0.060630
vt 0.092505 0.366645
vt 0.270119 0.051456
vt 0.921982 0.316082
vt 0.269331 0.056196
vt 0.921982 0.320815
vt 0.229984 0.051473
vt 0.092505 0.376665
vt 0.085499 0.366645
vt 0.625238 0.583097
vt 0.085499 0.361727
vt 0.628787 0.579398
vt 0.085499 0.357132
vt 0.632376 0.577182
vt 0.891340 0.006375
vt 0.242064 0.070354
vt 0.896361 0.101474
vt 0.003906 0.280012
vt 0.342156 0.891946
vt 0.635236 0.573439
vt 0.335238 0.881724
vt 0.897293 0.006263
vt 0.890124 0.102657
vt 0.921982 0.340445
vt 0.254596 0.069225
vt 0.891340 0.003906
vt 0.092505 0.354324
vt 0.242063 0.067820
vt 0.890124 0.053662
vt 0.248148 0.114521
vt 0.251484 0.113728
vt 0.890124 0.057073
vt 0.253517 0.111764
vt 0.890124 0.059880
vt 0.890124 0.063412
vt 0.254592 0.108398
vt 0.890855 0.050058
vt 0.244683 0.113296
vt 0.891340 0.044385
vt 0.242083 0.108406
vt 0.891340 0.047588
vt 0.242943 0.111482
vt 0.897266 0.003906
vt 0.635236 0.575744
vt 0.085499 0.354324
vt 0.896372 0.102657
vt 0.003909 0.281211
vt 0.916175 0.340445
vt 0.950090 0.977995
vt 0.593351 0.947485
vt 0.599824 0.195018
vt 0.023567 0.941586
vt 0.334611 0.070526
vt 0.532255 0.911180
vt 0.025086 0.941586
vt 0.947158 0.426572
vt 0.332915 0.070313
vt 0.951609 0.930412
vt 0.334612 0.059761
vt 0.681226 0.208641
vt 0.950812 0.426129
vt 0.965327 0.003906
vt 0.332916 0.066630
vt 0.950090 0.930412
vt 0.599373 0.897805
vt 0.332916 0.059547
vt 0.003906 0.989146
vt 0.595718 0.898248
vt 0.332916 0.063231
vt 0.005425 0.989146
vt 0.613848 0.704012
vt 0.334612 0.063444
vt 0.610447 0.704012
vt 0.966846 0.003906
vt 0.334612 0.066844
vt 0.976677 0.051489
vt 0.949829 0.658745
vt 0.332914 0.073712
vt 0.975158 0.051489
vt 0.334611 0.073926
vt 0.528854 0.911180
vt 0.951609 0.977995
vt 0.729629 0.218669
vt 0.601281 0.195015
vt 0.003906 0.941586
vt 0.589803 0.947915
vt 0.599816 0.191444
vt 0.005425 0.941586
vt 0.613848 0.752440
vt 0.601273 0.191441
vt 0.601105 0.113584
vt 0.968768 0.863699
vt 0.015624 0.151625
vt 0.610447 0.752440
vt 0.966846 0.051489
vt 0.601266 0.187937
vt 0.023567 0.989145
vt 0.532255 0.959608
vt 0.601258 0.184363
vt 0.975158 0.003906
vt 0.528854 0.959608
vt 0.601250 0.180859
vt 0.956932 0.528507
vt 0.966802 0.974546
vt 0.601243 0.177285
vt 0.953531 0.528507
vt 0.973192 0.336586
vt 0.601235 0.173781
vt 0.971226 0.638532
vt 0.949559 0.866256
vt 0.601228 0.170207
vt 0.946158 0.866256
vt 0.974711 0.328722
vt 0.601220 0.166704
vt 0.958898 0.922548
vt 0.925558 0.911645
vt 0.601212 0.163129
vt 0.759914 0.107780
vt 0.955497 0.922548
vt 0.601205 0.159626
vt 0.959390 0.753673
vt 0.556379 0.877038
vt 0.601197 0.156051
vt 0.976677 0.217829
vt 0.955988 0.753673
vt 0.601189 0.152548
vt 0.297346 0.989026
vt 0.962339 0.472215
vt 0.601182 0.148974
vt 0.976677 0.273276
vt 0.958937 0.472215
vt 0.601174 0.145470
vt 0.963322 0.641090
vt 0.978151 0.926987
vt 0.601166 0.141896
vt 0.959920 0.641090
vt 0.892134 0.967593
vt 0.601159 0.138392
vt 0.974666 0.495015
vt 0.954966 0.809965
vt 0.601151 0.134818
vt 0.968812 0.752828
vt 0.951565 0.809965
vt 0.601144 0.131314
vt 0.601136 0.127740
vt 0.961356 0.697381
vt 0.972744 0.392032
vt 0.968812 0.808275
vt 0.601128 0.124236
vt 0.957954 0.697381
vt 0.761797 0.052333
vt 0.318526 0.941467
vt 0.601121 0.120662
vt 0.758396 0.052333
vt 0.966846 0.272827
vt 0.601113 0.117158
vt 0.953531 0.480079
vt 0.973192 0.384168
vt 0.334608 0.081006
vt 0.956932 0.480079
vt 0.966802 0.926987
vt 0.334608 0.077607
vt 0.946158 0.817829
vt 0.974711 0.281140
vt 0.334605 0.088086
vt 0.958898 0.874121
vt 0.925558 0.959205
vt 0.334603 0.091767
vt 0.971226 0.590973
vt 0.949559 0.817829
vt 0.334605 0.084687
vt 0.959390 0.705246
vt 0.556379 0.829479
vt 0.334600 0.098846
vt 0.759914 0.060198
vt 0.955497 0.874121
vt 0.334603 0.095165
vt 0.297346 0.941467
vt 0.962339 0.423788
vt 0.334597 0.105923
vt 0.976677 0.225694
vt 0.958937 0.423788
vt 0.334597 0.109321
vt 0.976677 0.170247
vt 0.955988 0.705246
vt 0.334600 0.102244
vt 0.959920 0.592663
vt 0.892134 0.920010
vt 0.334594 0.116398
vt 0.963322 0.592663
vt 0.978151 0.974546
vt 0.334594 0.113000
vt 0.968812 0.705246
vt 0.951565 0.761537
vt 0.334592 0.123474
vt 0.961356 0.648954
vt 0.972744 0.439592
vt 0.334589 0.127151
vt 0.974666 0.447456
vt 0.954966 0.761537
vt 0.334592 0.120076
vt 0.761797 0.003906
vt 0.318526 0.989026
vt 0.334587 0.134225
vt 0.968812 0.760693
vt 0.957954 0.648954
vt 0.334589 0.130549
vt 0.758396 0.003906
vt 0.966846 0.225245
vt 0.334587 0.137622
vt 0.334587 0.141298
vt 0.968768 0.816140
vt 0.003906 0.199703
vt 0.721531 0.905849
vt 0.599648 0.113587
vt 0.970287 0.863699
vt 0.944791 0.475810
vt 0.965327 0.051489
vt 0.599809 0.187940
vt 0.025086 0.989145
vt 0.941243 0.476240
vt 0.599801 0.184366
vt 0.976677 0.003906
vt 0.943808 0.708426
vt 0.599793 0.180863
vt 0.968321 0.974546
vt 0.940259 0.708856
vt 0.599786 0.177288
vt 0.941842 0.767355
vt 0.974711 0.336586
vt 0.599778 0.173785
vt 0.972744 0.638532
vt 0.938293 0.767785
vt 0.599770 0.170210
vt 0.973192 0.328722
vt 0.285658 0.321658
vt 0.599763 0.166707
vt 0.924039 0.911645
vt 0.282109 0.322085
vt 0.599755 0.163132
vt 0.758396 0.107780
vt 0.941350 0.927594
vt 0.599747 0.159629
vt 0.937802 0.928024
vt 0.557898 0.877038
vt 0.599740 0.156055
vt 0.233065 0.484215
vt 0.975158 0.217829
vt 0.599732 0.152551
vt 0.298865 0.989026
vt 0.229516 0.484642
vt 0.599724 0.148977
vt 0.975158 0.273276
vt 0.957106 0.053214
vt 0.599717 0.145473
vt 0.976632 0.926987
vt 0.953531 0.053214
vt 0.599709 0.141899
vt 0.810605 0.319605
vt 0.890616 0.967593
vt 0.599702 0.138395
vt 0.976185 0.495015
vt 0.807056 0.320031
vt 0.599694 0.134821
vt 0.945774 0.417849
vt 0.967293 0.752828
vt 0.599686 0.131317
vt 0.942226 0.418279
vt 0.599679 0.127743
vt 0.971226 0.392032
vt 0.967293 0.808275
vt 0.599671 0.124239
vt 0.182438 0.831616
vt 0.317007 0.941467
vt 0.178889 0.832042
vt 0.599663 0.120665
vt 0.725080 0.905419
vt 0.965327 0.272827
vt 0.599656 0.117162
vt 0.976185 0.447456
vt 0.813024 0.270370
vt 0.332896 0.119864
vt 0.951795 0.368169
vt 0.967293 0.705246
vt 0.332895 0.123260
vt 0.948141 0.368612
vt 0.971226 0.439592
vt 0.332894 0.126939
vt 0.967293 0.760693
vt 0.188511 0.781942
vt 0.332893 0.130335
vt 0.317007 0.989026
vt 0.184856 0.782381
vt 0.332892 0.134013
vt 0.731101 0.855738
vt 0.965327 0.225245
vt 0.332891 0.137408
vt 0.727447 0.856181
vt 0.332891 0.141086
vt 0.970287 0.816140
vt 0.968321 0.926987
vt 0.946175 0.659188
vt 0.332913 0.077394
vt 0.947863 0.717674
vt 0.974711 0.384168
vt 0.332912 0.080792
vt 0.972744 0.590973
vt 0.944209 0.718117
vt 0.332910 0.084474
vt 0.973192 0.281140
vt 0.291731 0.271984
vt 0.332909 0.087872
vt 0.924039 0.959205
vt 0.288076 0.272423
vt 0.332907 0.091554
vt 0.758396 0.060198
vt 0.947372 0.877913
vt 0.332906 0.094951
vt 0.943717 0.878356
vt 0.557898 0.829479
vt 0.332904 0.098633
vt 0.239138 0.434541
vt 0.975158 0.170247
vt 0.332903 0.102030
vt 0.975158 0.225694
vt 0.957106 0.003906
vt 0.332900 0.109107
vt 0.298865 0.941467
vt 0.235483 0.434980
vt 0.332901 0.105711
vt 0.976632 0.974546
vt 0.953531 0.003906
vt 0.332899 0.112788
vt 0.816678 0.269931
vt 0.890616 0.920010
vt 0.332898 0.116184
vt 0.824367 0.871892
vt 0.824796 0.977019
vt 0.530408 0.195019
vt 0.223881 0.070517
vt 0.610899 0.946253
vt 0.561339 0.941602
vt 0.826735 0.921129
vt 0.225576 0.063226
vt 0.977124 0.757244
vt 0.830389 0.921572
vt 0.225579 0.059544
vt 0.824796 0.929437
vt 0.326584 0.555253
vt 0.223884 0.059757
vt 0.823277 0.929437
vt 0.613848 0.808731
vt 0.223880 0.063438
vt 0.978643 0.757244
vt 0.610447 0.808731
vt 0.223880 0.066837
vt 0.339617 0.158361
vt 0.935627 0.505682
vt 0.225576 0.066624
vt 0.341136 0.158361
vt 0.559820 0.941602
vt 0.225577 0.070305
vt 0.931972 0.505243
vt 0.548068 0.829479
vt 0.935627 0.447873
vt 0.225578 0.073703
vt 0.223881 0.073916
vt 0.607498 0.946253
vt 0.546549 0.829479
vt 0.375117 0.547387
vt 0.823277 0.977019
vt 0.528951 0.195015
vt 0.820819 0.871462
vt 0.530421 0.191444
vt 0.977124 0.804803
vt 0.528963 0.191439
vt 0.613848 0.760304
vt 0.978643 0.804803
vt 0.528976 0.187935
vt 0.610447 0.760304
vt 0.339617 0.205944
vt 0.610899 0.897826
vt 0.561339 0.989161
vt 0.528989 0.184361
vt 0.607498 0.897826
vt 0.546549 0.877062
vt 0.529002 0.180857
vt 0.959881 0.536371
vt 0.529015 0.177283
vt 0.933870 0.935886
vt 0.808040 0.261372
vt 0.956480 0.536371
vt 0.529028 0.173780
vt 0.529041 0.170205
vt 0.644814 0.200037
vt 0.968768 0.871563
vt 0.529053 0.166702
vt 0.969751 0.106936
vt 0.641413 0.200037
vt 0.529066 0.163128
vt 0.541678 0.989161
vt 0.960864 0.817829
vt 0.529079 0.159624
vt 0.343058 0.953428
vt 0.957463 0.817829
vt 0.529092 0.156050
vt 0.963322 0.367496
vt 0.015256 0.989145
vt 0.529105 0.152546
vt 0.872921 0.975935
vt 0.959920 0.367496
vt 0.529118 0.148972
vt 0.007308 0.297095
vt 0.551508 0.989161
vt 0.529130 0.145468
vt 0.003906 0.297095
vt 0.267855 0.942342
vt 0.289034 0.989026
vt 0.960864 0.168953
vt 0.529143 0.141894
vt 0.957463 0.168953
vt 0.967785 0.583109
vt 0.529156 0.138390
vt 0.529169 0.134816
vt 0.797678 0.826537
vt 0.978643 0.749380
vt 0.529182 0.131312
vt 0.794277 0.826537
vt 0.964836 0.527662
vt 0.716125 0.692868
vt 0.529195 0.127738
vt 0.279204 0.989026
vt 0.719526 0.692868
vt 0.968768 0.162382
vt 0.529207 0.124235
vt 0.529220 0.120660
vt 0.613848 0.647721
vt 0.971226 0.646397
vt 0.529233 0.117157
vt 0.748565 0.960830
vt 0.610447 0.647721
vt 0.681226 0.237353
vt 0.308695 0.989026
vt 0.529246 0.113583
vt 0.808040 0.213789
vt 0.956480 0.584798
vt 0.223884 0.080995
vt 0.959881 0.584798
vt 0.933870 0.983446
vt 0.223884 0.077596
vt 0.969751 0.059353
vt 0.641413 0.248464
vt 0.223887 0.088073
vt 0.541678 0.941602
vt 0.960864 0.866256
vt 0.223890 0.091753
vt 0.644814 0.248464
vt 0.968768 0.919123
vt 0.223887 0.084674
vt 0.963322 0.415923
vt 0.015256 0.941586
vt 0.223894 0.098832
vt 0.343058 0.905846
vt 0.957463 0.866256
vt 0.223890 0.095152
vt 0.007308 0.345522
vt 0.551508 0.941602
vt 0.223899 0.105911
vt 0.003906 0.345522
vt 0.267855 0.894759
vt 0.223899 0.109311
vt 0.872921 0.928352
vt 0.959920 0.415923
vt 0.223894 0.102231
vt 0.957463 0.217380
vt 0.223904 0.116389
vt 0.967785 0.535526
vt 0.289034 0.941467
vt 0.960864 0.217380
vt 0.223904 0.112991
vt 0.794277 0.874964
vt 0.223909 0.123468
vt 0.964836 0.480079
vt 0.716125 0.644441
vt 0.279204 0.941467
vt 0.223915 0.127147
vt 0.797678 0.874964
vt 0.978643 0.701820
vt 0.223909 0.120069
vt 0.613848 0.696148
vt 0.223920 0.134225
vt 0.971226 0.693956
vt 0.719526 0.644441
vt 0.968768 0.114800
vt 0.223915 0.130546
vt 0.748565 0.913248
vt 0.610447 0.696148
vt 0.223920 0.137623
vt 0.729902 0.226526
vt 0.308695 0.941467
vt 0.223927 0.141298
vt 0.325363 0.889347
vt 0.307177 0.989026
vt 0.530703 0.113588
vt 0.328911 0.889777
vt 0.750084 0.960830
vt 0.530690 0.117162
vt 0.929554 0.456008
vt 0.530433 0.187941
vt 0.341136 0.205944
vt 0.924639 0.731410
vt 0.970287 0.162382
vt 0.530665 0.124240
vt 0.921090 0.730984
vt 0.530678 0.120666
vt 0.972744 0.646397
vt 0.946757 0.202177
vt 0.966355 0.527662
vt 0.530639 0.131318
vt 0.821802 0.540091
vt 0.977124 0.749380
vt 0.530626 0.134821
vt 0.943209 0.201747
vt 0.530652 0.127744
vt 0.277685 0.989026
vt 0.942226 0.571515
vt 0.549989 0.989161
vt 0.530575 0.148977
vt 0.828300 0.645810
vt 0.269374 0.942342
vt 0.530588 0.145474
vt 0.824751 0.645384
vt 0.287516 0.989026
vt 0.530601 0.141899
vt 0.825351 0.540517
vt 0.969304 0.583109
vt 0.530613 0.138396
vt 0.548068 0.877062
vt 0.929554 0.398199
vt 0.530459 0.180863
vt 0.559820 0.989161
vt 0.926005 0.455581
vt 0.530446 0.184366
vt 0.935389 0.935886
vt 0.926005 0.397772
vt 0.530472 0.177289
vt 0.809558 0.261372
vt 0.940367 0.513972
vt 0.530485 0.173785
vt 0.936819 0.513542
vt 0.970287 0.871563
vt 0.530498 0.170211
vt 0.925621 0.854101
vt 0.971270 0.106936
vt 0.530510 0.166707
vt 0.922073 0.853670
vt 0.540159 0.989161
vt 0.530523 0.163133
vt 0.933486 0.269685
vt 0.344577 0.953428
vt 0.530536 0.159629
vt 0.929937 0.269259
vt 0.013737 0.989145
vt 0.530549 0.156055
vt 0.945774 0.571945
vt 0.874440 0.975935
vt 0.530562 0.152551
vt 0.935389 0.983446
vt 0.931972 0.447434
vt 0.225580 0.077384
vt 0.809558 0.213789
vt 0.946389 0.563652
vt 0.225581 0.080781
vt 0.942734 0.563209
vt 0.970287 0.919123
vt 0.225583 0.084462
vt 0.931643 0.903781
vt 0.971270 0.059353
vt 0.225584 0.087860
vt 0.831424 0.590191
vt 0.969304 0.535526
vt 0.225601 0.116176
vt 0.830718 0.695045
vt 0.287516 0.941467
vt 0.225599 0.112778
vt 0.834373 0.695484
vt 0.269374 0.894759
vt 0.225596 0.109097
vt 0.948141 0.621182
vt 0.549989 0.941602
vt 0.225594 0.105699
vt 0.927989 0.903338
vt 0.540159 0.941602
vt 0.225586 0.091541
vt 0.939559 0.319359
vt 0.344577 0.905846
vt 0.225587 0.094939
vt 0.935905 0.318920
vt 0.013737 0.941586
vt 0.225589 0.098620
vt 0.951795 0.621625
vt 0.874440 0.928352
vt 0.225591 0.102018
vt 0.331279 0.939014
vt 0.307177 0.941467
vt 0.225621 0.141087
vt 0.927057 0.780645
vt 0.972744 0.693956
vt 0.225615 0.134012
vt 0.334933 0.939457
vt 0.750084 0.913248
vt 0.225618 0.137408
vt 0.827769 0.589752
vt 0.977124 0.701820
vt 0.225604 0.119857
vt 0.952779 0.251858
vt 0.966355 0.480079
vt 0.225606 0.123254
vt 0.949124 0.251415
vt 0.277685 0.941467
vt 0.225609 0.126935
vt 0.930712 0.781084
vt 0.970287 0.114800
vt 0.225612 0.130332
vt 0.890222 0.295282
vt 0.681497 0.133267
vt 0.331496 0.214681
vt 0.334582 0.214683
vt 0.078849 0.201061
vt 0.684134 0.131655
vt 0.076334 0.181254
vt 0.683911 0.112354
vt 0.078299 0.187813
vt 0.683986 0.118840
vt 0.078653 0.195185
vt 0.684068 0.125952
vt 0.056242 0.164964
vt 0.683920 0.086952
vt 0.039292 0.157715
vt 0.683967 0.068778
vt 0.032265 0.155496
vt 0.683987 0.061402
vt 0.027377 0.155150
vt 0.684000 0.056505
vt 0.684026 0.046629
vt 0.019076 0.159879
vt 0.023352 0.155875
vt 0.684010 0.052444
vt 0.684056 0.034991
vt 0.013974 0.170434
vt 0.684088 0.022893
vt 0.012118 0.182479
vt 0.684124 0.009313
vt 0.013766 0.195921
vt 0.684112 0.013621
vt 0.012359 0.191816
vt 0.013176 0.199703
vt 0.334587 0.150499
vt 0.684134 0.005513
vt 0.681483 0.003906
vt 0.331496 0.150251
vt 0.890222 0.359484
vt 0.814921 0.116294
vt 0.533369 0.118924
vt 0.537197 0.118495
vt 0.795467 0.081152
vt 0.593201 0.187442
vt 0.745616 0.196868
vt 0.537030 0.187441
vt 0.795467 0.012205
vt 0.533111 0.187432
vt 0.817703 0.185241
vt 0.739226 0.901041
vt 0.770659 0.012205
vt 0.768741 0.901041
vt 0.770425 0.196868
vt 0.806433 0.185242
vt 0.597123 0.187866
vt 0.593171 0.175118
vt 0.745616 0.209192
vt 0.533141 0.175108
vt 0.817715 0.172916
vt 0.597090 0.175108
vt 0.803673 0.172911
vt 0.597097 0.175542
vt 0.806468 0.172918
vt 0.739226 0.894591
vt 0.770659 0.024529
vt 0.768741 0.894591
vt 0.770425 0.209192
vt 0.533164 0.175546
vt 0.814921 0.172915
vt 0.537060 0.175118
vt 0.795467 0.024529
vt 0.533175 0.160952
vt 0.817715 0.158760
vt 0.597056 0.160953
vt 0.803713 0.158755
vt 0.597066 0.161386
vt 0.806507 0.158763
vt 0.533215 0.161391
vt 0.814921 0.158760
vt 0.537094 0.160962
vt 0.795467 0.038684
vt 0.593137 0.160962
vt 0.745616 0.223348
vt 0.770659 0.038684
vt 0.739226 0.887183
vt 0.768741 0.887183
vt 0.770425 0.223348
vt 0.817716 0.144602
vt 0.533210 0.146797
vt 0.739226 0.879775
vt 0.770659 0.052840
vt 0.768741 0.879775
vt 0.770425 0.237504
vt 0.814921 0.144606
vt 0.533266 0.147235
vt 0.537128 0.146806
vt 0.795467 0.052840
vt 0.593103 0.146806
vt 0.745616 0.237504
vt 0.597022 0.146797
vt 0.803752 0.144599
vt 0.597035 0.147231
vt 0.806547 0.144607
vt 0.596987 0.132641
vt 0.803792 0.130443
vt 0.593069 0.132651
vt 0.745616 0.251660
vt 0.817715 0.130445
vt 0.533244 0.132641
vt 0.739226 0.872367
vt 0.770659 0.066996
vt 0.768741 0.872367
vt 0.770425 0.251660
vt 0.597005 0.133075
vt 0.806586 0.130451
vt 0.814921 0.130451
vt 0.533318 0.133079
vt 0.537163 0.132650
vt 0.795467 0.066996
vt 0.593034 0.118495
vt 0.745616 0.265815
vt 0.533278 0.118485
vt 0.817715 0.116291
vt 0.596953 0.118485
vt 0.803831 0.116287
vt 0.739226 0.864959
vt 0.770659 0.081152
vt 0.768741 0.864959
vt 0.770425 0.265815
vt 0.596974 0.118919
vt 0.806626 0.116295
vt 0.900495 0.044324
vt 0.802633 0.953514
vt 0.900495 0.006263
vt 0.802633 0.915463
vt 0.337730 0.879744
vt 0.811863 0.958843
vt 0.900495 0.057076
vt 0.900495 0.053877
vt 0.808786 0.959667
vt 0.900495 0.101474
vt 0.814940 0.915463
vt 0.345386 0.889379
vt 0.900495 0.047492
vt 0.803457 0.956591
vt 0.900495 0.050688
vt 0.805709 0.958843
vt 0.814115 0.956591
vt 0.900495 0.060283
vt 0.900495 0.063457
vt 0.814940 0.953514
vt 0.236108 0.135701
vt 0.240034 0.135699
vt 0.227208 0.139245
vt 0.230370 0.135705
vt 0.227202 0.132170
vt 0.240031 0.125083
vt 0.236103 0.125085
vt 0.227196 0.125093
vt 0.230361 0.125090
vt 0.240026 0.118005
vt 0.227191 0.118015
vt 0.236098 0.118008
vt 0.230356 0.118012
vt 0.236092 0.110930
vt 0.227186 0.110937
vt 0.230351 0.110934
vt 0.240020 0.110927
vt 0.240014 0.103849
vt 0.236087 0.103852
vt 0.227181 0.103858
vt 0.230346 0.103856
vt 0.240010 0.096772
vt 0.236083 0.096774
vt 0.227177 0.096779
vt 0.230342 0.096777
vt 0.240007 0.089694
vt 0.236080 0.089696
vt 0.227173 0.089700
vt 0.230338 0.089698
vt 0.240004 0.082615
vt 0.236077 0.082617
vt 0.227170 0.082621
vt 0.230335 0.082620
vt 0.240001 0.075537
vt 0.236074 0.075539
vt 0.227168 0.075543
vt 0.230332 0.075542
vt 0.230328 0.063909
vt 0.227163 0.064637
vt 0.260613 0.110577
vt 0.328147 0.107230
vt 0.003906 0.656033
vt 0.591769 0.708118
vt 0.602146 0.708061
vt 0.270756 0.107207
vt 0.265377 0.110576
vt 0.318479 0.107218
vt 0.602146 0.679580
vt 0.270756 0.135692
vt 0.260613 0.135693
vt 0.287762 0.135692
vt 0.774671 0.506837
vt 0.003906 0.684571
vt 0.591769 0.679580
vt 0.322400 0.135703
vt 0.310355 0.135696
vt 0.318475 0.135700
vt 0.314397 0.135698
vt 0.293139 0.135693
vt 0.328138 0.135706
vt 0.331302 0.139246
vt 0.020911 0.684571
vt 0.764294 0.506837
vt 0.304993 0.135695
vt 0.297901 0.135693
vt 0.265377 0.135692
vt 0.331304 0.132172
vt 0.265377 0.125073
vt 0.599107 0.693736
vt 0.260614 0.125074
vt 0.328142 0.121555
vt 0.331306 0.125097
vt 0.774671 0.492681
vt 0.287762 0.121532
vt 0.602146 0.693736
vt 0.270756 0.121534
vt 0.322402 0.121548
vt 0.318476 0.121544
vt 0.314397 0.121541
vt 0.293138 0.121533
vt 0.304991 0.121536
vt 0.310354 0.121538
vt 0.297900 0.121534
vt 0.265377 0.117994
vt 0.260613 0.117995
vt 0.331308 0.118021
vt 0.003906 0.670415
vt 0.591769 0.693736
vt 0.244427 0.135697
vt 0.253518 0.135695
vt 0.248154 0.135696
vt 0.248154 0.125079
vt 0.244552 0.125081
vt 0.253519 0.125076
vt 0.253518 0.117997
vt 0.248151 0.118000
vt 0.244632 0.118002
vt 0.764294 0.492681
vt 0.020911 0.670415
vt 0.771632 0.492681
vt 0.331311 0.110605
vt 0.774671 0.478299
vt 0.287762 0.107147
vt 0.322406 0.107223
vt 0.314400 0.107214
vt 0.297901 0.107205
vt 0.265377 0.103837
vt 0.890124 0.067982
vt 0.254593 0.103839
vt 0.260614 0.103838
vt 0.764294 0.478299
vt 0.020911 0.656033
vt 0.310357 0.107211
vt 0.900495 0.068004
vt 0.814940 0.948956
vt 0.293139 0.107204
vt 0.599107 0.708118
vt 0.331314 0.103867
vt 0.304993 0.107208
vt 0.297902 0.093218
vt 0.265378 0.093220
vt 0.890124 0.078609
vt 0.254595 0.093221
vt 0.328153 0.093244
vt 0.331317 0.096789
vt 0.774671 0.464370
vt 0.287762 0.093217
vt 0.764294 0.464370
vt 0.020911 0.642104
vt 0.304995 0.093221
vt 0.591769 0.722047
vt 0.003906 0.642104
vt 0.602146 0.722047
vt 0.270756 0.093220
vt 0.310360 0.093224
vt 0.900495 0.078613
vt 0.814940 0.938339
vt 0.293139 0.093217
vt 0.260615 0.093220
vt 0.331320 0.089710
vt 0.322412 0.093236
vt 0.318484 0.093231
vt 0.314404 0.093227
vt 0.297904 0.079062
vt 0.265378 0.079063
vt 0.900495 0.092764
vt 0.814940 0.924183
vt 0.293140 0.079061
vt 0.328159 0.079085
vt 0.774671 0.450214
vt 0.287762 0.079060
vt 0.890124 0.092773
vt 0.254596 0.079064
vt 0.331322 0.082630
vt 0.304998 0.079065
vt 0.310364 0.079068
vt 0.260616 0.079063
vt 0.331325 0.075550
vt 0.764294 0.450214
vt 0.020911 0.627948
vt 0.591769 0.736203
vt 0.003906 0.627948
vt 0.602146 0.736203
vt 0.270756 0.079063
vt 0.322417 0.079078
vt 0.318489 0.079074
vt 0.314408 0.079071
vt 0.891340 0.011498
vt 0.242066 0.075536
vt 0.900495 0.015013
vt 0.802633 0.924183
vt 0.242069 0.082614
vt 0.891340 0.018563
vt 0.891340 0.025640
vt 0.242072 0.089693
vt 0.900495 0.029176
vt 0.802633 0.938339
vt 0.891340 0.032721
vt 0.242076 0.096770
vt 0.900495 0.039782
vt 0.802633 0.948956
vt 0.891340 0.039810
vt 0.242080 0.103848
vt 0.331328 0.061387
vt 0.774671 0.436067
vt 0.287762 0.064915
vt 0.328163 0.064939
vt 0.314411 0.064929
vt 0.318492 0.064931
vt 0.305000 0.064924
vt 0.310366 0.064926
vt 0.764294 0.436067
vt 0.020911 0.613802
vt 0.322420 0.064934
vt 0.591769 0.749661
vt 0.003906 0.614490
vt 0.225568 0.167602
vt 0.305028 0.167602
vt 0.328145 0.167602
vt 0.314418 0.167602
vt 0.310382 0.167602
vt 0.293152 0.167602
vt 0.318491 0.167602
vt 0.322411 0.167602
vt 0.297927 0.167602
vt 0.890222 0.342129
vt 0.331496 0.167602
vt 0.331303 0.167602
vt 0.884293 0.341885
vt 0.879397 0.341682
vt 0.870878 0.341330
vt 0.860117 0.340885
vt 0.850733 0.340498
vt 0.331302 0.214681
vt 0.929043 0.261396
vt 0.929043 0.254518
vt 0.930996 0.261396
vt 0.930996 0.254518
vt 0.932972 0.261396
vt 0.932972 0.254518
vt 0.934970 0.261396
vt 0.911260 0.261396
vt 0.911260 0.254518
vt 0.934970 0.254518
vt 0.913258 0.261396
vt 0.913258 0.254518
vt 0.915234 0.261396
vt 0.915234 0.254518
vt 0.917187 0.261396
vt 0.917187 0.254518
vt 0.919141 0.261396
vt 0.919141 0.254518
vt 0.921117 0.261396
vt 0.921117 0.254518
vt 0.923115 0.261396
vt 0.923115 0.254518
vt 0.925113 0.261396
vt 0.925113 0.254518
vt 0.927089 0.261396
vt 0.927089 0.254518
vt 0.929043 0.247579
vt 0.930996 0.247579
vt 0.932972 0.247579
vt 0.934970 0.247579
vt 0.911260 0.247579
vt 0.913258 0.247579
vt 0.915234 0.247579
vt 0.917187 0.247579
vt 0.919141 0.247579
vt 0.921117 0.247579
vt 0.923115 0.247579
vt 0.925113 0.247579
vt 0.927089 0.247579
vt 0.929043 0.240639
vt 0.930996 0.240639
vt 0.932972 0.240639
vt 0.934970 0.240639
vt 0.911260 0.240639
vt 0.913258 0.240639
vt 0.915234 0.240639
vt 0.917187 0.240639
vt 0.919141 0.240639
vt 0.921117 0.240639
vt 0.923115 0.240639
vt 0.925113 0.240639
vt 0.927089 0.240639
vt 0.929043 0.233699
vt 0.930996 0.233699
vt 0.932972 0.233699
vt 0.934970 0.233699
vt 0.911260 0.233699
vt 0.913258 0.233699
vt 0.915234 0.233699
vt 0.917187 0.233699
vt 0.919141 0.233699
vt 0.921117 0.233699
vt 0.923115 0.233699
vt 0.925113 0.233699
vt 0.927089 0.233699
vt 0.929043 0.226760
vt 0.930996 0.226760
vt 0.932972 0.226760
vt 0.934970 0.226760
vt 0.911260 0.226760
vt 0.913258 0.226760
vt 0.915234 0.226760
vt 0.917187 0.226760
vt 0.919141 0.226760
vt 0.921117 0.226760
vt 0.923115 0.226760
vt 0.925113 0.226760
vt 0.927089 0.226760
vt 0.929043 0.219820
vt 0.930996 0.219820
vt 0.932972 0.219820
vt 0.911260 0.219820
vt 0.934970 0.219820
vt 0.913258 0.219820
vt 0.915234 0.219820
vt 0.917187 0.219820
vt 0.919141 0.219820
vt 0.921117 0.219820
vt 0.923115 0.219820
vt 0.925113 0.219820
vt 0.927089 0.219820
vt 0.929043 0.212880
vt 0.930996 0.212880
vt 0.932972 0.212880
vt 0.934970 0.212880
vt 0.911260 0.212880
vt 0.913258 0.212880
vt 0.915234 0.212880
vt 0.917187 0.212880
vt 0.919141 0.212880
vt 0.921117 0.212880
vt 0.923115 0.212880
vt 0.925113 0.212880
vt 0.927089 0.212880
vt 0.930996 0.207018
vt 0.929043 0.207018
vt 0.932972 0.207018
vt 0.934970 0.207018
vt 0.911260 0.207018
vt 0.913258 0.207018
vt 0.915234 0.207018
vt 0.917187 0.207018
vt 0.919141 0.207018
vt 0.921117 0.207018
vt 0.923115 0.207018
vt 0.925113 0.207018
vt 0.927089 0.207018
vt 0.592987 0.979900
vt 0.934081 0.109781
vt 0.639420 0.948366
vt 0.942314 0.109781
vt 0.596276 0.976610
vt 0.934081 0.112964
vt 0.643718 0.947215
vt 0.942314 0.112964
vt 0.597480 0.972117
vt 0.934081 0.116146
vt 0.648016 0.948367
vt 0.942314 0.116146
vt 0.596276 0.967624
vt 0.934081 0.119328
vt 0.651162 0.951513
vt 0.942314 0.119328
vt 0.592987 0.964335
vt 0.934081 0.122510
vt 0.652314 0.955811
vt 0.942314 0.122510
vt 0.588494 0.963131
vt 0.934081 0.125693
vt 0.651162 0.960109
vt 0.942314 0.125693
vt 0.584001 0.964335
vt 0.934081 0.090688
vt 0.934081 0.128875
vt 0.648016 0.963255
vt 0.942314 0.090688
vt 0.942314 0.128875
vt 0.580711 0.967624
vt 0.934081 0.093870
vt 0.643718 0.964407
vt 0.942314 0.093870
vt 0.579508 0.972117
vt 0.934081 0.097053
vt 0.639420 0.963255
vt 0.942314 0.097053
vt 0.580711 0.976610
vt 0.934081 0.100235
vt 0.636274 0.960109
vt 0.942314 0.100235
vt 0.584001 0.979899
vt 0.934081 0.103417
vt 0.635122 0.955811
vt 0.942314 0.103417
vt 0.588494 0.981103
vt 0.934081 0.106599
vt 0.636274 0.951513
vt 0.942314 0.106599
vt 0.919817 0.055666
vt 0.636772 0.946759
vt 0.639352 0.945269
vt 0.919817 0.052791
vt 0.595756 0.981581
vt 0.908802 0.052791
vt 0.908802 0.055666
vt 0.593059 0.983138
vt 0.642229 0.944498
vt 0.919817 0.049915
vt 0.597957 0.979379
vt 0.908802 0.049915
vt 0.645207 0.944498
vt 0.919817 0.047040
vt 0.599514 0.976682
vt 0.908802 0.047040
vt 0.648084 0.945269
vt 0.919817 0.044164
vt 0.600320 0.973674
vt 0.908802 0.044164
vt 0.650664 0.946759
vt 0.919817 0.041289
vt 0.600320 0.970560
vt 0.908802 0.041289
vt 0.652770 0.948865
vt 0.919817 0.038413
vt 0.599514 0.967552
vt 0.908802 0.038413
vt 0.654259 0.951444
vt 0.919817 0.035538
vt 0.597957 0.964855
vt 0.908802 0.035538
vt 0.655030 0.954321
vt 0.919817 0.032662
vt 0.595756 0.962654
vt 0.908802 0.032662
vt 0.655030 0.957300
vt 0.919817 0.029786
vt 0.593059 0.961097
vt 0.908802 0.029786
vt 0.654259 0.960177
vt 0.919817 0.026911
vt 0.590051 0.960291
vt 0.908802 0.026911
vt 0.652770 0.962757
vt 0.919817 0.024035
vt 0.586937 0.960291
vt 0.908802 0.024035
vt 0.650664 0.964863
vt 0.919817 0.021160
vt 0.583929 0.961096
vt 0.908802 0.021160
vt 0.648084 0.966352
vt 0.919817 0.018284
vt 0.581232 0.962653
vt 0.908802 0.018284
vt 0.645207 0.967123
vt 0.919817 0.015409
vt 0.579031 0.964855
vt 0.908802 0.015409
vt 0.642229 0.967123
vt 0.919817 0.012533
vt 0.577473 0.967552
vt 0.908802 0.012533
vt 0.639351 0.966352
vt 0.919817 0.009657
vt 0.576668 0.970560
vt 0.908802 0.009657
vt 0.636772 0.964863
vt 0.919817 0.006782
vt 0.576668 0.973674
vt 0.908802 0.006782
vt 0.634666 0.962757
vt 0.919817 0.003906
vt 0.919817 0.072920
vt 0.577474 0.976682
vt 0.908802 0.003906
vt 0.908802 0.072920
vt 0.633177 0.960177
vt 0.919817 0.070044
vt 0.579031 0.979379
vt 0.908802 0.070044
vt 0.632406 0.957300
vt 0.919817 0.067169
vt 0.581232 0.981580
vt 0.908802 0.067169
vt 0.632406 0.954321
vt 0.919817 0.064293
vt 0.583929 0.983137
vt 0.908802 0.064293
vt 0.633177 0.951444
vt 0.919817 0.061418
vt 0.586937 0.983943
vt 0.908802 0.061418
vt 0.919817 0.058542
vt 0.634666 0.948865
vt 0.908802 0.058542
vt 0.590051 0.983943
vt 0.364108 0.906883
vt 0.412593 0.271230
vt 0.361939 0.906883
vt 0.412593 0.273399
vt 0.361939 0.947572
vt 0.352136 0.432382
vt 0.364108 0.947572
vt 0.352136 0.434551
vt 0.359770 0.906883
vt 0.385798 0.906883
vt 0.411509 0.275278
vt 0.359770 0.947572
vt 0.385798 0.947572
vt 0.351051 0.430504
vt 0.383629 0.906883
vt 0.409630 0.276362
vt 0.383629 0.947572
vt 0.349173 0.429419
vt 0.381460 0.906883
vt 0.407461 0.276362
vt 0.381460 0.947572
vt 0.347004 0.429419
vt 0.379291 0.906883
vt 0.405583 0.275278
vt 0.379291 0.947572
vt 0.345125 0.430504
vt 0.377122 0.906883
vt 0.404498 0.273399
vt 0.377122 0.947572
vt 0.344041 0.432382
vt 0.374953 0.906883
vt 0.404498 0.271230
vt 0.374953 0.947572
vt 0.344041 0.434551
vt 0.372784 0.906883
vt 0.405583 0.269352
vt 0.372784 0.947572
vt 0.345125 0.436430
vt 0.370615 0.906883
vt 0.407461 0.268267
vt 0.370615 0.947572
vt 0.347004 0.437514
vt 0.368446 0.906883
vt 0.409630 0.268267
vt 0.368446 0.947572
vt 0.349173 0.437514
vt 0.366277 0.906883
vt 0.411509 0.269352
vt 0.366277 0.947572
vt 0.351051 0.436430
vt 0.908436 0.632546
vt 0.436939 0.222068
vt 0.365172 0.976866
vt 0.908436 0.627833
vt 0.436939 0.225733
vt 0.368688 0.975410
vt 0.908436 0.623120
vt 0.436939 0.229399
vt 0.371379 0.972718
vt 0.908436 0.618407
vt 0.436939 0.233064
vt 0.372835 0.969201
vt 0.908436 0.613694
vt 0.908436 0.689103
vt 0.436939 0.236730
vt 0.436939 0.178082
vt 0.372835 0.965394
vt 0.908436 0.684390
vt 0.436939 0.181747
vt 0.371380 0.961877
vt 0.908436 0.679677
vt 0.436939 0.185413
vt 0.368689 0.959185
vt 0.908436 0.674964
vt 0.436939 0.189078
vt 0.365174 0.957727
vt 0.908436 0.670251
vt 0.436939 0.192744
vt 0.361369 0.957726
vt 0.908436 0.665537
vt 0.436939 0.196409
vt 0.357853 0.959182
vt 0.908436 0.660824
vt 0.436939 0.200075
vt 0.355161 0.961874
vt 0.908436 0.656111
vt 0.436939 0.203740
vt 0.353705 0.965391
vt 0.908436 0.651398
vt 0.436939 0.207406
vt 0.353703 0.969198
vt 0.908436 0.646685
vt 0.436939 0.211071
vt 0.355161 0.972715
vt 0.908436 0.641972
vt 0.436939 0.214737
vt 0.357850 0.975408
vt 0.908436 0.637259
vt 0.436939 0.218402
vt 0.361367 0.976865
vt 0.897497 0.627833
vt 0.369986 0.977352
vt 0.365627 0.979156
vt 0.897497 0.632546
vt 0.897497 0.623120
vt 0.373322 0.974015
vt 0.897497 0.618407
vt 0.375126 0.969656
vt 0.897497 0.613694
vt 0.897497 0.689103
vt 0.375126 0.964938
vt 0.897497 0.684390
vt 0.373321 0.960580
vt 0.897497 0.679677
vt 0.369986 0.957244
vt 0.897497 0.674964
vt 0.365631 0.955439
vt 0.897497 0.670251
vt 0.360915 0.955436
vt 0.897497 0.665537
vt 0.356556 0.957239
vt 0.897497 0.660824
vt 0.353218 0.960576
vt 0.897497 0.656111
vt 0.351414 0.964936
vt 0.897497 0.651398
vt 0.351414 0.969653
vt 0.897497 0.646685
vt 0.353218 0.974012
vt 0.897497 0.641972
vt 0.356552 0.977349
vt 0.360910 0.979156
vt 0.897497 0.637259
vt 0.438013 0.225733
vt 0.441050 0.225733
vt 0.404330 0.241207
vt 0.438013 0.222068
vt 0.441050 0.222068
vt 0.403024 0.238036
vt 0.438013 0.229399
vt 0.441050 0.229399
vt 0.406752 0.243633
vt 0.438013 0.233064
vt 0.441050 0.233064
vt 0.409919 0.244948
vt 0.438013 0.236730
vt 0.438013 0.178082
vt 0.441050 0.236730
vt 0.441050 0.178082
vt 0.413347 0.244939
vt 0.438013 0.181747
vt 0.441050 0.181747
vt 0.416491 0.243629
vt 0.438013 0.185413
vt 0.441050 0.185413
vt 0.418906 0.241218
vt 0.438013 0.189078
vt 0.441050 0.189078
vt 0.420213 0.238057
vt 0.438013 0.192744
vt 0.441050 0.192744
vt 0.420213 0.234630
vt 0.438013 0.196409
vt 0.441050 0.196409
vt 0.418894 0.231456
vt 0.438013 0.200075
vt 0.441050 0.200075
vt 0.416466 0.229039
vt 0.438013 0.203740
vt 0.441050 0.203740
vt 0.413306 0.227739
vt 0.438013 0.207406
vt 0.441050 0.207406
vt 0.409901 0.227743
vt 0.438013 0.211071
vt 0.441050 0.211071
vt 0.406743 0.229044
vt 0.438013 0.214737
vt 0.441050 0.214737
vt 0.404324 0.231471
vt 0.438013 0.218402
vt 0.441050 0.218402
vt 0.403026 0.234625
vt 0.406095 0.237432
vt 0.406062 0.235226
vt 0.416313 0.233199
vt 0.417131 0.235250
vt 0.417169 0.237455
vt 0.410529 0.241872
vt 0.408479 0.241052
vt 0.406911 0.233184
vt 0.408484 0.231642
vt 0.414752 0.231632
vt 0.412715 0.230781
vt 0.410508 0.230778
vt 0.416304 0.239484
vt 0.406945 0.239466
vt 0.412725 0.241878
vt 0.414756 0.241039
vt 0.033398 0.960667
vt 0.033398 0.963995
vt 0.033398 0.967323
vt 0.033398 0.970650
vt 0.033398 0.973978
vt 0.033398 0.977306
vt 0.033398 0.980634
vt 0.033398 0.983961
vt 0.033398 0.944028
vt 0.033398 0.947356
vt 0.033398 0.950684
vt 0.033398 0.954012
vt 0.033398 0.957339
vt 0.078281 0.838490
vt 0.359061 0.393759
vt 0.041825 0.960667
vt 0.079482 0.839650
vt 0.079517 0.836210
vt 0.359061 0.391052
vt 0.081180 0.836645
vt 0.041825 0.963995
vt 0.079558 0.833617
vt 0.357707 0.388707
vt 0.081171 0.833168
vt 0.041825 0.967323
vt 0.078307 0.831383
vt 0.355362 0.387353
vt 0.041825 0.970650
vt 0.079471 0.830230
vt 0.076081 0.830106
vt 0.352655 0.387353
vt 0.041825 0.973978
vt 0.076546 0.828494
vt 0.073502 0.830138
vt 0.350310 0.388707
vt 0.041825 0.977306
vt 0.073054 0.828467
vt 0.071225 0.831415
vt 0.348956 0.391052
vt 0.041825 0.980634
vt 0.070031 0.830232
vt 0.069975 0.833705
vt 0.348956 0.393759
vt 0.041825 0.983961
vt 0.041825 0.944028
vt 0.068296 0.833269
vt 0.069955 0.836314
vt 0.350310 0.396104
vt 0.041825 0.947356
vt 0.068328 0.836777
vt 0.071227 0.838566
vt 0.352655 0.397458
vt 0.041825 0.950684
vt 0.070060 0.839735
vt 0.073479 0.839840
vt 0.355362 0.397458
vt 0.041825 0.954012
vt 0.073019 0.841465
vt 0.076065 0.839805
vt 0.357707 0.396104
vt 0.041825 0.957339
vt 0.076526 0.841465
vt 0.681592 0.733376
vt 0.757572 0.762155
vt 0.680016 0.733375
vt 0.752667 0.763643
vt 0.678440 0.733372
vt 0.748314 0.766350
vt 0.676864 0.733368
vt 0.744810 0.770092
vt 0.675288 0.733364
vt 0.742393 0.774612
vt 0.673712 0.733360
vt 0.741229 0.779605
vt 0.672136 0.733355
vt 0.741397 0.784728
vt 0.742885 0.789633
vt 0.670561 0.733351
vt 0.745592 0.793986
vt 0.668985 0.733347
vt 0.667409 0.733345
vt 0.749333 0.797490
vt 0.665833 0.733343
vt 0.753854 0.799907
vt 0.664257 0.733342
vt 0.758846 0.801071
vt 0.662681 0.733343
vt 0.763969 0.800903
vt 0.661105 0.733345
vt 0.768875 0.799415
vt 0.659529 0.733347
vt 0.773228 0.796708
vt 0.657953 0.733351
vt 0.776732 0.792967
vt 0.656377 0.733355
vt 0.779148 0.788446
vt 0.654801 0.733360
vt 0.780312 0.783454
vt 0.653225 0.733364
vt 0.780145 0.778331
vt 0.651649 0.733368
vt 0.778657 0.773425
vt 0.650073 0.733372
vt 0.775950 0.769072
vt 0.648497 0.733375
vt 0.772208 0.765568
vt 0.683168 0.733377
vt 0.645345 0.733377
vt 0.762695 0.761988
vt 0.646921 0.733376
vt 0.767688 0.763152
vt 0.557328 0.253206
vt 0.557328 0.263269
vt 0.557328 0.021770
vt 0.557328 0.243144
vt 0.557328 0.233081
vt 0.557328 0.223019
vt 0.557328 0.212956
vt 0.557328 0.202894
vt 0.557328 0.192831
vt 0.557328 0.182769
vt 0.557328 0.172707
vt 0.557328 0.162644
vt 0.557328 0.152582
vt 0.557328 0.142519
vt 0.557328 0.132457
vt 0.557328 0.122394
vt 0.557328 0.112332
vt 0.557328 0.102269
vt 0.557328 0.092207
vt 0.557328 0.082144
vt 0.557328 0.072082
vt 0.557328 0.062019
vt 0.557328 0.051957
vt 0.557328 0.041894
vt 0.557328 0.031832
vt 0.546549 0.253206
vt 0.454147 0.752231
vt 0.546549 0.263269
vt 0.546549 0.021769
vt 0.462862 0.747200
vt 0.546549 0.243144
vt 0.447032 0.759347
vt 0.546549 0.233081
vt 0.442001 0.768061
vt 0.546549 0.223019
vt 0.439397 0.777781
vt 0.546549 0.212956
vt 0.439397 0.787843
vt 0.546549 0.202894
vt 0.442001 0.797563
vt 0.546549 0.192831
vt 0.447032 0.806277
vt 0.546549 0.182769
vt 0.454147 0.813392
vt 0.546549 0.172707
vt 0.462862 0.818423
vt 0.546549 0.162644
vt 0.472581 0.821028
vt 0.546549 0.152582
vt 0.482644 0.821028
vt 0.546549 0.142519
vt 0.492363 0.818423
vt 0.546549 0.132457
vt 0.501078 0.813392
vt 0.546549 0.122394
vt 0.508193 0.806277
vt 0.546549 0.112332
vt 0.513224 0.797563
vt 0.546549 0.102269
vt 0.515829 0.787843
vt 0.546549 0.092207
vt 0.515829 0.777781
vt 0.546549 0.082144
vt 0.513224 0.768061
vt 0.508193 0.759347
vt 0.546549 0.072082
vt 0.501078 0.752231
vt 0.546549 0.062019
vt 0.546549 0.051957
vt 0.492363 0.747200
vt 0.546549 0.041894
vt 0.482644 0.744596
vt 0.546549 0.031832
vt 0.472581 0.744596
vt 0.462148 0.762658
vt 0.782972 0.376100
vt 0.467891 0.759343
vt 0.782972 0.369468
vt 0.782972 0.528623
vt 0.457459 0.767348
vt 0.782972 0.382731
vt 0.454143 0.773091
vt 0.782972 0.389362
vt 0.452427 0.779496
vt 0.782972 0.395994
vt 0.452427 0.786128
vt 0.782972 0.402625
vt 0.454143 0.792533
vt 0.782972 0.409257
vt 0.457459 0.798276
vt 0.782972 0.415888
vt 0.462148 0.802965
vt 0.782972 0.422520
vt 0.467891 0.806281
vt 0.782972 0.429151
vt 0.474297 0.807997
vt 0.782972 0.435783
vt 0.480928 0.807997
vt 0.782972 0.442414
vt 0.487334 0.806281
vt 0.782972 0.449045
vt 0.493077 0.802965
vt 0.782972 0.455677
vt 0.497766 0.798276
vt 0.782972 0.462308
vt 0.501082 0.792533
vt 0.782972 0.468940
vt 0.502798 0.786128
vt 0.782972 0.475571
vt 0.502798 0.779496
vt 0.782972 0.482203
vt 0.501082 0.773091
vt 0.782972 0.488834
vt 0.497766 0.767348
vt 0.782972 0.495466
vt 0.493077 0.762658
vt 0.782972 0.502097
vt 0.487334 0.759343
vt 0.782972 0.508728
vt 0.480928 0.757626
vt 0.782972 0.515360
vt 0.474297 0.757626
vt 0.782972 0.521991
vt 0.819444 0.376100
vt 0.363710 0.372900
vt 0.819444 0.369468
vt 0.819443 0.528623
vt 0.369453 0.376216
vt 0.819444 0.382731
vt 0.357305 0.371184
vt 0.819444 0.389362
vt 0.350673 0.371184
vt 0.819444 0.395994
vt 0.344268 0.372900
vt 0.819443 0.402625
vt 0.338525 0.376216
vt 0.819443 0.409257
vt 0.333836 0.380905
vt 0.819443 0.415888
vt 0.330520 0.386648
vt 0.819443 0.422520
vt 0.328804 0.393054
vt 0.819443 0.429151
vt 0.328804 0.399685
vt 0.819443 0.435783
vt 0.330520 0.406090
vt 0.819443 0.442414
vt 0.333836 0.411833
vt 0.819443 0.449045
vt 0.338525 0.416523
vt 0.344268 0.419838
vt 0.819443 0.455677
vt 0.350673 0.421555
vt 0.819443 0.462308
vt 0.819443 0.468940
vt 0.357305 0.421555
vt 0.819443 0.475571
vt 0.363710 0.419838
vt 0.819444 0.482203
vt 0.369453 0.416523
vt 0.819443 0.488834
vt 0.374142 0.411833
vt 0.819443 0.495466
vt 0.377458 0.406090
vt 0.819443 0.502097
vt 0.379174 0.399685
vt 0.819443 0.508728
vt 0.379174 0.393054
vt 0.819444 0.515360
vt 0.377458 0.386648
vt 0.819443 0.521991
vt 0.374142 0.380905
vt 0.646921 0.793563
vt 0.361503 0.378228
vt 0.683168 0.793564
vt 0.645345 0.793564
vt 0.365943 0.380791
vt 0.648497 0.793561
vt 0.356552 0.376901
vt 0.650073 0.793559
vt 0.351426 0.376901
vt 0.651649 0.793555
vt 0.346475 0.378228
vt 0.653225 0.793551
vt 0.342035 0.380791
vt 0.654801 0.793546
vt 0.338411 0.384416
vt 0.656377 0.793542
vt 0.335848 0.388855
vt 0.657953 0.793538
vt 0.334521 0.393806
vt 0.659529 0.793534
vt 0.334521 0.398932
vt 0.661105 0.793531
vt 0.335848 0.403884
vt 0.662681 0.793530
vt 0.338411 0.408323
vt 0.664257 0.793529
vt 0.342035 0.411948
vt 0.665833 0.793530
vt 0.346475 0.414511
vt 0.667409 0.793531
vt 0.351426 0.415837
vt 0.356552 0.415837
vt 0.668985 0.793534
vt 0.361503 0.414511
vt 0.670561 0.793538
vt 0.672136 0.793542
vt 0.365943 0.411948
vt 0.673712 0.793546
vt 0.369567 0.408323
vt 0.675288 0.793551
vt 0.372130 0.403884
vt 0.676864 0.793555
vt 0.373457 0.398932
vt 0.678440 0.793559
vt 0.373457 0.393806
vt 0.680016 0.793561
vt 0.372130 0.388855
vt 0.681592 0.793563
vt 0.369567 0.384416
vt 0.756325 0.826667
vt 0.340707 0.362749
vt 0.765217 0.826667
vt 0.332978 0.366104
vt 0.773937 0.824932
vt 0.326106 0.370969
vt 0.782152 0.821530
vt 0.320177 0.377183
vt 0.789544 0.816590
vt 0.315468 0.384371
vt 0.795832 0.810303
vt 0.312437 0.392384
vt 0.800771 0.802910
vt 0.310832 0.400805
vt 0.804174 0.794695
vt 0.311010 0.409346
vt 0.805909 0.785975
vt 0.312751 0.417835
vt 0.805909 0.777083
vt 0.315998 0.425784
vt 0.804174 0.768363
vt 0.320603 0.432797
vt 0.800771 0.760148
vt 0.326540 0.438720
vt 0.795832 0.752756
vt 0.333683 0.443404
vt 0.789544 0.746468
vt 0.341574 0.446585
vt 0.782151 0.741529
vt 0.349775 0.448120
vt 0.773937 0.738126
vt 0.358130 0.447963
vt 0.765216 0.736391
vt 0.366287 0.446141
vt 0.349088 0.360961
vt 0.747605 0.824932
vt 0.357634 0.360857
vt 0.739390 0.821530
vt 0.731997 0.816590
vt 0.365892 0.362433
vt 0.725710 0.810303
vt 0.373551 0.365551
vt 0.720770 0.802910
vt 0.380455 0.370174
vt 0.717368 0.794696
vt 0.386316 0.376112
vt 0.715633 0.785975
vt 0.390878 0.383140
vt 0.715633 0.777084
vt 0.394093 0.390996
vt 0.717368 0.768363
vt 0.395626 0.399393
vt 0.720770 0.760148
vt 0.395776 0.408031
vt 0.725710 0.752756
vt 0.394344 0.416393
vt 0.731997 0.746468
vt 0.391238 0.424282
vt 0.739390 0.741529
vt 0.386595 0.431532
vt 0.747605 0.738126
vt 0.380790 0.437784
vt 0.756325 0.736391
vt 0.373926 0.442704
vt 0.484844 0.770730
vt 0.307248 0.409712
vt 0.486411 0.772296
vt 0.309022 0.418969
vt 0.488489 0.782745
vt 0.340589 0.450165
vt 0.487641 0.784791
vt 0.349473 0.451702
vt 0.470507 0.770730
vt 0.339508 0.359206
vt 0.472349 0.769499
vt 0.331208 0.362959
vt 0.478783 0.768219
vt 0.312175 0.382697
vt 0.480956 0.768651
vt 0.308726 0.391342
vt 0.488921 0.780572
vt 0.331888 0.446832
vt 0.483002 0.769499
vt 0.307177 0.400507
vt 0.487641 0.774138
vt 0.312724 0.427577
vt 0.488489 0.776184
vt 0.317818 0.435070
vt 0.488921 0.778357
vt 0.324144 0.441574
vt 0.486411 0.786633
vt 0.358574 0.451702
vt 0.484844 0.788199
vt 0.367427 0.449576
vt 0.474396 0.768651
vt 0.323708 0.368101
vt 0.476568 0.768219
vt 0.317136 0.374777
vt 0.467710 0.784791
vt 0.394241 0.381384
vt 0.468941 0.786633
vt 0.397605 0.389956
vt 0.478783 0.790710
vt 0.389647 0.433899
vt 0.383204 0.440540
vt 0.480956 0.790278
vt 0.468941 0.772296
vt 0.348653 0.357100
vt 0.466430 0.778357
vt 0.375217 0.362395
vt 0.466430 0.780572
vt 0.382842 0.367281
vt 0.476568 0.790710
vt 0.394604 0.425936
vt 0.466863 0.782745
vt 0.389128 0.373841
vt 0.470507 0.788199
vt 0.399470 0.399009
vt 0.472349 0.789430
vt 0.399512 0.408375
vt 0.474396 0.790278
vt 0.397838 0.417370
vt 0.375815 0.445987
vt 0.483002 0.789430
vt 0.467710 0.774138
vt 0.358019 0.357130
vt 0.466863 0.776184
vt 0.366977 0.358940
vt 0.484566 0.771069
vt 0.622243 0.157736
vt 0.486071 0.772574
vt 0.622243 0.149190
vt 0.488069 0.782617
vt 0.622243 0.106459
vt 0.487254 0.784584
vt 0.622243 0.097913
vt 0.470786 0.771069
vt 0.622243 0.217559
vt 0.472556 0.769886
vt 0.622243 0.209013
vt 0.478740 0.768656
vt 0.622243 0.183374
vt 0.480829 0.769071
vt 0.622243 0.174828
vt 0.488484 0.780529
vt 0.622243 0.115005
vt 0.482796 0.769886
vt 0.622243 0.166282
vt 0.487254 0.774345
vt 0.622243 0.140644
vt 0.488069 0.776312
vt 0.622243 0.132098
vt 0.488484 0.778400
vt 0.622243 0.123552
vt 0.486071 0.786355
vt 0.622243 0.089367
vt 0.484566 0.787860
vt 0.622243 0.080821
vt 0.474523 0.769071
vt 0.622243 0.200466
vt 0.476611 0.768656
vt 0.622243 0.191920
vt 0.468097 0.784584
vt 0.622243 0.277381
vt 0.622243 0.003906
vt 0.469280 0.786355
vt 0.622243 0.012452
vt 0.478740 0.790273
vt 0.622243 0.055183
vt 0.622243 0.063729
vt 0.480829 0.789858
vt 0.469280 0.772574
vt 0.622243 0.226105
vt 0.466867 0.778400
vt 0.622243 0.251743
vt 0.466867 0.780529
vt 0.622243 0.260289
vt 0.476611 0.790273
vt 0.622243 0.046637
vt 0.467282 0.782617
vt 0.622243 0.268835
vt 0.470786 0.787860
vt 0.622243 0.020998
vt 0.472556 0.789043
vt 0.622243 0.029545
vt 0.474523 0.789858
vt 0.622243 0.038091
vt 0.622243 0.072275
vt 0.482796 0.789043
vt 0.468097 0.774345
vt 0.622243 0.234651
vt 0.467282 0.776312
vt 0.622243 0.243197
vt 0.633299 0.157736
vt 0.633299 0.149190
vt 0.633299 0.106459
vt 0.633299 0.097913
vt 0.633299 0.217559
vt 0.633299 0.209013
vt 0.633299 0.183374
vt 0.633299 0.174828
vt 0.633299 0.115005
vt 0.633299 0.166282
vt 0.633299 0.140644
vt 0.633299 0.132098
vt 0.633299 0.123552
vt 0.633299 0.089367
vt 0.633299 0.080821
vt 0.633299 0.200466
vt 0.633299 0.191920
vt 0.633299 0.277381
vt 0.633299 0.003906
vt 0.633299 0.012452
vt 0.633299 0.055183
vt 0.633299 0.063729
vt 0.633299 0.226105
vt 0.633299 0.251743
vt 0.633299 0.260289
vt 0.633299 0.046637
vt 0.633299 0.268835
vt 0.633299 0.020998
vt 0.633299 0.029545
vt 0.633299 0.038091
vt 0.633299 0.072275
vt 0.633299 0.234651
vt 0.633299 0.243197
vt 0.160053 0.040100
vt 0.789627 0.925926
vt 0.160053 0.036037
vt 0.787712 0.929509
vt 0.160053 0.031974
vt 0.786532 0.933397
vt 0.160053 0.027911
vt 0.786134 0.937440
vt 0.160053 0.044163
vt 0.792204 0.922785
vt 0.955005 0.145482
vt 0.734709 0.943156
vt 0.955005 0.149545
vt 0.736624 0.946739
vt 0.959762 0.153608
vt 0.955964 0.267044
vt 0.959762 0.141420
vt 0.950292 0.277656
vt 0.155296 0.027911
vt 0.713880 0.935688
vt 0.155296 0.044163
vt 0.719950 0.950343
vt 0.955005 0.141420
vt 0.733530 0.939268
vt 0.739202 0.949880
vt 0.955005 0.153608
vt 0.733131 0.935225
vt 0.955005 0.137357
vt 0.959762 0.145482
vt 0.951471 0.273768
vt 0.155296 0.040100
vt 0.717373 0.947202
vt 0.155296 0.036037
vt 0.715457 0.943619
vt 0.155296 0.031974
vt 0.714278 0.939731
vt 0.160053 0.015723
vt 0.789627 0.948954
vt 0.160053 0.019786
vt 0.787712 0.945371
vt 0.160053 0.023849
vt 0.786532 0.941483
vt 0.955005 0.129231
vt 0.734709 0.927294
vt 0.955005 0.125168
vt 0.736624 0.923711
vt 0.959762 0.121106
vt 0.955964 0.296354
vt 0.959762 0.133294
vt 0.950292 0.285742
vt 0.155296 0.011660
vt 0.719950 0.921033
vt 0.160053 0.011660
vt 0.792204 0.952095
vt 0.733530 0.931182
vt 0.955005 0.133294
vt 0.739202 0.920570
vt 0.955005 0.121106
vt 0.155296 0.015723
vt 0.717373 0.924174
vt 0.155296 0.019786
vt 0.715457 0.927757
vt 0.155296 0.023849
vt 0.714278 0.931645
vt 0.792818 0.415888
vt 0.792818 0.409257
vt 0.786872 0.468940
vt 0.952124 0.299661
vt 0.786872 0.462308
vt 0.948087 0.294400
vt 0.786872 0.422520
vt 0.959762 0.161089
vt 0.957385 0.259699
vt 0.786872 0.475571
vt 0.959762 0.113625
vt 0.957385 0.303698
vt 0.786872 0.429151
vt 0.952124 0.263736
vt 0.792818 0.482203
vt 0.786872 0.435783
vt 0.948087 0.268998
vt 0.792818 0.488834
vt 0.786872 0.442414
vt 0.945549 0.275124
vt 0.792818 0.495466
vt 0.786872 0.449045
vt 0.944683 0.281699
vt 0.792818 0.402625
vt 0.786872 0.455677
vt 0.945549 0.288274
vt 0.796386 0.508728
vt 0.789429 0.955403
vt 0.796386 0.369468
vt 0.796386 0.528623
vt 0.781989 0.937440
vt 0.796386 0.515360
vt 0.785392 0.950141
vt 0.796386 0.521991
vt 0.782854 0.944015
vt 0.796386 0.376100
vt 0.782854 0.930865
vt 0.796386 0.382731
vt 0.785392 0.924739
vt 0.796386 0.389362
vt 0.789429 0.919478
vt 0.796386 0.395994
vt 0.160053 0.051916
vt 0.794690 0.915441
vt 0.796386 0.502097
vt 0.160053 0.003906
vt 0.794690 0.959440
vt 0.791629 0.515360
vt 0.713138 0.922987
vt 0.791629 0.468940
vt 0.735361 0.917262
vt 0.791629 0.422520
vt 0.740622 0.957224
vt 0.955005 0.161089
vt 0.710600 0.929114
vt 0.791629 0.521991
vt 0.791629 0.376100
vt 0.710600 0.942263
vt 0.791629 0.475571
vt 0.740622 0.913225
vt 0.955005 0.113625
vt 0.791629 0.429151
vt 0.735361 0.953187
vt 0.791629 0.382731
vt 0.713138 0.948390
vt 0.791629 0.435783
vt 0.731324 0.947926
vt 0.791629 0.389362
vt 0.717175 0.953651
vt 0.791629 0.442414
vt 0.728787 0.941800
vt 0.791629 0.395994
vt 0.155296 0.051916
vt 0.722436 0.957688
vt 0.791629 0.449045
vt 0.727921 0.935225
vt 0.722436 0.913689
vt 0.155296 0.003906
vt 0.791629 0.502097
vt 0.728787 0.928650
vt 0.791629 0.455677
vt 0.791629 0.508728
vt 0.717175 0.917726
vt 0.731324 0.922523
vt 0.791629 0.462308
vt 0.709735 0.935688
vt 0.791629 0.369468
vt 0.791629 0.528623
vt 0.959762 0.149545
vt 0.953386 0.270185
vt 0.959762 0.137357
vt 0.949894 0.281699
vt 0.959762 0.129231
vt 0.951471 0.289630
vt 0.959762 0.125168
vt 0.953386 0.293213
vt 0.892582 0.787113
vt 0.170973 0.840693
vt 0.916666 0.642659
vt 0.137444 0.835086
vt 0.142357 0.787327
vt 0.916175 0.383563
vt 0.916175 0.358662
vt 0.125022 0.798045
vt 0.892582 0.781750
vt 0.169939 0.836217
vt 0.892582 0.776387
vt 0.167782 0.832161
vt 0.892582 0.771024
vt 0.164648 0.828802
vt 0.892582 0.766874
vt 0.161839 0.826625
vt 0.916666 0.616751
vt 0.142266 0.855961
vt 0.916666 0.622115
vt 0.139133 0.852601
vt 0.892582 0.764489
vt 0.161498 0.824611
vt 0.892582 0.758186
vt 0.163112 0.819460
vt 0.892582 0.751654
vt 0.166367 0.814909
vt 0.892582 0.746284
vt 0.168461 0.810814
vt 0.892582 0.735419
vt 0.170207 0.801673
vt 0.170897 0.793007
vt 0.892582 0.725269
vt 0.170973 0.783479
vt 0.965228 0.327221
vt 0.892582 0.714144
vt 0.143254 0.781966
vt 0.965228 0.359632
vt 0.916175 0.389910
vt 0.916175 0.380118
vt 0.140057 0.789176
vt 0.916175 0.373998
vt 0.134871 0.789935
vt 0.916175 0.367006
vt 0.129537 0.792657
vt 0.916175 0.362050
vt 0.126356 0.795468
vt 0.916175 0.354040
vt 0.121344 0.799508
vt 0.916175 0.348310
vt 0.520890 0.911180
vt 0.116465 0.800048
vt 0.520890 0.916598
vt 0.117010 0.804656
vt 0.520890 0.948523
vt 0.916666 0.659852
vt 0.137304 0.820361
vt 0.520890 0.942230
vt 0.131989 0.819472
vt 0.520890 0.933031
vt 0.124882 0.816072
vt 0.520890 0.924462
vt 0.119779 0.810796
vt 0.170547 0.845931
vt 0.860633 0.133558
vt 0.892582 0.793261
vt 0.892582 0.791091
vt 0.170854 0.844098
vt 0.916666 0.612774
vt 0.145155 0.857766
vt 0.868307 0.193864
vt 0.916666 0.610479
vt 0.146944 0.858581
vt 0.985769 0.318097
vt 0.149420 0.859390
vt 0.983022 0.318097
vt 0.983022 0.380860
vt 0.151741 0.859778
vt 0.153960 0.859855
vt 0.575057 0.354291
vt 0.006538 0.485697
vt 0.156302 0.859630
vt 0.981056 0.409269
vt 0.577804 0.354291
vt 0.158465 0.859130
vt 0.578498 0.176585
vt 0.980248 0.552269
vt 0.160669 0.858306
vt 0.581245 0.176585
vt 0.401724 0.600058
vt 0.992361 0.100524
vt 0.162629 0.857263
vt 0.977615 0.544405
vt 0.995108 0.100524
vt 0.988429 0.523892
vt 0.164545 0.855897
vt 0.578498 0.204994
vt 0.404673 0.290974
vt 0.166169 0.854382
vt 0.581245 0.204994
vt 0.984497 0.437679
vt 0.167665 0.852566
vt 0.983022 0.352451
vt 0.168841 0.850683
vt 0.991870 0.429814
vt 0.985769 0.352451
vt 0.169817 0.848542
vt 0.133177 0.112056
vt 0.030206 0.189352
vt 0.160323 0.856078
vt 0.399092 0.600058
vt 0.989266 0.318097
vt 0.865548 0.193864
vt 0.148627 0.856921
vt 0.994700 0.352451
vt 0.003906 0.485697
vt 0.153294 0.857701
vt 0.993836 0.352451
vt 0.985654 0.380860
vt 0.152554 0.857676
vt 0.991061 0.523892
vt 0.944564 0.504647
vt 0.163634 0.853834
vt 0.988401 0.318097
vt 0.149335 0.857137
vt 0.987129 0.437679
vt 0.890124 0.110521
vt 0.166251 0.850810
vt 0.402041 0.290974
vt 0.943700 0.504647
vt 0.164175 0.853330
vt 0.993836 0.401405
vt 0.863439 0.133558
vt 0.168213 0.846504
vt 0.977615 0.552269
vt 0.404871 0.357150
vt 0.157265 0.857222
vt 0.404007 0.357150
vt 0.983688 0.409269
vt 0.156544 0.857388
vt 0.029465 0.189352
vt 0.980248 0.544405
vt 0.160976 0.855730
vt 0.994700 0.401405
vt 0.135432 0.112056
vt 0.167997 0.847212
vt 0.994502 0.429814
vt 0.890988 0.110521
vt 0.166643 0.850183
vt 0.916666 0.620282
vt 0.140203 0.853750
vt 0.916666 0.625740
vt 0.138835 0.849511
vt 0.130816 0.799421
vt 0.143498 0.800110
vt 0.144711 0.809893
vt 0.125860 0.807831
vt 0.131590 0.808456
vt 0.913126 0.787113
vt 0.290956 0.859405
vt 0.937211 0.642659
vt 0.324602 0.854756
vt 0.936719 0.383563
vt 0.321692 0.807082
vt 0.936719 0.358662
vt 0.338485 0.818492
vt 0.913126 0.781750
vt 0.292106 0.854946
vt 0.913126 0.776387
vt 0.294372 0.850935
vt 0.913126 0.771024
vt 0.297598 0.847647
vt 0.913126 0.766874
vt 0.300469 0.845535
vt 0.937211 0.616751
vt 0.319275 0.875439
vt 0.937211 0.622115
vt 0.322481 0.872169
vt 0.913126 0.764489
vt 0.300869 0.843513
vt 0.913126 0.758186
vt 0.299470 0.838249
vt 0.913126 0.751654
vt 0.296411 0.833512
vt 0.913126 0.746284
vt 0.294501 0.829294
vt 0.913126 0.735419
vt 0.293187 0.820023
vt 0.913126 0.725269
vt 0.292930 0.811287
vt 0.944683 0.327221
vt 0.913126 0.714144
vt 0.293349 0.801713
vt 0.944683 0.359632
vt 0.936719 0.389910
vt 0.321087 0.801713
vt 0.936719 0.380118
vt 0.323894 0.809022
vt 0.936719 0.373998
vt 0.329028 0.809996
vt 0.936719 0.367006
vt 0.334225 0.812932
vt 0.936719 0.362050
vt 0.337270 0.815868
vt 0.936719 0.354040
vt 0.342094 0.820104
vt 0.936719 0.348310
vt 0.500345 0.911180
vt 0.346943 0.820850
vt 0.500345 0.916598
vt 0.346199 0.825427
vt 0.500345 0.948522
vt 0.937211 0.659852
vt 0.325256 0.840173
vt 0.500345 0.942230
vt 0.330603 0.839536
vt 0.500345 0.933031
vt 0.337845 0.836468
vt 0.500345 0.924462
vt 0.343166 0.831432
vt 0.860633 0.113013
vt 0.913126 0.793261
vt 0.291250 0.864668
vt 0.913126 0.791091
vt 0.290990 0.862823
vt 0.937211 0.612774
vt 0.316347 0.877166
vt 0.868307 0.173319
vt 0.937211 0.610479
vt 0.314541 0.877935
vt 0.985769 0.297552
vt 0.312127 0.878670
vt 0.983022 0.297552
vt 0.983022 0.401405
vt 0.309800 0.879030
vt 0.575057 0.374836
vt 0.006538 0.506242
vt 0.307527 0.879046
vt 0.981056 0.429814
vt 0.577804 0.374836
vt 0.305189 0.878761
vt 0.578498 0.197129
vt 0.980248 0.572813
vt 0.303034 0.878203
vt 0.581245 0.197129
vt 0.401724 0.579513
vt 0.300849 0.877323
vt 0.992361 0.121069
vt 0.977615 0.523860
vt 0.298910 0.876226
vt 0.995108 0.121069
vt 0.988429 0.544436
vt 0.297026 0.874811
vt 0.578498 0.225539
vt 0.404673 0.311519
vt 0.295435 0.873251
vt 0.581245 0.225539
vt 0.984497 0.458223
vt 0.293981 0.871397
vt 0.983022 0.372996
vt 0.991870 0.409269
vt 0.292846 0.869478
vt 0.985769 0.372996
vt 0.133177 0.136043
vt 0.291920 0.867311
vt 0.030206 0.165364
vt 0.399092 0.579513
vt 0.301247 0.875102
vt 0.989266 0.297552
vt 0.865548 0.173319
vt 0.312900 0.876231
vt 0.994700 0.372996
vt 0.003906 0.506242
vt 0.308245 0.876911
vt 0.993836 0.372996
vt 0.985654 0.401405
vt 0.308986 0.876905
vt 0.991061 0.544436
vt 0.944564 0.484102
vt 0.297985 0.872769
vt 0.988401 0.297552
vt 0.312208 0.876439
vt 0.987129 0.458223
vt 0.890124 0.131066
vt 0.295435 0.869673
vt 0.402041 0.311519
vt 0.943700 0.484102
vt 0.297455 0.872249
vt 0.993836 0.380860
vt 0.863439 0.113013
vt 0.293570 0.865305
vt 0.977615 0.572813
vt 0.404871 0.377694
vt 0.304281 0.876326
vt 0.404007 0.377694
vt 0.983688 0.429814
vt 0.305000 0.876512
vt 0.029465 0.165364
vt 0.980248 0.523860
vt 0.300601 0.874736
vt 0.994700 0.380860
vt 0.135432 0.136043
vt 0.293770 0.866021
vt 0.994502 0.409269
vt 0.890988 0.131066
vt 0.295057 0.869034
vt 0.937211 0.620282
vt 0.321385 0.873286
vt 0.937211 0.625740
vt 0.322849 0.869094
vt 0.332636 0.819618
vt 0.319932 0.819759
vt 0.318278 0.829460
vt 0.337216 0.828211
vt 0.331461 0.828584
vt 0.844412 0.203618
vt 0.003906 0.729020
vt 0.003906 0.736518
vt 0.003906 0.744016
vt 0.003906 0.751513
vt 0.003906 0.759011
vt 0.003906 0.766509
vt 0.003906 0.774007
vt 0.003906 0.781504
vt 0.979581 0.112908
vt 0.844412 0.276520
vt 0.844412 0.252925
vt 0.053214 0.729020
vt 0.979581 0.136502
vt 0.053213 0.781504
vt 0.053214 0.736518
vt 0.979581 0.100524
vt 0.850293 0.287418
vt 0.464464 0.944616
vt 0.053214 0.744016
vt 0.053214 0.751513
vt 0.053214 0.759011
vt 0.053214 0.766509
vt 0.053213 0.774007
vt 0.884901 0.203618
vt 0.538422 0.903316
vt 0.884901 0.287418
vt 0.464464 0.910009
vt 0.538422 0.819516
vt 0.884901 0.264723
vt 0.538422 0.842211
vt 0.698904 0.945279
vt 0.984054 0.100524
vt 0.468937 0.944616
vt 0.701511 0.945279
vt 0.468937 0.942009
vt 0.984054 0.112908
vt 0.693023 0.956177
vt 0.701511 0.956177
vt 0.984054 0.136356
vt 0.693023 0.979626
vt 0.701511 0.979626
vt 0.868189 0.448428
vt 0.003906 0.833988
vt 0.003906 0.826491
vt 0.003906 0.818993
vt 0.003906 0.811495
vt 0.003906 0.803997
vt 0.003906 0.796500
vt 0.003906 0.789002
vt 0.989461 0.156750
vt 0.868189 0.521330
vt 0.868189 0.497736
vt 0.053213 0.833988
vt 0.989461 0.180344
vt 0.053213 0.826491
vt 0.989461 0.144366
vt 0.862308 0.532228
vt 0.492218 0.944616
vt 0.053213 0.818993
vt 0.053213 0.811495
vt 0.053213 0.803997
vt 0.053213 0.796500
vt 0.053213 0.789002
vt 0.827700 0.448428
vt 0.510668 0.903316
vt 0.510668 0.819516
vt 0.492218 0.910009
vt 0.827700 0.532228
vt 0.510668 0.842211
vt 0.827700 0.509533
vt 0.718240 0.700732
vt 0.984988 0.144366
vt 0.487746 0.944616
vt 0.715633 0.700732
vt 0.487746 0.942009
vt 0.984988 0.156750
vt 0.724121 0.711630
vt 0.715633 0.711630
vt 0.984988 0.180198
vt 0.724121 0.735079
vt 0.715633 0.735079
vt 0.205431 0.945149
vt 0.535668 0.793018
vt 0.226182 0.945149
vt 0.205431 0.946928
vt 0.535321 0.794762
vt 0.226182 0.946928
vt 0.205431 0.948707
vt 0.226182 0.948707
vt 0.534333 0.796241
vt 0.205431 0.950485
vt 0.226182 0.950485
vt 0.532854 0.797230
vt 0.205431 0.952264
vt 0.226182 0.952264
vt 0.531109 0.797577
vt 0.205431 0.954043
vt 0.226182 0.954043
vt 0.529365 0.797230
vt 0.205431 0.955822
vt 0.226182 0.955822
vt 0.527886 0.796241
vt 0.205431 0.957601
vt 0.226182 0.957601
vt 0.526897 0.794762
vt 0.205431 0.959379
vt 0.205431 0.930919
vt 0.226182 0.959379
vt 0.226182 0.930919
vt 0.526550 0.793018
vt 0.536180 0.800188
vt 0.763315 0.943851
vt 0.531109 0.800188
vt 0.763315 0.948921
vt 0.763315 0.951719
vt 0.528365 0.799642
vt 0.763311 0.954517
vt 0.526039 0.798088
vt 0.524484 0.795762
vt 0.763333 0.957315
vt 0.763350 0.960113
vt 0.523939 0.793018
vt 0.763350 0.913248
vt 0.981056 0.643896
vt 0.773686 0.948921
vt 0.812828 0.727197
vt 0.986126 0.643896
vt 0.773686 0.943851
vt 0.763315 0.936680
vt 0.536180 0.793018
vt 0.768758 0.960081
vt 0.768758 0.913279
vt 0.804107 0.734368
vt 0.769096 0.957288
vt 0.804729 0.731624
vt 0.771774 0.951738
vt 0.809467 0.727743
vt 0.770166 0.954691
vt 0.806643 0.729569
vt 0.773686 0.936680
vt 0.986126 0.651066
vt 0.981056 0.651066
vt 0.812828 0.734368
vt 0.809752 0.734368
vt 0.205431 0.943370
vt 0.535321 0.791273
vt 0.226182 0.943370
vt 0.205431 0.941591
vt 0.226182 0.941591
vt 0.534333 0.789794
vt 0.205431 0.939813
vt 0.226182 0.939813
vt 0.532854 0.788806
vt 0.205431 0.938034
vt 0.226182 0.938034
vt 0.531109 0.788459
vt 0.205431 0.936255
vt 0.226182 0.936255
vt 0.529365 0.788806
vt 0.205431 0.934476
vt 0.226182 0.934476
vt 0.527886 0.789794
vt 0.205431 0.932697
vt 0.226182 0.932697
vt 0.526897 0.791273
vt 0.536180 0.785847
vt 0.763315 0.929509
vt 0.531109 0.785847
vt 0.763315 0.924439
vt 0.763315 0.921641
vt 0.528365 0.786393
vt 0.763311 0.918843
vt 0.526039 0.787947
vt 0.524484 0.790274
vt 0.763333 0.916046
vt 0.981056 0.658237
vt 0.773686 0.924439
vt 0.812828 0.741538
vt 0.986126 0.658237
vt 0.773686 0.929509
vt 0.769096 0.916073
vt 0.804729 0.737112
vt 0.771774 0.921622
vt 0.809467 0.740993
vt 0.770166 0.918669
vt 0.806643 0.739166
vt 0.806643 0.734368
vt 0.055361 0.503295
vt 0.690809 0.937375
vt 0.016686 0.503295
vt 0.055361 0.401162
vt 0.016686 0.401162
vt 0.774250 0.692861
vt 0.036023 0.503295
vt 0.679027 0.905003
vt 0.036023 0.401162
vt 0.774250 0.658412
vt 0.038172 0.503295
vt 0.684918 0.903964
vt 0.038172 0.401162
vt 0.780141 0.659450
vt 0.040320 0.503295
vt 0.690809 0.905003
vt 0.040320 0.401162
vt 0.785321 0.662441
vt 0.042469 0.503295
vt 0.695990 0.907994
vt 0.042469 0.401162
vt 0.789167 0.667024
vt 0.044618 0.503295
vt 0.699835 0.912577
vt 0.044618 0.401162
vt 0.791212 0.672645
vt 0.046766 0.503295
vt 0.701881 0.918198
vt 0.046766 0.401162
vt 0.791212 0.678627
vt 0.048915 0.503295
vt 0.701881 0.924180
vt 0.048915 0.401162
vt 0.789167 0.684248
vt 0.051063 0.503295
vt 0.699835 0.929801
vt 0.051063 0.401162
vt 0.785321 0.688831
vt 0.695990 0.934384
vt 0.053212 0.503295
vt 0.053212 0.401162
vt 0.780141 0.691822
vt 0.990445 0.335274
vt 0.434783 0.486144
vt 0.546549 0.328182
vt 0.244541 0.901794
vt 0.546549 0.320684
vt 0.243239 0.894410
vt 0.546549 0.313186
vt 0.239490 0.887917
vt 0.546549 0.305688
vt 0.233747 0.883097
vt 0.546549 0.298191
vt 0.226701 0.880533
vt 0.546549 0.290693
vt 0.219203 0.880533
vt 0.212158 0.883097
vt 0.546549 0.283195
vt 0.546549 0.275697
vt 0.206414 0.887916
vt 0.206535 0.901793
vt 0.206414 0.827346
vt 0.419736 0.486144
vt 0.208500 0.781935
vt 0.237180 0.901794
vt 0.208500 0.872757
vt 0.236256 0.896927
vt 0.208333 0.786827
vt 0.233596 0.892648
vt 0.208153 0.791803
vt 0.229519 0.889471
vt 0.207940 0.796904
vt 0.224518 0.887781
vt 0.207679 0.802105
vt 0.219197 0.887781
vt 0.207373 0.807334
vt 0.214196 0.889471
vt 0.207044 0.812506
vt 0.206735 0.817560
vt 0.210120 0.892648
vt 0.207459 0.896927
vt 0.206507 0.822490
vt 0.788127 0.692174
vt 0.566972 0.275697
vt 0.566972 0.328182
vt 0.774250 0.654047
vt 0.566972 0.320684
vt 0.781633 0.655349
vt 0.990362 0.325961
vt 0.826752 0.703346
vt 0.434815 0.495457
vt 0.566972 0.313186
vt 0.788127 0.659098
vt 0.566972 0.305688
vt 0.792946 0.664842
vt 0.566972 0.298191
vt 0.795510 0.671887
vt 0.566972 0.290693
vt 0.795510 0.679385
vt 0.566972 0.283195
vt 0.792946 0.686431
vt 0.247940 0.827346
vt 0.599849 0.544174
vt 0.248912 0.783172
vt 0.248912 0.871520
vt 0.624493 0.558402
vt 0.248774 0.788075
vt 0.626183 0.553759
vt 0.626183 0.548817
vt 0.248635 0.792981
vt 0.624493 0.544174
vt 0.248498 0.797891
vt 0.248365 0.802806
vt 0.621317 0.540389
vt 0.248238 0.807723
vt 0.617037 0.537918
vt 0.248124 0.812639
vt 0.612171 0.537060
vt 0.248031 0.817549
vt 0.607305 0.537918
vt 0.247967 0.822452
vt 0.603025 0.540389
vt 0.839497 0.003906
vt 0.601400 0.545069
vt 0.869318 0.003906
vt 0.622942 0.557507
vt 0.854407 0.003906
vt 0.624420 0.553448
vt 0.852751 0.003906
vt 0.624420 0.549128
vt 0.851094 0.003906
vt 0.622942 0.545069
vt 0.849437 0.003906
vt 0.620166 0.541760
vt 0.847781 0.003906
vt 0.616425 0.539600
vt 0.846124 0.003906
vt 0.612171 0.538850
vt 0.844467 0.003906
vt 0.607917 0.539600
vt 0.842811 0.003906
vt 0.604176 0.541760
vt 0.841154 0.003906
vt 0.839497 0.105149
vt 0.689172 0.932876
vt 0.869318 0.105149
vt 0.680664 0.909501
vt 0.854407 0.105149
vt 0.684918 0.908751
vt 0.852751 0.105149
vt 0.689172 0.909501
vt 0.851094 0.105149
vt 0.692913 0.911661
vt 0.849437 0.105149
vt 0.695689 0.914970
vt 0.847781 0.105149
vt 0.697167 0.919029
vt 0.846124 0.105149
vt 0.697167 0.923349
vt 0.844467 0.105149
vt 0.695689 0.927408
vt 0.842811 0.105149
vt 0.692913 0.930717
vt 0.841154 0.105149
vt 0.223977 0.802127
vt 0.224181 0.797194
vt 0.223755 0.807089
vt 0.223533 0.812093
vt 0.223179 0.827346
vt 0.223339 0.817142
vt 0.224684 0.782486
vt 0.224684 0.872206
vt 0.223212 0.822232
vt 0.224529 0.787380
vt 0.224364 0.792281
vt 0.546549 0.271133
vt 0.206451 0.892481
vt 0.820819 0.717174
vt 0.419768 0.495457
vt 0.834092 0.737611
vt 0.783562 0.705432
vt 0.983022 0.325961
vt 0.834092 0.703354
vt 0.566972 0.271133
vt 0.783562 0.692174
vt 0.820834 0.737597
vt 0.983022 0.335274
vt 0.774250 0.705432
vt 0.033875 0.503295
vt 0.673846 0.907994
vt 0.033875 0.401162
vt 0.768358 0.659450
vt 0.031726 0.503295
vt 0.670001 0.912577
vt 0.031726 0.401162
vt 0.763178 0.662441
vt 0.029577 0.503295
vt 0.667955 0.918198
vt 0.029577 0.401162
vt 0.759333 0.667024
vt 0.027429 0.503295
vt 0.667955 0.924180
vt 0.027429 0.401162
vt 0.757287 0.672645
vt 0.025280 0.503295
vt 0.670001 0.929801
vt 0.025280 0.401162
vt 0.757287 0.678627
vt 0.023132 0.503295
vt 0.673846 0.934384
vt 0.023132 0.401162
vt 0.759333 0.684248
vt 0.020983 0.503295
vt 0.679027 0.937375
vt 0.020983 0.401162
vt 0.763178 0.688831
vt 0.684918 0.938413
vt 0.018834 0.503295
vt 0.018834 0.401162
vt 0.768358 0.691822
vt 0.546549 0.335679
vt 0.243239 0.909177
vt 0.546549 0.343177
vt 0.239490 0.915670
vt 0.546549 0.350675
vt 0.233747 0.920490
vt 0.546549 0.358172
vt 0.226701 0.923054
vt 0.546549 0.365670
vt 0.219203 0.923054
vt 0.212158 0.920490
vt 0.546549 0.373168
vt 0.546549 0.380666
vt 0.206414 0.915670
vt 0.236256 0.906660
vt 0.208333 0.867866
vt 0.233596 0.910939
vt 0.208153 0.862889
vt 0.229519 0.914116
vt 0.207940 0.857788
vt 0.224518 0.915806
vt 0.207679 0.852587
vt 0.219197 0.915806
vt 0.207373 0.847358
vt 0.214196 0.914116
vt 0.207044 0.842186
vt 0.206735 0.837132
vt 0.210120 0.910939
vt 0.207459 0.906660
vt 0.206507 0.832203
vt 0.760373 0.692174
vt 0.566972 0.380666
vt 0.566972 0.335679
vt 0.766866 0.655349
vt 0.990362 0.344587
vt 0.412889 0.987833
vt 0.434815 0.476831
vt 0.566972 0.343177
vt 0.760373 0.659098
vt 0.566972 0.350675
vt 0.755553 0.664842
vt 0.566972 0.358172
vt 0.752989 0.671887
vt 0.566972 0.365670
vt 0.752989 0.679385
vt 0.566972 0.373168
vt 0.755553 0.686431
vt 0.248774 0.866617
vt 0.621317 0.562188
vt 0.617037 0.564658
vt 0.248635 0.861711
vt 0.612171 0.565516
vt 0.248499 0.856801
vt 0.248365 0.851886
vt 0.607305 0.564658
vt 0.248238 0.846969
vt 0.603025 0.562188
vt 0.248124 0.842054
vt 0.599849 0.558402
vt 0.248031 0.837143
vt 0.598159 0.553759
vt 0.247967 0.832240
vt 0.598159 0.548817
vt 0.620166 0.560816
vt 0.856064 0.003906
vt 0.616425 0.562976
vt 0.857721 0.003906
vt 0.612171 0.563726
vt 0.859378 0.003906
vt 0.607917 0.562976
vt 0.861034 0.003906
vt 0.604176 0.560816
vt 0.862691 0.003906
vt 0.601400 0.557507
vt 0.864348 0.003906
vt 0.599922 0.553448
vt 0.866004 0.003906
vt 0.599922 0.549128
vt 0.867661 0.003906
vt 0.676923 0.911661
vt 0.856064 0.105149
vt 0.674147 0.914970
vt 0.857721 0.105149
vt 0.672669 0.919029
vt 0.859378 0.105149
vt 0.672669 0.923349
vt 0.861034 0.105149
vt 0.674147 0.927408
vt 0.862691 0.105149
vt 0.676923 0.930717
vt 0.864348 0.105149
vt 0.680664 0.932876
vt 0.866004 0.105149
vt 0.684918 0.933626
vt 0.867661 0.105149
vt 0.223977 0.852566
vt 0.224181 0.857498
vt 0.223755 0.847603
vt 0.223533 0.842599
vt 0.223339 0.837550
vt 0.223212 0.832460
vt 0.224529 0.867312
vt 0.224364 0.862411
vt 0.546549 0.385230
vt 0.206451 0.911106
vt 0.406956 0.974005
vt 0.419768 0.476831
vt 0.420228 0.953568
vt 0.764937 0.705432
vt 0.983022 0.344587
vt 0.420228 0.987826
vt 0.566972 0.385230
vt 0.764937 0.692174
vt 0.406971 0.953583
vt 0.886081 0.154385
vt 0.384088 0.244365
vt 0.031513 0.547393
vt 0.249177 0.526140
vt 0.315846 0.547322
vt 0.566268 0.854477
vt 0.755620 0.641984
vt 0.839497 0.154383
vt 0.056269 0.120778
vt 0.886081 0.151618
vt 0.381374 0.243825
vt 0.249315 0.528351
vt 0.040394 0.547379
vt 0.839497 0.151616
vt 0.058984 0.120238
vt 0.764046 0.639147
vt 0.566252 0.863377
vt 0.379073 0.242287
vt 0.886081 0.148850
vt 0.839497 0.148848
vt 0.061285 0.118700
vt 0.914700 0.122437
vt 0.103465 0.096725
vt 0.377535 0.239986
vt 0.886082 0.146083
vt 0.249882 0.530492
vt 0.049277 0.547367
vt 0.062823 0.116399
vt 0.839497 0.146080
vt 0.772864 0.638007
vt 0.566237 0.872499
vt 0.588612 0.855447
vt 0.376995 0.237272
vt 0.886082 0.143315
vt 0.154313 0.989724
vt 0.296268 0.229434
vt 0.696357 0.363903
vt 0.250856 0.532482
vt 0.058159 0.547355
vt 0.922012 0.122437
vt 0.038764 0.208108
vt 0.256058 0.229436
vt 0.169818 0.989724
vt 0.296268 0.245004
vt 0.566222 0.881218
vt 0.781735 0.638610
vt 0.252200 0.534243
vt 0.067043 0.547343
vt 0.067131 0.774070
vt 0.566210 0.889870
vt 0.790318 0.640932
vt 0.588618 0.858742
vt 0.376569 0.234017
vt 0.075927 0.547332
vt 0.253861 0.535708
vt 0.588626 0.862799
vt 0.375105 0.230232
vt 0.076018 0.774077
vt 0.798283 0.644883
vt 0.065621 0.110263
vt 0.839497 0.139149
vt 0.922012 0.112890
vt 0.032142 0.214770
vt 0.063362 0.113685
vt 0.839497 0.143313
vt 0.084812 0.547322
vt 0.255776 0.536821
vt 0.084905 0.774083
vt 0.805324 0.650313
vt 0.624725 0.868553
vt 0.852562 0.131957
vt 0.065253 0.106648
vt 0.039733 0.705808
vt 0.093697 0.547312
vt 0.257872 0.537539
vt 0.624719 0.872642
vt 0.852562 0.125328
vt 0.093792 0.774088
vt 0.811171 0.657012
vt 0.624715 0.881343
vt 0.852562 0.119417
vt 0.102583 0.547303
vt 0.260067 0.537835
vt 0.624711 0.889973
vt 0.045648 0.095847
vt 0.852562 0.113013
vt 0.102680 0.774093
vt 0.815598 0.664723
vt 0.914700 0.112890
vt 0.094719 0.092521
vt 0.111469 0.547295
vt 0.262278 0.537696
vt 0.914700 0.086919
vt 0.140912 0.511318
vt 0.069479 0.090268
vt 0.111568 0.774096
vt 0.818436 0.673149
vt 0.914700 0.093342
vt 0.075781 0.089127
vt 0.120356 0.547287
vt 0.264419 0.537129
vt 0.914700 0.099287
vt 0.081695 0.089075
vt 0.120456 0.774099
vt 0.819575 0.681967
vt 0.914700 0.105958
vt 0.088221 0.090245
vt 0.072458 0.108854
vt 0.839497 0.132168
vt 0.129243 0.547280
vt 0.266409 0.536155
vt 0.078740 0.106483
vt 0.839497 0.125453
vt 0.129344 0.774101
vt 0.818972 0.690838
vt 0.138130 0.547274
vt 0.268170 0.534812
vt 0.138232 0.774103
vt 0.816650 0.699421
vt 0.922012 0.086919
vt 0.008873 0.225496
vt 0.140912 0.504007
vt 0.922012 0.093342
vt 0.015229 0.224444
vt 0.147017 0.547269
vt 0.269635 0.533151
vt 0.812699 0.707386
vt 0.147120 0.774086
vt 0.922012 0.099287
vt 0.020874 0.222477
vt 0.155903 0.547265
vt 0.270748 0.531235
vt 0.026701 0.219144
vt 0.922012 0.105958
vt 0.807269 0.714427
vt 0.156007 0.774085
vt 0.041015 0.095847
vt 0.847895 0.113025
vt 0.831034 0.159025
vt 0.164790 0.547261
vt 0.271466 0.529140
vt 0.164894 0.774084
vt 0.800570 0.720273
vt 0.831467 0.165121
vt 0.847896 0.119469
vt 0.173676 0.547258
vt 0.271762 0.526945
vt 0.173781 0.774082
vt 0.792859 0.724701
vt 0.260482 0.415275
vt 0.839497 0.122112
vt 0.081596 0.104752
vt 0.268881 0.415275
vt 0.831572 0.167747
vt 0.847895 0.122107
vt 0.260482 0.397122
vt 0.037121 0.705813
vt 0.064168 0.109223
vt 0.032142 0.705785
vt 0.056269 0.105685
vt 0.315714 0.705630
vt 0.260482 0.405554
vt 0.072458 0.107664
vt 0.260482 0.413120
vt 0.079442 0.104751
vt 0.268881 0.413120
vt 0.830520 0.169632
vt 0.268881 0.405554
vt 0.830745 0.177066
vt 0.588653 0.854688
vt 0.384088 0.229273
vt 0.588636 0.863759
vt 0.375240 0.228401
vt 0.173772 0.751316
vt 0.681226 0.371485
vt 0.166180 0.751307
vt 0.154313 0.973408
vt 0.681226 0.363903
vt 0.272831 0.229436
vt 0.169818 0.973408
vt 0.166175 0.735884
vt 0.272831 0.237018
vt 0.173762 0.735884
vt 0.075859 0.690613
vt 0.111504 0.702951
vt 0.164858 0.702937
vt 0.084788 0.702966
vt 0.102604 0.702954
vt 0.384088 0.230232
vt 0.384088 0.234017
vt 0.384088 0.237272
vt 0.384088 0.239986
vt 0.384088 0.242287
vt 0.056269 0.107453
vt 0.056269 0.109221
vt 0.056269 0.111741
vt 0.056269 0.113685
vt 0.134160 0.511318
vt 0.066330 0.096240
vt 0.066924 0.686977
vt 0.058049 0.686960
vt 0.075127 0.094949
vt 0.049176 0.686943
vt 0.084007 0.095399
vt 0.040303 0.686925
vt 0.092628 0.097573
vt 0.031432 0.686908
vt 0.315995 0.686471
vt 0.100660 0.101387
vt 0.288697 0.229434
vt 0.696357 0.371485
vt 0.003906 0.220921
vt 0.134160 0.504007
vt 0.066927 0.694450
vt 0.067033 0.714584
vt 0.040771 0.089076
vt 0.825734 0.155259
vt 0.058312 0.713886
vt 0.825734 0.164392
vt 0.012632 0.219211
vt 0.058224 0.694467
vt 0.825734 0.173787
vt 0.049571 0.713874
vt 0.020856 0.215832
vt 0.049501 0.694483
vt 0.256058 0.237018
vt 0.288697 0.245004
vt 0.027064 0.211710
vt 0.042701 0.694497
vt 0.032131 0.694515
vt 0.315719 0.694196
vt 0.034568 0.204645
vt 0.825734 0.180109
vt 0.043360 0.713864
vt 0.067320 0.104151
vt 0.042732 0.705803
vt 0.373041 0.227734
vt 0.588632 0.866067
vt 0.829119 0.185033
vt 0.268881 0.397122
vt 0.037131 0.713855
vt 0.040014 0.713859
vt 0.827094 0.183165
vt 0.138213 0.743365
vt 0.084856 0.743367
vt 0.093752 0.743363
vt 0.120430 0.743363
vt 0.596395 0.881295
vt 0.129322 0.743364
vt 0.164893 0.752169
vt 0.147104 0.743366
vt 0.173772 0.752178
vt 0.596746 0.872623
vt 0.102646 0.743362
vt 0.155998 0.743367
vt 0.075960 0.743378
vt 0.111539 0.743362
vt 0.595973 0.889919
vt 0.067078 0.743401
vt 0.839497 0.141187
vt 0.064222 0.111742
vt 0.624733 0.861246
vt 0.852562 0.139151
vt 0.093699 0.702958
vt 0.857652 0.154384
vt 0.857652 0.148849
vt 0.155967 0.702943
vt 0.129294 0.702948
vt 0.857653 0.146082
vt 0.120400 0.702949
vt 0.616468 0.872649
vt 0.075909 0.718860
vt 0.147078 0.702948
vt 0.857652 0.151617
vt 0.138187 0.702948
vt 0.617122 0.862765
vt 0.617813 0.855423
vt 0.857653 0.143314
vt 0.617623 0.858712
vt 0.623141 0.872643
vt 0.622694 0.889970
vt 0.045617 0.093815
vt 0.623355 0.881342
vt 0.615485 0.889956
vt 0.050571 0.089076
vt 0.067047 0.724235
vt 0.056269 0.116400
vt 0.620397 0.889965
vt 0.046178 0.091411
vt 0.618007 0.889960
vt 0.048049 0.089706
vt 0.616274 0.881335
vt 0.618963 0.881338
vt 0.621362 0.881340
vt 0.621143 0.872644
vt 0.618920 0.872646
vt 0.616690 0.866030
vt 0.623159 0.867563
vt 0.618983 0.866101
vt 0.621159 0.866611
vt 0.623572 0.861753
vt 0.622026 0.862367
vt 0.619791 0.862724
vt 0.852562 0.141204
vt 0.623941 0.858807
vt 0.852531 0.143313
vt 0.620881 0.856208
vt 0.855110 0.142987
vt 0.623055 0.857621
vt 0.853251 0.142090
vt 0.622884 0.859321
vt 0.620593 0.859073
vt 0.758118 0.647534
vt 0.185279 0.113436
vt 0.765414 0.645077
vt 0.185279 0.109055
vt 0.773049 0.644091
vt 0.185279 0.104674
vt 0.780729 0.644613
vt 0.185279 0.100293
vt 0.788161 0.646623
vt 0.185279 0.095911
vt 0.795057 0.650044
vt 0.185279 0.091530
vt 0.801153 0.654745
vt 0.185279 0.087149
vt 0.806215 0.660545
vt 0.185279 0.082768
vt 0.810048 0.667221
vt 0.185279 0.078387
vt 0.812505 0.674517
vt 0.185279 0.074005
vt 0.813491 0.682152
vt 0.185279 0.069624
vt 0.812969 0.689832
vt 0.185279 0.065243
vt 0.810959 0.697263
vt 0.185279 0.060862
vt 0.807538 0.704160
vt 0.185279 0.056481
vt 0.185279 0.052099
vt 0.802837 0.710256
vt 0.185279 0.047718
vt 0.797037 0.715318
vt 0.790361 0.719151
vt 0.185279 0.043337
vt 0.834090 0.785099
vt 0.834090 0.847797
vt 0.249475 0.526151
vt 0.834090 0.787058
vt 0.249610 0.528303
vt 0.834090 0.789017
vt 0.250162 0.530387
vt 0.834090 0.790977
vt 0.251111 0.532324
vt 0.252419 0.534039
vt 0.834090 0.792936
vt 0.254036 0.535466
vt 0.834090 0.794895
vt 0.255900 0.536549
vt 0.834090 0.796855
vt 0.257940 0.537248
vt 0.834090 0.798814
vt 0.834090 0.800773
vt 0.260078 0.537536
vt 0.834090 0.802733
vt 0.262230 0.537401
vt 0.834090 0.804692
vt 0.264315 0.536849
vt 0.834090 0.806651
vt 0.266252 0.535901
vt 0.267966 0.534593
vt 0.834090 0.808611
vt 0.269393 0.532976
vt 0.834090 0.810570
vt 0.834090 0.812529
vt 0.270476 0.531111
vt 0.834090 0.814489
vt 0.271176 0.529071
vt 0.834090 0.816448
vt 0.271463 0.526934
vt 0.187921 0.113436
vt 0.443189 0.938509
vt 0.187921 0.109055
vt 0.444260 0.936234
vt 0.187921 0.104674
vt 0.444867 0.933794
vt 0.187921 0.100293
vt 0.444987 0.931282
vt 0.187921 0.095911
vt 0.444614 0.928795
vt 0.443763 0.926428
vt 0.187921 0.091530
vt 0.442467 0.924273
vt 0.187921 0.087149
vt 0.187921 0.082768
vt 0.440775 0.922413
vt 0.187921 0.078387
vt 0.438753 0.920918
vt 0.187921 0.074005
vt 0.436478 0.919846
vt 0.187921 0.069624
vt 0.434037 0.919239
vt 0.187921 0.065243
vt 0.431525 0.919120
vt 0.187921 0.060862
vt 0.429039 0.919493
vt 0.187921 0.056481
vt 0.426672 0.920344
vt 0.187921 0.052099
vt 0.424517 0.921640
vt 0.187921 0.047718
vt 0.422657 0.923332
vt 0.187921 0.043337
vt 0.421162 0.925354
vt 0.884340 0.785099
vt 0.884340 0.847797
vt 0.444559 0.939327
vt 0.884340 0.787058
vt 0.445764 0.936769
vt 0.884340 0.789017
vt 0.446447 0.934025
vt 0.884340 0.790977
vt 0.446581 0.931201
vt 0.884340 0.792936
vt 0.446162 0.928404
vt 0.884340 0.794895
vt 0.445205 0.925744
vt 0.884340 0.796855
vt 0.443747 0.923321
vt 0.884340 0.798814
vt 0.441845 0.921228
vt 0.884340 0.800773
vt 0.439571 0.919547
vt 0.884340 0.802733
vt 0.437013 0.918343
vt 0.884340 0.804692
vt 0.434269 0.917660
vt 0.884340 0.806651
vt 0.431445 0.917526
vt 0.884340 0.808611
vt 0.428648 0.917945
vt 0.884340 0.810570
vt 0.425987 0.918902
vt 0.884340 0.812529
vt 0.423564 0.920359
vt 0.884340 0.814489
vt 0.421472 0.922262
vt 0.884340 0.816448
vt 0.419791 0.924535
vt 0.173746 0.702918
vt 0.056269 0.118701
vt 0.164887 0.734571
vt 0.173763 0.734574
vt 0.855110 0.143315
vt 0.853247 0.143314
vt 0.886081 0.157153
vt 0.386802 0.243825
vt 0.249472 0.523945
vt 0.306962 0.547312
vt 0.839497 0.157151
vt 0.053556 0.120239
vt 0.747909 0.646411
vt 0.566285 0.845370
vt 0.389104 0.242287
vt 0.886081 0.159920
vt 0.839497 0.159919
vt 0.051255 0.118702
vt 0.390641 0.239986
vt 0.886081 0.162687
vt 0.250190 0.521849
vt 0.298078 0.547303
vt 0.049717 0.116401
vt 0.839497 0.162686
vt 0.741210 0.652258
vt 0.566301 0.836523
vt 0.588691 0.854017
vt 0.391181 0.237272
vt 0.886081 0.165455
vt 0.129245 0.975412
vt 0.281126 0.229434
vt 0.696357 0.379059
vt 0.251303 0.519934
vt 0.289194 0.547295
vt 0.256058 0.244591
vt 0.144750 0.975412
vt 0.281126 0.245004
vt 0.566317 0.827823
vt 0.735781 0.659299
vt 0.252769 0.518273
vt 0.280309 0.547287
vt 0.280397 0.773997
vt 0.566333 0.819198
vt 0.731829 0.667264
vt 0.588685 0.850741
vt 0.391607 0.234017
vt 0.271429 0.547280
vt 0.254530 0.516929
vt 0.588678 0.846716
vt 0.393072 0.230232
vt 0.271519 0.774008
vt 0.729507 0.675847
vt 0.046916 0.110263
vt 0.839497 0.169617
vt 0.922012 0.131984
vt 0.044050 0.200344
vt 0.049177 0.113687
vt 0.839497 0.165453
vt 0.262543 0.547274
vt 0.256520 0.515955
vt 0.262636 0.774019
vt 0.728904 0.684718
vt 0.625342 0.840693
vt 0.852562 0.176810
vt 0.047285 0.106646
vt 0.308237 0.705657
vt 0.253657 0.547269
vt 0.258661 0.515388
vt 0.625345 0.836645
vt 0.852562 0.183438
vt 0.253752 0.774028
vt 0.730044 0.693536
vt 0.625346 0.827931
vt 0.852562 0.189350
vt 0.244771 0.547265
vt 0.260872 0.515250
vt 0.625346 0.819287
vt 0.125578 0.089076
vt 0.852562 0.195754
vt 0.244867 0.774037
vt 0.732881 0.701962
vt 0.914700 0.131984
vt 0.111277 0.102480
vt 0.235884 0.547261
vt 0.263067 0.515545
vt 0.914700 0.157955
vt 0.310979 0.233550
vt 0.125096 0.123721
vt 0.235983 0.774046
vt 0.737309 0.709673
vt 0.914700 0.151532
vt 0.123151 0.117619
vt 0.226997 0.547258
vt 0.265163 0.516263
vt 0.914700 0.145587
vt 0.120424 0.112370
vt 0.227097 0.774053
vt 0.743155 0.716372
vt 0.914700 0.138916
vt 0.116333 0.107154
vt 0.040079 0.108855
vt 0.839497 0.176599
vt 0.218110 0.547256
vt 0.267078 0.517376
vt 0.033797 0.106486
vt 0.839497 0.183314
vt 0.218212 0.774060
vt 0.750196 0.721802
vt 0.209223 0.547255
vt 0.268739 0.518842
vt 0.209326 0.774066
vt 0.758161 0.725753
vt 0.922012 0.157955
vt 0.050173 0.175464
vt 0.310979 0.240860
vt 0.922012 0.151532
vt 0.050345 0.181905
vt 0.200337 0.547255
vt 0.270082 0.520603
vt 0.766744 0.728075
vt 0.200440 0.774071
vt 0.922012 0.145587
vt 0.049483 0.187820
vt 0.191450 0.547255
vt 0.271056 0.522592
vt 0.047314 0.194173
vt 0.922012 0.138916
vt 0.775615 0.728678
vt 0.191553 0.774076
vt 0.120889 0.089076
vt 0.847895 0.195742
vt 0.009244 0.139047
vt 0.182563 0.547256
vt 0.271623 0.524734
vt 0.182667 0.774079
vt 0.784433 0.727538
vt 0.009699 0.132903
vt 0.847895 0.189298
vt 0.629616 0.614065
vt 0.839497 0.186655
vt 0.030940 0.104755
vt 0.638015 0.614065
vt 0.009791 0.130264
vt 0.847895 0.186660
vt 0.629616 0.632217
vt 0.310996 0.705663
vt 0.048369 0.109223
vt 0.629616 0.623785
vt 0.040078 0.107666
vt 0.629616 0.616219
vt 0.033094 0.104754
vt 0.638015 0.616219
vt 0.008731 0.128391
vt 0.638015 0.623785
vt 0.009053 0.121001
vt 0.588669 0.845827
vt 0.392937 0.228401
vt 0.181363 0.751312
vt 0.129245 0.991728
vt 0.681226 0.379059
vt 0.272831 0.244591
vt 0.144750 0.991728
vt 0.181356 0.735889
vt 0.271606 0.690526
vt 0.253785 0.702912
vt 0.182638 0.702936
vt 0.244881 0.702917
vt 0.227089 0.702928
vt 0.304227 0.233550
vt 0.121296 0.129302
vt 0.280527 0.686540
vt 0.289395 0.686523
vt 0.118314 0.120925
vt 0.298263 0.686505
vt 0.113755 0.113292
vt 0.307129 0.686488
vt 0.107794 0.106695
vt 0.044740 0.171454
vt 0.304227 0.240860
vt 0.280527 0.694127
vt 0.280473 0.714207
vt 0.120889 0.095833
vt 0.003906 0.142841
vt 0.289344 0.714192
vt 0.003906 0.133700
vt 0.044715 0.180346
vt 0.289389 0.694145
vt 0.003906 0.124422
vt 0.298214 0.714177
vt 0.042955 0.189061
vt 0.298250 0.694162
vt 0.040084 0.195938
vt 0.305066 0.694177
vt 0.003906 0.118347
vt 0.304913 0.714165
vt 0.045220 0.104149
vt 0.305052 0.705651
vt 0.395136 0.227734
vt 0.588673 0.843473
vt 0.006115 0.112798
vt 0.638015 0.632217
vt 0.310991 0.714154
vt 0.308190 0.714159
vt 0.004598 0.115237
vt 0.209317 0.743300
vt 0.262661 0.743265
vt 0.253767 0.743268
vt 0.227095 0.743287
vt 0.597450 0.827891
vt 0.218206 0.743293
vt 0.182649 0.752171
vt 0.200428 0.743307
vt 0.597395 0.836639
vt 0.244875 0.743274
vt 0.191535 0.743316
vt 0.271558 0.743268
vt 0.235984 0.743280
vt 0.597655 0.819236
vt 0.280439 0.743288
vt 0.839497 0.167579
vt 0.048316 0.111743
vt 0.625338 0.847717
vt 0.852562 0.169616
vt 0.857652 0.159919
vt 0.262695 0.702909
vt 0.191528 0.702941
vt 0.235983 0.702922
vt 0.218197 0.702933
vt 0.857652 0.162686
vt 0.616856 0.836658
vt 0.271593 0.718783
vt 0.200417 0.702945
vt 0.857652 0.157151
vt 0.209306 0.702939
vt 0.617716 0.846665
vt 0.618698 0.853980
vt 0.857653 0.165454
vt 0.618387 0.850697
vt 0.623724 0.836647
vt 0.623491 0.819284
vt 0.125581 0.091057
vt 0.623999 0.827930
vt 0.616728 0.819270
vt 0.130580 0.095833
vt 0.280463 0.723987
vt 0.621365 0.819279
vt 0.126236 0.093460
vt 0.619124 0.819274
vt 0.128052 0.095199
vt 0.617006 0.827926
vt 0.619663 0.827928
vt 0.622031 0.827929
vt 0.621660 0.836650
vt 0.619369 0.836653
vt 0.617141 0.843419
vt 0.623709 0.841620
vt 0.619437 0.843159
vt 0.621650 0.842585
vt 0.624162 0.847275
vt 0.622607 0.846760
vt 0.620360 0.846502
vt 0.852561 0.167563
vt 0.624764 0.850154
vt 0.852531 0.165454
vt 0.621825 0.852933
vt 0.855109 0.165781
vt 0.623903 0.851395
vt 0.853250 0.166677
vt 0.623685 0.849739
vt 0.621336 0.850056
vt 0.751442 0.651367
vt 0.185279 0.117817
vt 0.745642 0.656429
vt 0.185279 0.122199
vt 0.740941 0.662525
vt 0.185279 0.126580
vt 0.737520 0.669421
vt 0.185279 0.130961
vt 0.735510 0.676853
vt 0.185279 0.135342
vt 0.734988 0.684533
vt 0.185279 0.139724
vt 0.735974 0.692168
vt 0.185279 0.003906
vt 0.185279 0.144105
vt 0.738431 0.699463
vt 0.185279 0.008287
vt 0.742264 0.706140
vt 0.185279 0.012669
vt 0.747326 0.711940
vt 0.185279 0.017050
vt 0.753422 0.716641
vt 0.185279 0.021431
vt 0.760319 0.720062
vt 0.185279 0.025812
vt 0.767750 0.722072
vt 0.185279 0.030193
vt 0.185279 0.034575
vt 0.775430 0.722594
vt 0.185279 0.038956
vt 0.783065 0.721608
vt 0.834090 0.845838
vt 0.249763 0.524013
vt 0.834090 0.843879
vt 0.250462 0.521973
vt 0.834090 0.841919
vt 0.251546 0.520109
vt 0.252972 0.518491
vt 0.834090 0.839960
vt 0.254687 0.517183
vt 0.834090 0.838001
vt 0.256624 0.516235
vt 0.834090 0.836041
vt 0.258709 0.515683
vt 0.834090 0.834082
vt 0.834090 0.832123
vt 0.260861 0.515548
vt 0.834090 0.830163
vt 0.262998 0.515836
vt 0.834090 0.828204
vt 0.265038 0.516535
vt 0.834090 0.826245
vt 0.266903 0.517619
vt 0.268520 0.519045
vt 0.834090 0.824285
vt 0.269828 0.520760
vt 0.834090 0.822326
vt 0.834090 0.820367
vt 0.270776 0.522697
vt 0.834090 0.818407
vt 0.271328 0.524782
vt 0.187921 0.117817
vt 0.441694 0.940531
vt 0.187921 0.122199
vt 0.439833 0.942223
vt 0.187921 0.126580
vt 0.437678 0.943519
vt 0.187921 0.130961
vt 0.435312 0.944370
vt 0.432825 0.944743
vt 0.187921 0.135342
vt 0.430313 0.944624
vt 0.187921 0.139724
vt 0.187921 0.003906
vt 0.187921 0.144105
vt 0.427873 0.944016
vt 0.187921 0.008287
vt 0.425598 0.942945
vt 0.187921 0.012669
vt 0.423575 0.941450
vt 0.187921 0.017050
vt 0.421884 0.939589
vt 0.187921 0.021431
vt 0.420588 0.937434
vt 0.187921 0.025812
vt 0.419737 0.935068
vt 0.187921 0.030193
vt 0.419364 0.932581
vt 0.187921 0.034575
vt 0.419483 0.930069
vt 0.187921 0.038956
vt 0.420090 0.927629
vt 0.884340 0.845838
vt 0.442878 0.941601
vt 0.884340 0.843879
vt 0.440786 0.943503
vt 0.884340 0.841919
vt 0.438363 0.944961
vt 0.884340 0.839960
vt 0.435702 0.945918
vt 0.884340 0.838001
vt 0.432906 0.946337
vt 0.884340 0.836041
vt 0.430081 0.946203
vt 0.884340 0.834082
vt 0.427337 0.945520
vt 0.884340 0.832123
vt 0.424779 0.944315
vt 0.884340 0.830163
vt 0.422505 0.942634
vt 0.884340 0.828204
vt 0.420603 0.940542
vt 0.884340 0.826245
vt 0.419146 0.938119
vt 0.884340 0.824285
vt 0.418189 0.935458
vt 0.884340 0.822326
vt 0.417769 0.932662
vt 0.884340 0.820367
vt 0.417904 0.929837
vt 0.884340 0.818407
vt 0.418586 0.927093
vt 0.182641 0.734574
vt 0.855109 0.165453
vt 0.853246 0.165454
vt 0.608972 0.011427
vt 0.608972 0.008920
vt 0.608972 0.006413
vt 0.608972 0.003906
vt 0.931482 0.003906
vt 0.931482 0.006413
vt 0.931482 0.008920
vt 0.931482 0.011427
vt 0.931482 0.013934
vt 0.931482 0.016441
vt 0.931482 0.018949
vt 0.931482 0.021456
vt 0.931482 0.023963
vt 0.608972 0.021456
vt 0.608972 0.018949
vt 0.608972 0.016442
vt 0.608972 0.013934
vt 0.608972 0.027850
vt 0.931482 0.068222
vt 0.931482 0.070388
vt 0.931482 0.072555
vt 0.931482 0.074722
vt 0.931482 0.076888
vt 0.931482 0.079055
vt 0.608972 0.081619
vt 0.608972 0.079452
vt 0.608972 0.077286
vt 0.608972 0.075119
vt 0.608972 0.072952
vt 0.608972 0.036217
vt 0.608972 0.047893
vt 0.608972 0.059491
vt 0.608972 0.067730
vt 0.931482 0.043940
vt 0.612483 0.047893
vt 0.889800 0.889057
vt 0.612483 0.059491
vt 0.892725 0.900280
vt 0.612483 0.067730
vt 0.895868 0.907896
vt 0.927971 0.043940
vt 0.914177 0.884230
vt 0.927971 0.070388
vt 0.575057 0.266679
vt 0.927971 0.072555
vt 0.575057 0.264944
vt 0.927971 0.074722
vt 0.575057 0.263208
vt 0.927971 0.076888
vt 0.575057 0.261473
vt 0.927971 0.079055
vt 0.612483 0.081619
vt 0.575057 0.259737
vt 0.575057 0.346427
vt 0.612483 0.079452
vt 0.575057 0.344691
vt 0.612483 0.077286
vt 0.575057 0.342956
vt 0.612483 0.075119
vt 0.575057 0.341220
vt 0.575057 0.334376
vt 0.896832 0.906547
vt 0.931482 0.065258
vt 0.575057 0.291172
vt 0.909619 0.885132
vt 0.575057 0.315422
vt 0.898073 0.887419
vt 0.931482 0.033006
vt 0.612483 0.008920
vt 0.895976 0.853252
vt 0.612483 0.011427
vt 0.893821 0.854533
vt 0.612483 0.006413
vt 0.898340 0.852416
vt 0.612483 0.003906
vt 0.927971 0.003906
vt 0.900821 0.852057
vt 0.927971 0.006413
vt 0.903325 0.852190
vt 0.927971 0.008920
vt 0.905754 0.852808
vt 0.927971 0.011427
vt 0.908017 0.853888
vt 0.927971 0.013934
vt 0.910025 0.855389
vt 0.927971 0.016441
vt 0.911702 0.857253
vt 0.927971 0.018949
vt 0.912983 0.859408
vt 0.927971 0.021456
vt 0.913819 0.861771
vt 0.927971 0.023963
vt 0.914177 0.864253
vt 0.612483 0.018949
vt 0.889376 0.860480
vt 0.612483 0.021456
vt 0.888758 0.862910
vt 0.612483 0.016442
vt 0.890457 0.858218
vt 0.612483 0.013934
vt 0.891957 0.856210
vt 0.612483 0.027850
vt 0.887666 0.869210
vt 0.612483 0.036217
vt 0.887670 0.877578
vt 0.927971 0.033006
vt 0.914177 0.873296
vt 0.913746 0.908508
vt 0.575057 0.268282
vt 0.927971 0.068222
vt 0.927971 0.065258
vt 0.913798 0.905545
vt 0.575057 0.270891
vt 0.913323 0.905537
vt 0.612483 0.072952
vt 0.898857 0.912179
vt 0.575057 0.339508
vt 0.575057 0.337206
vt 0.897600 0.909741
vt 0.575057 0.298082
vt 0.907868 0.875492
vt 0.575057 0.301210
vt 0.905716 0.873222
vt 0.575057 0.299764
vt 0.907073 0.873918
vt 0.575057 0.303824
vt 0.900816 0.873015
vt 0.575057 0.306854
vt 0.898864 0.875246
vt 0.575057 0.305205
vt 0.899498 0.873637
vt 0.580115 0.266679
vt 0.624207 0.974520
vt 0.625310 0.975267
vt 0.581474 0.266679
vt 0.624565 0.973810
vt 0.580115 0.268282
vt 0.625865 0.974155
vt 0.581474 0.268282
vt 0.580115 0.264944
vt 0.623465 0.975359
vt 0.624335 0.976366
vt 0.581474 0.264944
vt 0.580115 0.263208
vt 0.622530 0.975977
vt 0.623110 0.977174
vt 0.581474 0.263208
vt 0.580115 0.261473
vt 0.621468 0.976332
vt 0.621719 0.977638
vt 0.581474 0.261473
vt 0.580115 0.259737
vt 0.580115 0.346427
vt 0.620350 0.976400
vt 0.581474 0.259737
vt 0.620257 0.977726
vt 0.581474 0.346427
vt 0.580115 0.344691
vt 0.619251 0.976177
vt 0.618821 0.977436
vt 0.581474 0.344691
vt 0.580115 0.342956
vt 0.618248 0.975677
vt 0.617507 0.976783
vt 0.581474 0.342956
vt 0.580115 0.341220
vt 0.617409 0.974935
vt 0.616405 0.975811
vt 0.581474 0.341220
vt 0.580115 0.339508
vt 0.616817 0.974047
vt 0.581474 0.339508
vt 0.615614 0.974619
vt 0.580115 0.270891
vt 0.624660 0.971741
vt 0.625979 0.971774
vt 0.581474 0.270891
vt 0.616194 0.970232
vt 0.580115 0.334376
vt 0.614871 0.970109
vt 0.581474 0.334376
vt 0.616324 0.972434
vt 0.580115 0.337206
vt 0.581474 0.337206
vt 0.615015 0.972670
vt 0.624670 0.951518
vt 0.580115 0.291172
vt 0.625979 0.951469
vt 0.581474 0.291172
vt 0.580115 0.315422
vt 0.620835 0.951580
vt 0.619492 0.951557
vt 0.581474 0.315422
vt 0.623826 0.945122
vt 0.580115 0.301210
vt 0.624447 0.943744
vt 0.581474 0.301210
vt 0.624657 0.946490
vt 0.580115 0.298082
vt 0.625952 0.945975
vt 0.581474 0.298082
vt 0.624361 0.945518
vt 0.580115 0.299764
vt 0.625479 0.944498
vt 0.581474 0.299764
vt 0.622264 0.945892
vt 0.580115 0.306854
vt 0.621144 0.945050
vt 0.581474 0.306854
vt 0.623209 0.944995
vt 0.580115 0.303824
vt 0.623095 0.943468
vt 0.581474 0.303824
vt 0.622737 0.945128
vt 0.580115 0.305205
vt 0.621952 0.943787
vt 0.581474 0.305205
vt 0.622752 0.951550
vt 0.623459 0.946193
vt 0.620427 0.970978
vt 0.620447 0.973115
vt 0.620515 0.974279
vt 0.619960 0.975112
vt 0.620447 0.975146
vt 0.620933 0.975180
vt 0.641413 0.192172
vt 0.659827 0.935605
vt 0.641413 0.092115
vt 0.624210 0.935605
vt 0.644163 0.192172
vt 0.546549 0.933737
vt 0.644163 0.092115
vt 0.582167 0.933737
vt 0.574021 0.898187
vt 0.644163 0.132540
vt 0.570378 0.897755
vt 0.644163 0.136176
vt 0.641413 0.136176
vt 0.635998 0.897457
vt 0.641413 0.132540
vt 0.632355 0.897889
vt 0.577307 0.899440
vt 0.644163 0.129054
vt 0.641413 0.129054
vt 0.629069 0.899141
vt 0.579915 0.901392
vt 0.644163 0.125825
vt 0.641413 0.125825
vt 0.626461 0.901091
vt 0.581590 0.903852
vt 0.644163 0.122876
vt 0.641413 0.122876
vt 0.624786 0.903549
vt 0.644163 0.120115
vt 0.582167 0.906578
vt 0.641413 0.120115
vt 0.624210 0.906273
vt 0.641413 0.151748
vt 0.651682 0.897889
vt 0.641413 0.148112
vt 0.648039 0.897457
vt 0.644163 0.148112
vt 0.558338 0.897755
vt 0.644163 0.151748
vt 0.554695 0.898187
vt 0.641413 0.155234
vt 0.654968 0.899141
vt 0.644163 0.155234
vt 0.551408 0.899440
vt 0.641413 0.158463
vt 0.657576 0.901091
vt 0.644163 0.158463
vt 0.548800 0.901392
vt 0.641413 0.161412
vt 0.659250 0.903549
vt 0.644163 0.161412
vt 0.547126 0.903852
vt 0.641413 0.164173
vt 0.659827 0.906273
vt 0.644163 0.164173
vt 0.546549 0.906578
vt 0.644163 0.168872
vt 0.546549 0.910777
vt 0.644163 0.170118
vt 0.546549 0.912035
vt 0.641413 0.170118
vt 0.659827 0.912811
vt 0.641413 0.168872
vt 0.659827 0.911553
vt 0.644163 0.167610
vt 0.546549 0.909504
vt 0.641413 0.167610
vt 0.659827 0.910281
vt 0.644163 0.115416
vt 0.582167 0.910777
vt 0.644163 0.114170
vt 0.582167 0.912035
vt 0.644163 0.116678
vt 0.582167 0.909504
vt 0.641413 0.115416
vt 0.624210 0.911553
vt 0.641413 0.114170
vt 0.624210 0.912811
vt 0.641413 0.116678
vt 0.624210 0.910281
vt 0.542248 0.471899
vt 0.404782 0.443214
vt 0.542248 0.418223
vt 0.530700 0.471899
vt 0.447752 0.951899
vt 0.530700 0.418223
vt 0.124287 0.137155
vt 0.542248 0.468351
vt 0.401234 0.479415
vt 0.451300 0.988100
vt 0.187125 0.157599
vt 0.530700 0.468351
vt 0.144439 0.168106
vt 0.404782 0.473786
vt 0.542248 0.457700
vt 0.393685 0.473786
vt 0.447752 0.982471
vt 0.070262 0.128425
vt 0.451300 0.982471
vt 0.187125 0.151969
vt 0.070262 0.124877
vt 0.144439 0.164558
vt 0.124287 0.142785
vt 0.401234 0.473786
vt 0.185279 0.157599
vt 0.528854 0.468351
vt 0.110567 0.137155
vt 0.528854 0.471899
vt 0.114115 0.137155
vt 0.185279 0.151969
vt 0.110567 0.142785
vt 0.072108 0.124877
vt 0.114115 0.142785
vt 0.072108 0.128425
vt 0.142516 0.168106
vt 0.560311 0.009536
vt 0.560311 0.003906
vt 0.544172 0.471899
vt 0.122364 0.137155
vt 0.563859 0.003906
vt 0.544172 0.468351
vt 0.142516 0.164558
vt 0.122364 0.142785
vt 0.563859 0.009536
vt 0.542248 0.466687
vt 0.399570 0.479415
vt 0.542248 0.464395
vt 0.397318 0.478987
vt 0.542248 0.462129
vt 0.395409 0.477766
vt 0.542248 0.459901
vt 0.394133 0.475940
vt 0.530700 0.457700
vt 0.458849 0.982471
vt 0.530700 0.466687
vt 0.452964 0.988100
vt 0.530700 0.459901
vt 0.458401 0.984625
vt 0.530700 0.462129
vt 0.457126 0.986451
vt 0.530700 0.464395
vt 0.455216 0.987672
vt 0.542248 0.432118
vt 0.393685 0.448204
vt 0.398675 0.443214
vt 0.542248 0.424330
vt 0.542248 0.430171
vt 0.394065 0.446294
vt 0.542248 0.428224
vt 0.395146 0.444675
vt 0.542248 0.426277
vt 0.396765 0.443593
vt 0.453859 0.951899
vt 0.530700 0.424330
vt 0.530700 0.432118
vt 0.458849 0.956889
vt 0.530700 0.426277
vt 0.455769 0.952279
vt 0.530700 0.428224
vt 0.457388 0.953360
vt 0.530700 0.430171
vt 0.458470 0.954979
vt 0.412854 0.432613
vt 1.003906 0.044738
vt 0.412854 0.453735
vt 1.003906 0.020958
vt 0.412854 0.468966
vt 1.003906 0.003906
vt 0.178889 0.304251
vt 1.026907 0.003906
vt 0.412854 0.415107
vt 1.005765 0.064249
vt 0.412854 0.399541
vt 1.008145 0.081546
vt 0.412854 0.383804
vt 1.012101 0.098779
vt 0.412854 0.371087
vt 1.017146 0.112136
vt 0.412854 0.359058
vt 1.024114 0.123673
vt 0.412854 0.347370
vt 1.033603 0.132651
vt 0.412854 0.334932
vt 1.045595 0.139665
vt 0.412854 0.324156
vt 1.057165 0.142917
vt 0.412854 0.312606
vt 1.070027 0.143762
vt 0.412854 0.303678
vt 1.079782 0.141772
vt 0.412854 0.296363
vt 1.087568 0.139361
vt 0.412854 0.290665
vt 1.093925 0.139193
vt 0.813525 0.357699
vt 0.412854 0.285917
vt 1.098827 0.141273
vt 0.178889 0.315116
vt 1.020693 0.014578
vt 0.178889 0.323013
vt 1.014692 0.021201
vt 0.178889 0.334087
vt 1.009629 0.032465
vt 0.178889 0.342382
vt 1.008023 0.041607
vt 0.178889 0.355205
vt 1.008854 0.055923
vt 0.178889 0.369151
vt 1.010285 0.071468
vt 0.178889 0.384902
vt 1.013692 0.088800
vt 0.178889 0.399172
vt 1.018473 0.104091
vt 0.178889 0.412902
vt 1.025104 0.118009
vt 0.178889 0.424753
vt 1.033927 0.127997
vt 0.178889 0.436849
vt 1.045592 0.135021
vt 0.178889 0.447795
vt 1.057379 0.138668
vt 0.178889 0.458822
vt 1.069786 0.139185
vt 0.178889 0.468156
vt 1.080032 0.136791
vt 1.088798 0.132290
vt 0.178889 0.476900
vt 1.098826 0.122528
vt 0.178889 0.489375
vt 0.809721 0.357699
vt 0.467966 0.828892
vt 1.102240 0.138717
vt 0.178889 0.494433
vt 0.467966 0.847374
vt 1.102240 0.117998
vt 0.469314 0.902145
vt 0.631582 0.605281
vt 0.383363 0.973565
vt 0.631582 0.593493
vt 0.145992 0.939091
vt 0.383363 0.986782
vt 0.906719 0.117024
vt 0.809721 0.361200
vt 0.464464 0.828892
vt 0.901122 0.120965
vt 0.284075 0.933602
vt 0.803616 0.361200
vt 0.464464 0.902145
vt 0.636432 0.605281
vt 0.906719 0.199154
vt 0.906719 0.137746
vt 0.464464 0.847374
vt 0.636432 0.593493
vt 0.893502 0.199154
vt 0.145992 0.934241
vt 0.901122 0.137746
vt 0.284075 0.918635
vt 0.284075 0.886907
vt 0.901122 0.173319
vt 0.566210 0.777823
vt 0.991577 0.221515
vt 0.882260 0.173319
vt 0.583034 0.777823
vt 0.984988 0.221515
vt 0.884441 0.180377
vt 0.979581 0.059353
vt 0.893502 0.180377
vt 0.987663 0.059353
vt 0.129245 0.934241
vt 0.906719 0.180377
vt 0.464464 0.885397
vt 0.486574 0.215297
vt 0.134588 0.939091
vt 0.396149 0.986782
vt 0.474786 0.215297
vt 0.469314 0.890740
vt 0.396149 0.973565
vt 0.893502 0.173319
vt 0.573006 0.777823
vt 0.439158 0.432613
vt 0.003906 0.044738
vt 0.439158 0.453735
vt 0.003906 0.020958
vt 0.439158 0.468966
vt 0.003906 0.003906
vt 0.205192 0.304251
vt 0.026907 0.003906
vt 0.439158 0.415107
vt 0.005765 0.064249
vt 0.439158 0.399541
vt 0.008145 0.081546
vt 0.439158 0.383804
vt 0.012101 0.098779
vt 0.439158 0.371087
vt 0.017146 0.112136
vt 0.439158 0.359058
vt 0.024114 0.123673
vt 0.439158 0.347370
vt 0.033603 0.132651
vt 0.439158 0.334932
vt 0.045595 0.139665
vt 0.439158 0.324156
vt 0.057165 0.142917
vt 0.439158 0.312606
vt 0.070027 0.143762
vt 0.439158 0.303678
vt 0.079783 0.141772
vt 0.439158 0.296363
vt 0.087568 0.139361
vt 0.439158 0.290665
vt 0.093925 0.139193
vt 0.813525 0.331395
vt 0.439158 0.285917
vt 0.098827 0.141273
vt 0.205192 0.315116
vt 0.020693 0.014578
vt 0.205192 0.323013
vt 0.014692 0.021201
vt 0.205192 0.334087
vt 0.009629 0.032465
vt 0.205192 0.342382
vt 0.008023 0.041607
vt 0.205192 0.355205
vt 0.008854 0.055923
vt 0.205192 0.369151
vt 0.010286 0.071468
vt 0.205192 0.384902
vt 0.013692 0.088800
vt 0.205192 0.399172
vt 0.018473 0.104091
vt 0.205192 0.412902
vt 0.025104 0.118009
vt 0.205192 0.424753
vt 0.033927 0.127997
vt 0.205192 0.436849
vt 0.045592 0.135021
vt 0.205192 0.447795
vt 0.057379 0.138668
vt 0.205192 0.458822
vt 0.069786 0.139185
vt 0.205192 0.468156
vt 0.080032 0.136791
vt 0.088798 0.132290
vt 0.205192 0.476900
vt 0.098826 0.122528
vt 0.205192 0.489375
vt 0.809721 0.331395
vt 0.494269 0.828892
vt 0.102240 0.138717
vt 0.205192 0.494433
vt 0.494269 0.847374
vt 0.102240 0.117998
vt 0.492921 0.902145
vt 0.991804 0.697066
vt 0.646826 0.973177
vt 0.991804 0.685278
vt 0.145992 0.962698
vt 0.646826 0.986394
vt 0.628142 0.285235
vt 0.809721 0.327894
vt 0.497771 0.828892
vt 0.317381 0.933602
vt 0.633739 0.289176
vt 0.803616 0.327894
vt 0.497771 0.902145
vt 0.986954 0.697066
vt 0.628142 0.367365
vt 0.628142 0.305957
vt 0.497771 0.847374
vt 0.986954 0.685278
vt 0.641359 0.367365
vt 0.145992 0.967548
vt 0.317381 0.918635
vt 0.633739 0.305957
vt 0.317381 0.886907
vt 0.566210 0.811129
vt 0.633739 0.341530
vt 0.991577 0.188209
vt 0.583034 0.811129
vt 0.652601 0.341530
vt 0.984988 0.188209
vt 0.979581 0.092660
vt 0.650420 0.348588
vt 0.987663 0.092660
vt 0.641359 0.348588
vt 0.129245 0.967548
vt 0.628142 0.348588
vt 0.497771 0.885397
vt 0.486574 0.191690
vt 0.134588 0.962698
vt 0.634040 0.986394
vt 0.474786 0.191690
vt 0.492921 0.890740
vt 0.634040 0.973177
vt 0.573006 0.811129
vt 0.641359 0.341530
vt 0.036715 0.933722
vt 0.916162 0.960961
vt 0.003906 0.933722
vt 0.961543 0.061078
vt 0.031767 0.925414
vt 0.390800 0.608726
vt 0.906836 0.960961
vt 0.937877 0.801126
vt 0.399058 0.965701
vt 0.009477 0.925414
vt 0.013280 0.933722
vt 0.920638 0.801126
vt 0.009477 0.907539
vt 0.017082 0.907539
vt 0.350684 0.244115
vt 0.030171 0.933722
vt 0.350765 0.227722
vt 0.149850 0.202875
vt 0.589421 0.562038
vt 0.162473 0.202875
vt 0.576532 0.562038
vt 0.929446 0.176836
vt 0.009477 0.892138
vt 0.955264 0.311540
vt 0.913226 0.810267
vt 0.342588 0.235302
vt 0.014507 0.892138
vt 0.950217 0.311540
vt 0.149850 0.210803
vt 0.947632 0.319254
vt 0.350725 0.235325
vt 0.142516 0.210803
vt 0.955264 0.319254
vt 0.920638 0.810267
vt 0.009477 0.897672
vt 0.913226 0.804929
vt 0.009477 0.903797
vt 0.917029 0.801126
vt 0.009477 0.899714
vt 0.913735 0.803028
vt 0.009477 0.901755
vt 0.915128 0.801635
vt 0.015828 0.903797
vt 0.346724 0.244115
vt 0.014507 0.897672
vt 0.342566 0.240435
vt 0.015168 0.901755
vt 0.344639 0.243614
vt 0.014684 0.899714
vt 0.343118 0.242267
vt 0.393685 0.965701
vt 0.003906 0.925414
vt 0.953531 0.061078
vt 0.589421 0.537267
vt 0.368619 0.244115
vt 0.017082 0.925414
vt 0.961543 0.070219
vt 0.399058 0.956560
vt 0.937877 0.810267
vt 0.393685 0.956560
vt 0.953531 0.070219
vt 0.389261 0.608726
vt 0.030171 0.925414
vt 0.576532 0.537267
vt 0.946685 0.193904
vt 0.064364 0.916502
vt 0.916162 0.916279
vt 0.097183 0.916502
vt 0.961543 0.105760
vt 0.390800 0.564044
vt 0.069314 0.908191
vt 0.906836 0.916279
vt 0.937877 0.845808
vt 0.399058 0.921018
vt 0.091610 0.908191
vt 0.087806 0.916502
vt 0.920638 0.845808
vt 0.091610 0.890310
vt 0.084003 0.890310
vt 0.983352 0.504020
vt 0.070910 0.916502
vt 0.149850 0.192330
vt 0.995481 0.516029
vt 0.205431 0.992015
vt 0.162473 0.192330
vt 0.929446 0.166291
vt 0.218320 0.992015
vt 0.091610 0.874904
vt 0.913226 0.836667
vt 0.984347 0.516007
vt 0.086579 0.874904
vt 0.149850 0.184402
vt 0.084003 0.867215
vt 0.989848 0.510451
vt 0.142516 0.184402
vt 0.091610 0.867215
vt 0.920638 0.836667
vt 0.091610 0.880440
vt 0.913226 0.842004
vt 0.091610 0.886567
vt 0.917029 0.845808
vt 0.091610 0.882482
vt 0.913735 0.843906
vt 0.091610 0.884524
vt 0.915128 0.845298
vt 0.085257 0.886567
vt 0.980674 0.506725
vt 0.086579 0.880440
vt 0.980555 0.512251
vt 0.085918 0.884524
vt 0.979625 0.508508
vt 0.086402 0.882482
vt 0.979581 0.510531
vt 0.393685 0.921018
vt 0.097183 0.908191
vt 0.953531 0.105760
vt 0.205431 0.967244
vt 0.995481 0.491770
vt 0.084003 0.908191
vt 0.961543 0.096620
vt 0.937877 0.836667
vt 0.399058 0.930159
vt 0.393685 0.930159
vt 0.953531 0.096620
vt 0.389261 0.564044
vt 0.946685 0.149222
vt 0.070910 0.908191
vt 0.218320 0.967244
vt 0.490515 0.956387
vt 0.275943 0.886895
vt 0.836279 0.205539
vt 0.266492 0.886895
vt 0.499696 0.971706
vt 0.274552 0.886895
vt 0.493334 0.957964
vt 0.272817 0.886895
vt 0.495884 0.960575
vt 0.270803 0.886895
vt 0.497917 0.963963
vt 0.268641 0.886895
vt 0.499231 0.967797
vt 0.244349 0.964368
vt 0.145008 0.867718
vt 0.138092 0.867718
vt 0.245959 0.982539
vt 0.824751 0.360668
vt 0.244614 0.968003
vt 0.143630 0.867718
vt 0.245374 0.971637
vt 0.142226 0.867718
vt 0.245825 0.975271
vt 0.140841 0.867718
vt 0.139466 0.867718
vt 0.245959 0.978905
vt 0.145008 0.926377
vt 0.502372 0.971696
vt 0.138092 0.926377
vt 0.504187 0.956387
vt 0.824751 0.205539
vt 0.502672 0.968628
vt 0.143630 0.926377
vt 0.142226 0.926377
vt 0.503556 0.965559
vt 0.140841 0.926377
vt 0.504070 0.962497
vt 0.139466 0.926377
vt 0.504208 0.959439
vt 0.275943 0.815278
vt 0.234431 0.982539
vt 0.836279 0.360668
vt 0.242092 0.964368
vt 0.266492 0.815278
vt 0.274552 0.815278
vt 0.236798 0.980676
vt 0.238934 0.977583
vt 0.272817 0.815278
vt 0.240629 0.973563
vt 0.270803 0.815278
vt 0.241717 0.969009
vt 0.268641 0.815278
vt 0.257041 0.886895
vt 0.546549 0.666485
vt 0.490626 0.987022
vt 0.493434 0.985451
vt 0.258432 0.886895
vt 0.495966 0.982844
vt 0.260167 0.886895
vt 0.262181 0.886895
vt 0.497975 0.979455
vt 0.264342 0.886895
vt 0.499261 0.975617
vt 0.558077 0.821615
vt 0.151923 0.867718
vt 0.245959 0.946198
vt 0.244614 0.960734
vt 0.146386 0.867718
vt 0.245374 0.957100
vt 0.147790 0.867718
vt 0.149174 0.867718
vt 0.245825 0.953466
vt 0.150549 0.867718
vt 0.245959 0.949832
vt 0.558077 0.666485
vt 0.504299 0.987022
vt 0.151923 0.926377
vt 0.146386 0.926377
vt 0.502696 0.974761
vt 0.147790 0.926377
vt 0.503602 0.977827
vt 0.149174 0.926377
vt 0.504139 0.980892
vt 0.504298 0.983957
vt 0.150549 0.926377
vt 0.257041 0.815278
vt 0.546549 0.821615
vt 0.234431 0.946198
vt 0.258432 0.815278
vt 0.236798 0.948061
vt 0.260167 0.815278
vt 0.238934 0.951154
vt 0.240629 0.955174
vt 0.262181 0.815278
vt 0.241717 0.959727
vt 0.264342 0.815278
vt 0.260482 0.312672
vt 1.092644 0.798927
vt 1.070286 0.782155
vt 0.260482 0.284075
vt 0.260482 0.303540
vt 1.086753 0.792154
vt 0.260482 0.293255
vt 1.078625 0.786043
vt 0.260482 0.322574
vt 1.098415 0.806761
vt 0.260482 0.332135
vt 1.102294 0.815321
vt 0.260482 0.340799
vt 1.104587 0.823516
vt 0.260482 0.350913
vt 1.105495 0.833433
vt 0.260482 0.354135
vt 1.107192 0.836149
vt 0.260482 0.363044
vt 1.115505 0.839323
vt 0.260482 0.370446
vt 1.121913 0.843000
vt 1.126188 0.848002
vt 0.260482 0.377042
vt 1.130617 0.859351
vt 0.260482 0.389258
vt 1.083820 0.795407
vt 1.088504 0.801558
vt 1.091877 0.809152
vt 1.094438 0.817678
vt 1.095234 0.826415
vt 1.095100 0.833669
vt 1.093317 0.842462
vt 0.903361 0.377908
vt 0.903361 0.368489
vt 0.903361 0.345227
vt 0.903361 0.361483
vt 0.903361 0.394800
vt 0.903362 0.313004
vt 0.903361 0.382114
vt 0.903361 0.330302
vt 1.082811 0.796121
vt 1.081429 0.797192
vt 0.908242 0.330392
vt 0.905959 0.330325
vt 0.903360 0.321677
vt 1.077085 0.788945
vt 0.905964 0.321686
vt 0.908242 0.321713
vt 1.075129 0.791130
vt 1.076276 0.789827
vt 1.061929 0.785029
vt 0.061929 0.785029
vt 0.905885 0.312070
vt 0.905828 0.311259
vt 1.064640 0.785656
vt 0.907314 0.311458
vt 1.066079 0.785256
vt 1.064431 0.784383
vt 1.066633 0.783978
vt 1.062076 0.785615
vt 0.062076 0.785615
vt 1.064518 0.785044
vt 1.066484 0.784649
vt 0.908242 0.313018
vt 1.067957 0.786060
vt 1.068277 0.783870
vt 1.067730 0.784685
vt 0.907921 0.312064
vt 1.066973 0.785522
vt 0.267213 0.279982
vt 1.061415 0.782911
vt 0.061415 0.782911
vt 1.068464 0.781942
vt 0.260994 0.282509
vt 1.066370 0.782025
vt 0.262453 0.281181
vt 1.063972 0.782357
vt 0.264637 0.280294
vt 1.069396 0.783987
vt 0.903361 0.337694
vt 1.087366 0.802227
vt 1.085821 0.803135
vt 0.908242 0.337703
vt 0.905952 0.337696
vt 1.090726 0.809518
vt 1.089087 0.810078
vt 0.908242 0.345281
vt 0.905960 0.345241
vt 0.903361 0.353407
vt 0.905959 0.353433
vt 1.091469 0.818053
vt 0.908242 0.353503
vt 1.093203 0.817806
vt 1.094102 0.826287
vt 1.092405 0.826206
vt 0.908242 0.361602
vt 0.905968 0.361513
vt 0.905952 0.368507
vt 1.092003 0.833205
vt 0.908242 0.368542
vt 1.093782 0.833455
vt 1.092094 0.842445
vt 0.908242 0.377843
vt 1.090358 0.842371
vt 0.905952 0.377891
vt 1.094730 0.859351
vt 0.905904 0.394806
vt 1.090857 0.859351
vt 0.908242 0.394826
vt 1.092925 0.859351
vt 0.905977 0.312988
vt 1.068894 0.784779
vt 1.062301 0.786337
vt 0.903368 0.311142
vt 0.062301 0.786337
vt 0.903364 0.312038
vt 0.903361 0.386339
vt 0.903361 0.390570
vt 1.093648 0.846684
vt 1.094000 0.850906
vt 1.094363 0.855129
vt 1.092711 0.855121
vt 1.092487 0.850893
vt 1.092272 0.846660
vt 0.908242 0.390594
vt 1.090732 0.855141
vt 0.908242 0.386362
vt 1.090589 0.850912
vt 0.908242 0.382124
vt 1.090449 0.846662
vt 0.905919 0.390575
vt 0.905934 0.386343
vt 0.905950 0.382112
vt 0.273944 0.312672
vt 0.092644 0.798927
vt 0.070286 0.782155
vt 0.273944 0.284075
vt 0.273944 0.303540
vt 0.086754 0.792154
vt 0.273944 0.293255
vt 0.078625 0.786043
vt 0.273944 0.322574
vt 0.098415 0.806761
vt 0.273944 0.332135
vt 0.102294 0.815321
vt 0.273944 0.340799
vt 0.104587 0.823516
vt 0.273944 0.350913
vt 0.105495 0.833433
vt 0.273944 0.354135
vt 0.107192 0.836149
vt 0.273944 0.363044
vt 0.115505 0.839323
vt 0.273944 0.370446
vt 0.121913 0.843000
vt 0.126188 0.848002
vt 0.273944 0.377042
vt 0.130617 0.859351
vt 0.273944 0.389258
vt 0.083820 0.795407
vt 0.088504 0.801558
vt 0.091877 0.809152
vt 0.094438 0.817678
vt 0.095234 0.826415
vt 0.095100 0.833669
vt 0.093317 0.842462
vt 0.082811 0.796121
vt 0.081429 0.797192
vt 0.898480 0.330392
vt 0.900763 0.330324
vt 0.077085 0.788945
vt 0.900757 0.321684
vt 0.898480 0.321711
vt 0.075129 0.791130
vt 0.076276 0.789827
vt 0.900842 0.312062
vt 0.900902 0.311251
vt 0.064640 0.785656
vt 0.899413 0.311448
vt 0.066079 0.785256
vt 0.064431 0.784383
vt 0.066633 0.783978
vt 0.064518 0.785044
vt 0.066484 0.784649
vt 0.898480 0.313008
vt 0.067957 0.786060
vt 0.068277 0.783870
vt 0.067730 0.784685
vt 0.898804 0.312053
vt 0.066973 0.785522
vt 0.068464 0.781942
vt 0.273431 0.282509
vt 0.066369 0.782025
vt 0.271972 0.281181
vt 0.063972 0.782357
vt 0.269789 0.280294
vt 0.069396 0.783987
vt 0.087366 0.802227
vt 0.085821 0.803135
vt 0.898480 0.337703
vt 0.900770 0.337696
vt 0.090726 0.809518
vt 0.089087 0.810078
vt 0.898480 0.345281
vt 0.900762 0.345241
vt 0.900763 0.353433
vt 0.091469 0.818053
vt 0.898480 0.353503
vt 0.093203 0.817806
vt 0.094102 0.826287
vt 0.092405 0.826206
vt 0.898480 0.361602
vt 0.900754 0.361513
vt 0.900770 0.368507
vt 0.092003 0.833205
vt 0.898480 0.368542
vt 0.093782 0.833455
vt 0.092094 0.842445
vt 0.898480 0.377843
vt 0.090358 0.842371
vt 0.900770 0.377892
vt 0.094730 0.859351
vt 0.900818 0.394806
vt 0.090857 0.859351
vt 0.898480 0.394826
vt 0.092925 0.859351
vt 0.900747 0.312982
vt 0.068894 0.784779
vt 0.093648 0.846684
vt 0.094000 0.850906
vt 0.094363 0.855129
vt 0.092711 0.855121
vt 0.092486 0.850893
vt 0.092272 0.846660
vt 0.898480 0.390594
vt 0.090732 0.855141
vt 0.898480 0.386362
vt 0.090589 0.850912
vt 0.898480 0.382124
vt 0.090449 0.846662
vt 0.900803 0.390575
vt 0.900788 0.386343
vt 0.900773 0.382112
vt 0.527397 0.489154
vt 0.434933 0.069995
vt 0.545660 0.638393
vt 0.434933 0.127648
vt 0.562696 0.584370
vt 0.867633 0.920488
vt 0.834906 0.864862
vt 0.398715 0.029487
vt 0.838839 0.867504
vt 0.863192 0.918979
vt 0.398715 0.158303
vt 0.398715 0.016583
vt 0.841323 0.870634
vt 0.860221 0.916343
vt 0.434933 0.015966
vt 0.533710 0.693736
vt 0.842947 0.874829
vt 0.858152 0.912356
vt 0.411646 0.016461
vt 0.411621 0.029377
vt 0.843111 0.879087
vt 0.857683 0.908170
vt 0.422827 0.029114
vt 0.398715 0.043434
vt 0.411541 0.043423
vt 0.422731 0.043309
vt 0.398715 0.069920
vt 0.411483 0.070002
vt 0.559324 0.544940
vt 0.838238 0.858915
vt 0.398715 0.098321
vt 0.843349 0.862295
vt 0.553829 0.542254
vt 0.411493 0.098372
vt 0.847018 0.866721
vt 0.549942 0.538057
vt 0.548096 0.532817
vt 0.849013 0.871941
vt 0.422695 0.098429
vt 0.398715 0.127496
vt 0.548031 0.527913
vt 0.849625 0.876811
vt 0.411663 0.127507
vt 0.411505 0.158296
vt 0.422701 0.158264
vt 0.398715 0.193065
vt 0.411322 0.192969
vt 0.422520 0.192941
vt 0.497054 0.669089
vt 0.515822 0.677986
vt 0.473853 0.666436
vt 0.451004 0.668916
vt 0.522720 0.694627
vt 0.510923 0.684298
vt 0.495430 0.676290
vt 0.473867 0.672855
vt 0.452407 0.674538
vt 0.429621 0.681957
vt 0.422969 0.016132
vt 0.429773 0.015921
vt 0.434933 0.028569
vt 0.533370 0.680031
vt 0.429619 0.028804
vt 0.434933 0.042432
vt 0.536447 0.665168
vt 0.429606 0.042936
vt 0.422675 0.070104
vt 0.429559 0.070088
vt 0.434933 0.098400
vt 0.555136 0.611875
vt 0.429572 0.098435
vt 0.422970 0.127544
vt 0.429765 0.127593
vt 0.451668 0.537711
vt 0.429553 0.158193
vt 0.541865 0.491419
vt 0.072466 0.408099
vt 0.567244 0.430806
vt 0.561461 0.431616
vt 0.389261 0.643593
vt 0.072466 0.393297
vt 0.198550 0.175676
vt 0.608175 0.497454
vt 0.198550 0.166282
vt 0.605719 0.494588
vt 0.198550 0.154869
vt 0.603735 0.490592
vt 0.198550 0.142115
vt 0.603021 0.485598
vt 0.564963 0.506867
vt 0.431532 0.837343
vt 0.561816 0.434148
vt 0.395737 0.643593
vt 0.066448 0.212186
vt 0.431532 0.909662
vt 0.553922 0.435343
vt 0.058465 0.212186
vt 0.198550 0.053620
vt 0.597963 0.450807
vt 0.431532 0.888227
vt 0.557167 0.456533
vt 0.198550 0.100526
vt 0.600637 0.469241
vt 0.431532 0.867913
vt 0.560266 0.476623
vt 0.572374 0.454413
vt 0.575312 0.473876
vt 0.434933 0.158106
vt 0.567817 0.555158
vt 0.422911 0.218286
vt 0.436534 0.638936
vt 0.438604 0.625925
vt 0.425390 0.656976
vt 0.431788 0.719989
vt 0.522733 0.734854
vt 0.518860 0.735851
vt 0.524573 0.731789
vt 0.398715 0.005084
vt 0.434933 0.005078
vt 0.535299 0.704845
vt 0.411406 0.005114
vt 0.422546 0.005081
vt 0.429451 0.005048
vt 0.704698 0.768765
vt 0.704629 0.774029
vt 0.704648 0.779016
vt 0.704765 0.672358
vt 0.704758 0.668777
vt 0.200319 0.175676
vt 0.200319 0.166282
vt 0.200319 0.154869
vt 0.687081 0.814853
vt 0.701320 0.808029
vt 0.200319 0.053620
vt 0.072984 0.365826
vt 0.869074 0.873220
vt 0.058695 0.358813
vt 0.706284 0.768836
vt 0.707543 0.768984
vt 0.518791 0.736719
vt 0.706193 0.774009
vt 0.523347 0.735634
vt 0.707477 0.773960
vt 0.706239 0.778923
vt 0.525667 0.731952
vt 0.707607 0.778735
vt 0.702974 0.805916
vt 0.434933 0.003906
vt 0.535466 0.705954
vt 0.705376 0.807207
vt 0.435691 0.724359
vt 0.434487 0.724640
vt 0.707813 0.672562
vt 0.706393 0.672458
vt 0.431326 0.721173
vt 0.707853 0.668820
vt 0.706386 0.668767
vt 0.424008 0.656310
vt 0.203460 0.175676
vt 0.201921 0.175676
vt 0.431060 0.650363
vt 0.429968 0.649363
vt 0.203460 0.166282
vt 0.201921 0.166282
vt 0.435236 0.638588
vt 0.203460 0.154869
vt 0.201921 0.154869
vt 0.200319 0.142115
vt 0.437218 0.625757
vt 0.203460 0.142115
vt 0.201921 0.142115
vt 0.674453 0.816837
vt 0.674495 0.820160
vt 0.398715 0.003906
vt 0.674470 0.818671
vt 0.687274 0.818979
vt 0.411467 0.003906
vt 0.687174 0.817178
vt 0.989162 0.014901
vt 0.410759 0.694207
vt 0.990850 0.014174
vt 0.992363 0.013103
vt 0.409345 0.695162
vt 0.697415 0.811961
vt 0.698090 0.816115
vt 0.422696 0.003906
vt 0.697760 0.814305
vt 0.702299 0.810087
vt 0.703141 0.811669
vt 0.429665 0.003906
vt 0.398715 0.218312
vt 0.046210 0.357551
vt 0.398715 0.219875
vt 0.046222 0.354303
vt 0.046212 0.355971
vt 0.411711 0.218289
vt 0.058842 0.357115
vt 0.058994 0.355378
vt 0.411813 0.219875
vt 0.068290 0.361529
vt 0.069715 0.358319
vt 0.423019 0.219875
vt 0.069046 0.359951
vt 0.200319 0.100526
vt 0.444577 0.584680
vt 0.201921 0.100526
vt 0.443325 0.584377
vt 0.203460 0.100526
vt 0.201921 0.053620
vt 0.450387 0.537515
vt 0.203460 0.053620
vt 0.074227 0.408087
vt 0.527493 0.487896
vt 0.077233 0.408109
vt 0.075810 0.408089
vt 0.074006 0.393283
vt 0.542058 0.490176
vt 0.077233 0.393270
vt 0.075707 0.393273
vt 0.198550 0.007324
vt 0.595282 0.432457
vt 0.072466 0.474470
vt 0.593392 0.430806
vt 0.198550 0.005647
vt 0.595064 0.431829
vt 0.198550 0.003906
vt 0.072466 0.477847
vt 0.594628 0.431296
vt 0.072466 0.476119
vt 0.594041 0.430937
vt 0.200319 0.007324
vt 0.074227 0.474453
vt 0.200319 0.005647
vt 0.074208 0.477812
vt 0.200319 0.003906
vt 0.074174 0.476084
vt 0.463345 0.489154
vt 0.458415 0.493396
vt 0.461656 0.489476
vt 0.460125 0.490395
vt 0.458988 0.491772
vt 0.462292 0.487896
vt 0.077233 0.473476
vt 0.457330 0.492158
vt 0.203460 0.007324
vt 0.460593 0.488237
vt 0.077233 0.475417
vt 0.459063 0.489162
vt 0.077233 0.477285
vt 0.203460 0.003906
vt 0.457920 0.490536
vt 0.203460 0.005647
vt 0.201921 0.007324
vt 0.075809 0.474199
vt 0.201921 0.005647
vt 0.075764 0.477625
vt 0.201921 0.003906
vt 0.075709 0.475870
vt 0.528756 0.711181
vt 0.529597 0.712258
vt 0.707384 0.799149
vt 0.706207 0.798601
vt 0.530239 0.709200
vt 0.531100 0.706853
vt 0.533085 0.705412
vt 0.704654 0.798374
vt 0.703650 0.804488
vt 0.704175 0.802701
vt 0.704518 0.800606
vt 0.704250 0.806600
vt 0.706045 0.800867
vt 0.705664 0.803045
vt 0.705061 0.804988
vt 0.530901 0.710210
vt 0.707251 0.801296
vt 0.531998 0.707858
vt 0.706859 0.803447
vt 0.533559 0.706466
vt 0.706234 0.805440
vt 0.652318 0.388974
vt 0.350922 0.070004
vt 0.634058 0.538250
vt 0.350922 0.127703
vt 0.617020 0.484208
vt 0.387256 0.029493
vt 0.387256 0.158294
vt 0.387256 0.016585
vt 0.350922 0.015968
vt 0.646050 0.593590
vt 0.374284 0.016463
vt 0.374308 0.029381
vt 0.363066 0.029117
vt 0.387256 0.043441
vt 0.374388 0.043428
vt 0.363162 0.043314
vt 0.387256 0.069922
vt 0.374447 0.070008
vt 0.387256 0.098322
vt 0.374436 0.098383
vt 0.363199 0.098446
vt 0.387256 0.127503
vt 0.374265 0.127532
vt 0.374465 0.158323
vt 0.363248 0.158358
vt 0.387256 0.193044
vt 0.374896 0.192895
vt 0.363951 0.192808
vt 0.682673 0.568845
vt 0.663906 0.577746
vt 0.705899 0.566238
vt 0.728737 0.568771
vt 0.750788 0.574959
vt 0.657093 0.594348
vt 0.668827 0.584014
vt 0.684307 0.576038
vt 0.705896 0.572671
vt 0.727264 0.574404
vt 0.749923 0.581906
vt 0.362924 0.016134
vt 0.356098 0.015923
vt 0.350922 0.028572
vt 0.646359 0.579903
vt 0.356252 0.028807
vt 0.350922 0.042436
vt 0.643251 0.565037
vt 0.356266 0.042941
vt 0.363219 0.070112
vt 0.356313 0.070097
vt 0.350922 0.098420
vt 0.624570 0.511718
vt 0.356301 0.098454
vt 0.362922 0.127587
vt 0.356108 0.127647
vt 0.728091 0.437549
vt 0.356331 0.158346
vt 0.356827 0.192795
vt 0.637847 0.391256
vt 0.008639 0.408085
vt 0.421492 0.742919
vt 0.389261 0.707148
vt 0.427269 0.743823
vt 0.008639 0.393297
vt 0.637129 0.768794
vt 0.418072 0.841471
vt 0.637129 0.774082
vt 0.420126 0.841034
vt 0.421202 0.839332
vt 0.637129 0.779103
vt 0.456447 0.826713
vt 0.637129 0.804903
vt 0.423429 0.829601
vt 0.637129 0.672333
vt 0.384475 0.836524
vt 0.637129 0.668782
vt 0.383503 0.835566
vt 0.570603 0.204652
vt 0.375686 0.814866
vt 0.570603 0.199612
vt 0.376551 0.812931
vt 0.570603 0.187427
vt 0.380216 0.809525
vt 0.570603 0.178367
vt 0.382682 0.806656
vt 0.570603 0.167360
vt 0.384682 0.802654
vt 0.385415 0.797654
vt 0.570603 0.155060
vt 0.456447 0.837343
vt 0.423420 0.818984
vt 0.570603 0.223508
vt 0.374674 0.823158
vt 0.570603 0.230252
vt 0.374387 0.825699
vt 0.395737 0.707148
vt 0.426873 0.746343
vt 0.066448 0.187271
vt 0.456447 0.909662
vt 0.434759 0.747581
vt 0.058465 0.187271
vt 0.764079 0.565964
vt 0.390627 0.762861
vt 0.570603 0.069715
vt 0.456447 0.888227
vt 0.431399 0.768748
vt 0.387871 0.781288
vt 0.570603 0.114951
vt 0.456447 0.867913
vt 0.428221 0.788810
vt 0.431532 0.841275
vt 0.564355 0.502974
vt 0.416202 0.766554
vt 0.350922 0.192846
vt 0.608972 0.421882
vt 0.350922 0.158327
vt 0.611902 0.454993
vt 0.362809 0.218201
vt 0.765948 0.570155
vt 0.743271 0.538806
vt 0.741187 0.525776
vt 0.754438 0.556924
vt 0.747774 0.619854
vt 0.768012 0.586237
vt 0.656724 0.634722
vt 0.660606 0.635717
vt 0.654909 0.631625
vt 0.387256 0.005084
vt 0.350922 0.005078
vt 0.644649 0.604685
vt 0.374524 0.005115
vt 0.363348 0.005081
vt 0.356422 0.005048
vt 0.632816 0.768778
vt 0.632911 0.774024
vt 0.632838 0.779058
vt 0.632735 0.672371
vt 0.632742 0.668790
vt 0.568375 0.204652
vt 0.568375 0.199612
vt 0.568375 0.187427
vt 0.568375 0.178367
vt 0.568375 0.167360
vt 0.650424 0.814853
vt 0.636181 0.808028
vt 0.568375 0.069715
vt 0.008787 0.365187
vt 0.022259 0.358866
vt 0.631230 0.768808
vt 0.660684 0.636576
vt 0.629955 0.768893
vt 0.631356 0.773969
vt 0.656096 0.635494
vt 0.630071 0.773880
vt 0.631255 0.778888
vt 0.653803 0.631744
vt 0.629917 0.778534
vt 0.634532 0.805920
vt 0.350922 0.003906
vt 0.644550 0.605814
vt 0.632141 0.807227
vt 0.743875 0.624232
vt 0.745079 0.624511
vt 0.629687 0.672576
vt 0.631107 0.672471
vt 0.629647 0.668835
vt 0.748234 0.621034
vt 0.631114 0.668781
vt 0.767334 0.569711
vt 0.565227 0.204652
vt 0.566776 0.204652
vt 0.765294 0.565140
vt 0.565227 0.199612
vt 0.566776 0.199612
vt 0.755825 0.556266
vt 0.565227 0.187427
vt 0.566776 0.187427
vt 0.748757 0.550286
vt 0.749851 0.549289
vt 0.565227 0.178367
vt 0.566776 0.178367
vt 0.744570 0.538460
vt 0.565227 0.167360
vt 0.566776 0.167360
vt 0.568375 0.155060
vt 0.742573 0.525610
vt 0.565227 0.155060
vt 0.566776 0.155060
vt 0.663052 0.816837
vt 0.663012 0.820159
vt 0.387256 0.003906
vt 0.663036 0.818671
vt 0.650234 0.818980
vt 0.374462 0.003906
vt 0.650332 0.817178
vt 0.568375 0.223508
vt 0.566776 0.223508
vt 0.565227 0.223508
vt 0.769660 0.587303
vt 0.568375 0.230252
vt 0.768727 0.593937
vt 0.566776 0.230252
vt 0.565227 0.230252
vt 0.770184 0.594852
vt 0.640089 0.811962
vt 0.639419 0.816117
vt 0.363198 0.003906
vt 0.639747 0.814306
vt 0.635209 0.810092
vt 0.634370 0.811676
vt 0.356207 0.003906
vt 0.387256 0.218317
vt 0.034738 0.357568
vt 0.034712 0.354320
vt 0.387256 0.219875
vt 0.034732 0.355988
vt 0.374147 0.218306
vt 0.022103 0.357169
vt 0.021940 0.355433
vt 0.374037 0.219875
vt 0.012689 0.361607
vt 0.011219 0.358412
vt 0.362648 0.219875
vt 0.011912 0.360035
vt 0.356052 0.218350
vt 0.007399 0.364160
vt 0.006147 0.363006
vt 0.355843 0.219875
vt 0.568375 0.114951
vt 0.735196 0.484519
vt 0.566776 0.114951
vt 0.736448 0.484217
vt 0.565227 0.114951
vt 0.566776 0.069715
vt 0.729373 0.437353
vt 0.565227 0.069715
vt 0.006899 0.408075
vt 0.652222 0.387716
vt 0.003906 0.408096
vt 0.005323 0.408077
vt 0.350922 0.218923
vt 0.612437 0.395649
vt 0.007209 0.369591
vt 0.003906 0.368050
vt 0.350922 0.219875
vt 0.612778 0.394133
vt 0.005500 0.368850
vt 0.007107 0.393273
vt 0.003906 0.393248
vt 0.637651 0.390013
vt 0.005420 0.393256
vt 0.393406 0.744552
vt 0.570603 0.025066
vt 0.008639 0.474457
vt 0.395305 0.742919
vt 0.570603 0.023448
vt 0.393627 0.743928
vt 0.570603 0.021770
vt 0.008639 0.477833
vt 0.394065 0.743398
vt 0.008639 0.476106
vt 0.394654 0.743044
vt 0.568375 0.025066
vt 0.006900 0.474440
vt 0.568375 0.023448
vt 0.006919 0.477799
vt 0.568375 0.021770
vt 0.006952 0.476071
vt 0.716410 0.388974
vt 0.721340 0.393216
vt 0.718100 0.389295
vt 0.719631 0.390215
vt 0.720769 0.391592
vt 0.717463 0.387716
vt 0.003906 0.473463
vt 0.722425 0.391979
vt 0.565227 0.025066
vt 0.719161 0.388055
vt 0.003906 0.475404
vt 0.720692 0.388981
vt 0.003906 0.477272
vt 0.565227 0.021770
vt 0.721837 0.390356
vt 0.565227 0.023448
vt 0.566776 0.025066
vt 0.005324 0.474187
vt 0.566776 0.023448
vt 0.005368 0.477612
vt 0.566776 0.021770
vt 0.005423 0.475857
vt 0.422122 0.831772
vt 0.637129 0.798342
vt 0.651209 0.610701
vt 0.650301 0.611631
vt 0.630115 0.799172
vt 0.631290 0.798620
vt 0.637129 0.803845
vt 0.423001 0.829764
vt 0.637129 0.802368
vt 0.422610 0.830235
vt 0.637129 0.800471
vt 0.422301 0.830940
vt 0.566776 0.233368
vt 0.770421 0.598283
vt 0.565227 0.233368
vt 0.749628 0.587248
vt 0.650412 0.608402
vt 0.648897 0.606439
vt 0.646871 0.605130
vt 0.632842 0.798388
vt 0.633854 0.804494
vt 0.633324 0.802710
vt 0.632976 0.800618
vt 0.633261 0.806611
vt 0.631448 0.800889
vt 0.631837 0.803067
vt 0.632448 0.805005
vt 0.649572 0.609404
vt 0.630243 0.801332
vt 0.648241 0.607507
vt 0.630646 0.803486
vt 0.646478 0.606236
vt 0.631282 0.805472
vt 0.456447 0.841275
vt 0.424045 0.815106
vt 0.092616 0.448984
vt 0.607519 0.507887
vt 0.092616 0.453888
vt 0.606440 0.506270
vt 0.092616 0.458827
vt 0.606064 0.504364
vt 0.092616 0.463800
vt 0.606448 0.502459
vt 0.092616 0.473722
vt 0.609154 0.499772
vt 0.092616 0.468825
vt 0.607533 0.500846
vt 0.421258 0.687319
vt 0.425390 0.684560
vt 0.820819 0.859694
vt 0.882394 0.920488
vt 0.426990 0.172282
vt 0.882394 0.900350
vt 0.426990 0.192987
vt 0.823505 0.857244
vt 0.429592 0.169724
vt 0.434933 0.167083
vt 0.568585 0.546468
vt 0.829414 0.855660
vt 0.426990 0.218790
vt 0.874240 0.875779
vt 0.857683 0.873049
vt 0.842905 0.914189
vt 0.073015 0.377073
vt 0.073943 0.378219
vt 0.844336 0.914225
vt 0.075653 0.380515
vt 0.847022 0.913943
vt 0.552249 0.493202
vt 0.849625 0.911817
vt 0.553016 0.491978
vt 0.077233 0.382158
vt 0.848951 0.913061
vt 0.072971 0.363456
vt 0.871425 0.873475
vt 0.426990 0.219875
vt 0.073150 0.361332
vt 0.873320 0.874445
vt 0.089107 0.458895
vt 0.429890 0.670973
vt 0.088299 0.459267
vt 0.087455 0.460231
vt 0.428810 0.672129
vt 0.987293 0.005061
vt 0.091012 0.434959
vt 0.090648 0.432927
vt 0.987143 0.004014
vt 0.090903 0.433918
vt 0.200319 0.181121
vt 0.091060 0.474920
vt 0.200319 0.182050
vt 0.090867 0.476517
vt 0.090985 0.475823
vt 0.092616 0.474904
vt 0.609597 0.499686
vt 0.198550 0.181121
vt 0.609791 0.498960
vt 0.092616 0.475829
vt 0.609917 0.499531
vt 0.198550 0.182050
vt 0.092616 0.476542
vt 0.609988 0.499265
vt 0.088992 0.436783
vt 0.411223 0.687735
vt 0.088322 0.436063
vt 0.411440 0.686644
vt 0.087427 0.435440
vt 0.089232 0.463914
vt 0.429055 0.667490
vt 0.088436 0.463982
vt 0.087440 0.464081
vt 0.428017 0.667979
vt 0.089171 0.468903
vt 0.426261 0.663222
vt 0.088362 0.468872
vt 0.425261 0.663800
vt 0.087401 0.468724
vt 0.421810 0.660176
vt 0.089377 0.474032
vt 0.420987 0.660884
vt 0.087584 0.473729
vt 0.088512 0.473861
vt 0.428107 0.679968
vt 0.088381 0.453973
vt 0.086442 0.453574
vt 0.427389 0.679072
vt 0.087480 0.453874
vt 0.087562 0.448964
vt 0.085537 0.448720
vt 0.424697 0.683479
vt 0.086653 0.448888
vt 0.087535 0.443952
vt 0.086623 0.443965
vt 0.085499 0.444026
vt 0.420586 0.686306
vt 0.414834 0.688654
vt 0.088296 0.438923
vt 0.414851 0.687514
vt 0.086427 0.438580
vt 0.087436 0.438815
vt 0.089425 0.435616
vt 0.990547 0.005436
vt 0.409874 0.687384
vt 0.088805 0.434863
vt 0.990338 0.004339
vt 0.087995 0.434177
vt 0.410098 0.686287
vt 0.089933 0.435194
vt 0.988962 0.005264
vt 0.089630 0.434198
vt 0.089127 0.433282
vt 0.988835 0.004195
vt 0.420228 0.659831
vt 0.203460 0.181121
vt 0.088853 0.474644
vt 0.419600 0.660584
vt 0.203460 0.182050
vt 0.088187 0.474977
vt 0.090007 0.474642
vt 0.201921 0.181121
vt 0.089737 0.475475
vt 0.201921 0.182050
vt 0.089345 0.476071
vt 0.700356 0.798339
vt 0.566243 0.519694
vt 0.700356 0.800469
vt 0.566062 0.518860
vt 0.564947 0.517513
vt 0.431532 0.826713
vt 0.700356 0.804903
vt 0.603988 0.524473
vt 0.700356 0.672321
vt 0.700356 0.668771
vt 0.604989 0.523531
vt 0.984988 0.015256
vt 0.613989 0.513537
vt 0.565360 0.517680
vt 0.700356 0.803844
vt 0.565752 0.518153
vt 0.700356 0.802368
vt 0.570306 0.529398
vt 0.700356 0.768724
vt 0.700356 0.773987
vt 0.568252 0.528961
vt 0.092616 0.444048
vt 0.609136 0.508969
vt 0.611034 0.509315
vt 0.092616 0.439192
vt 0.700356 0.779020
vt 0.567176 0.527260
vt 0.612617 0.508894
vt 0.092616 0.434974
vt 0.092616 0.433933
vt 0.613026 0.508896
vt 0.092616 0.432930
vt 0.984988 0.003906
vt 0.613351 0.509113
vt 0.984988 0.004930
vt 0.613505 0.509486
vt 0.420974 0.745235
vt 0.990851 0.034403
vt 0.706225 0.649783
vt 0.706304 0.644441
vt 0.990678 0.037060
vt 0.706180 0.647114
vt 0.707589 0.650483
vt 0.412941 0.721173
vt 0.992230 0.033758
vt 0.407939 0.715719
vt 0.707652 0.647428
vt 0.410308 0.720296
vt 0.707880 0.644441
vt 0.992162 0.036672
vt 0.408501 0.718340
vt 0.989242 0.034574
vt 0.704641 0.649573
vt 0.704652 0.644441
vt 0.989101 0.037194
vt 0.704607 0.647002
vt 0.414089 0.719989
vt 0.409071 0.714718
vt 0.411419 0.719310
vt 0.409583 0.717366
vt 0.984988 0.034472
vt 0.614443 0.521079
vt 0.700356 0.649628
vt 0.612543 0.523195
vt 0.700356 0.644441
vt 0.984988 0.037058
vt 0.614232 0.522100
vt 0.700356 0.647021
vt 0.613537 0.522874
vt 0.631263 0.649612
vt 0.566776 0.249397
vt 0.631309 0.647038
vt 0.566776 0.251873
vt 0.631184 0.644440
vt 0.766924 0.621034
vt 0.629903 0.650265
vt 0.771676 0.615612
vt 0.565227 0.249397
vt 0.769447 0.620139
vt 0.629847 0.647330
vt 0.771165 0.618188
vt 0.565227 0.251873
vt 0.629616 0.644440
vt 0.568375 0.249397
vt 0.632847 0.649428
vt 0.568375 0.251873
vt 0.632836 0.644440
vt 0.632879 0.646936
vt 0.765872 0.619854
vt 0.770546 0.614659
vt 0.768372 0.619173
vt 0.770084 0.617253
vt 0.637129 0.649492
vt 0.375903 0.835566
vt 0.570603 0.249397
vt 0.374024 0.833465
vt 0.637129 0.646960
vt 0.374931 0.835261
vt 0.570603 0.251873
vt 0.637129 0.644440
vt 0.374242 0.834493
vt 0.435358 0.733075
vt 0.438016 0.735873
vt 0.435674 0.734490
vt 0.436648 0.735515
vt 0.704602 0.682161
vt 0.704675 0.686284
vt 0.704576 0.683538
vt 0.704607 0.684917
vt 0.434433 0.733920
vt 0.707474 0.681655
vt 0.437260 0.736731
vt 0.707534 0.686917
vt 0.434831 0.735324
vt 0.707500 0.683362
vt 0.435855 0.736338
vt 0.707506 0.685104
vt 0.706261 0.686420
vt 0.706170 0.682097
vt 0.706158 0.684967
vt 0.706111 0.683521
vt 0.637129 0.686246
vt 0.385624 0.841471
vt 0.637129 0.682035
vt 0.384527 0.840366
vt 0.637129 0.684870
vt 0.385081 0.841321
vt 0.637129 0.683456
vt 0.384679 0.840917
vt 0.741580 0.635717
vt 0.744221 0.632915
vt 0.742942 0.635360
vt 0.743910 0.634333
vt 0.632896 0.682158
vt 0.632824 0.686279
vt 0.632922 0.683544
vt 0.632893 0.684920
vt 0.742338 0.636576
vt 0.629964 0.686917
vt 0.745149 0.633755
vt 0.630024 0.681654
vt 0.743734 0.636185
vt 0.629993 0.685109
vt 0.744754 0.635166
vt 0.629998 0.683366
vt 0.631238 0.686418
vt 0.631328 0.682096
vt 0.631341 0.684972
vt 0.631386 0.683527
vt 0.700356 0.682045
vt 0.603921 0.528315
vt 0.602810 0.529403
vt 0.700356 0.686256
vt 0.700356 0.683459
vt 0.603765 0.528859
vt 0.700356 0.684869
vt 0.603359 0.529257
vt 0.571917 0.529403
vt 0.700356 0.764690
vt 0.514731 0.736731
vt 0.707556 0.764798
vt 0.514852 0.735873
vt 0.704691 0.764685
vt 0.706279 0.764713
vt 0.602228 0.524604
vt 0.573300 0.506205
vt 0.573569 0.501819
vt 0.395263 0.744597
vt 0.572064 0.526893
vt 0.572547 0.518748
vt 0.611518 0.513765
vt 0.508088 0.634089
vt 0.501398 0.656059
vt 0.523295 0.604082
vt 0.527069 0.549062
vt 0.527217 0.523584
vt 0.593476 0.432545
vt 0.568375 0.233368
vt 0.769058 0.597311
vt 0.570603 0.233368
vt 0.374318 0.826960
vt 0.687311 0.580195
vt 0.672390 0.587477
vt 0.660436 0.597124
vt 0.705293 0.578012
vt 0.727382 0.579445
vt 0.767758 0.584324
vt 0.570603 0.221278
vt 0.374793 0.822177
vt 0.566776 0.221278
vt 0.568375 0.221278
vt 0.565227 0.221278
vt 0.769289 0.585280
vt 0.729062 0.566139
vt 0.751826 0.573052
vt 0.705792 0.562343
vt 0.661132 0.575540
vt 0.681422 0.565974
vt 0.843111 0.910667
vt 0.857683 0.876568
vt 0.843039 0.911791
vt 0.857683 0.875446
vt 0.533374 0.524548
vt 0.515254 0.731005
vt 0.438838 0.724598
vt 0.567900 0.433893
vt 0.418036 0.838248
vt 0.387270 0.836682
vt 0.387163 0.835881
vt 0.384072 0.829531
vt 0.449223 0.665480
vt 0.472972 0.663116
vt 0.516549 0.673770
vt 0.498684 0.664200
vt 0.423735 0.689745
vt 0.450520 0.680181
vt 0.492974 0.682170
vt 0.429902 0.686900
vt 0.419818 0.692000
vt 0.504534 0.689430
vt 0.474045 0.679333
vt 0.519391 0.699006
vt 0.240341 0.539251
vt 0.137269 0.279984
vt 0.027991 0.023051
vt 0.135365 0.318017
vt 0.934260 0.570035
vt 0.135365 0.301077
vt 0.923405 0.559181
vt 0.135365 0.313782
vt 0.933433 0.565882
vt 0.135365 0.309547
vt 0.931080 0.562360
vt 0.135365 0.305312
vt 0.927559 0.560007
vt 0.430143 0.520472
vt 0.415438 0.517211
vt 0.135365 0.356682
vt 0.923405 0.602614
vt 0.135365 0.339742
vt 0.934260 0.591760
vt 0.335600 0.790389
vt 0.434261 0.539527
vt 0.135365 0.352447
vt 0.927559 0.601788
vt 0.135365 0.348212
vt 0.931080 0.599435
vt 0.135365 0.343977
vt 0.933433 0.595914
vt 0.201950 0.520353
vt 0.520527 0.286380
vt 0.520527 0.269786
vt 0.219784 0.517335
vt 0.520527 0.254037
vt 0.235392 0.508647
vt 0.520527 0.223682
vt 0.250480 0.478822
vt 0.256385 0.445793
vt 0.520527 0.188359
vt 0.898480 0.226128
vt 0.318934 0.271999
vt 0.271116 0.455798
vt 0.609464 0.214914
vt 0.283178 0.442299
vt 0.609464 0.196779
vt 0.292405 0.428193
vt 0.609464 0.179906
vt 0.609465 0.254597
vt 0.275301 0.489495
vt 0.906836 0.602614
vt 0.582834 0.168720
vt 0.135365 0.373252
vt 0.266316 0.475026
vt 0.609464 0.234783
vt 0.906836 0.559181
vt 0.135365 0.284508
vt 0.582834 0.125287
vt 0.266993 0.485583
vt 0.609464 0.245370
vt 0.609464 0.099561
vt 0.583081 0.021770
vt 0.306461 0.349173
vt 0.898480 0.303278
vt 0.395971 0.272086
vt 0.863169 0.633429
vt 0.408590 0.662097
vt 0.863169 0.609470
vt 0.386295 0.332036
vt 0.377669 0.349261
vt 0.583081 0.093067
vt 0.408590 0.643593
vt 0.404772 0.332052
vt 0.993012 0.596147
vt 0.583081 0.117423
vt 0.401996 0.349285
vt 0.993012 0.578669
vt 0.870530 0.410098
vt 0.870523 0.426372
vt 0.626092 0.379851
vt 0.870575 0.440564
vt 0.756339 0.427972
vt 0.503288 0.480032
vt 0.502890 0.161247
vt 0.503076 0.269087
vt 0.503071 0.288892
vt 0.503091 0.239685
vt 0.502322 0.151932
vt 0.173688 0.539176
vt 0.914700 0.165820
vt 0.027991 0.089791
vt 0.503069 0.313967
vt 0.414493 0.849336
vt 0.023214 0.544932
vt 0.871446 0.546595
vt 0.137269 0.385640
vt 0.023233 0.527308
vt 0.889095 0.546595
vt 0.080092 0.116762
vt 0.137269 0.411115
vt 0.048674 0.527336
vt 0.745616 0.003906
vt 0.914700 0.173815
vt 0.173697 0.531191
vt 0.083812 0.116762
vt 0.745616 0.129105
vt 0.048670 0.531051
vt 0.750353 0.442119
vt 0.011929 0.527830
vt 0.520527 0.480032
vt 0.754649 0.437255
vt 0.512741 0.480032
vt 0.755966 0.431867
vt 0.507073 0.480032
vt 0.021055 0.520152
vt 0.520527 0.468833
vt 0.503052 0.468404
vt 0.512741 0.468399
vt 0.507073 0.468348
vt 0.520527 0.152281
vt 0.283345 0.420079
vt 0.512741 0.151935
vt 0.507073 0.151857
vt 0.520527 0.162197
vt 0.277385 0.431166
vt 0.512741 0.161791
vt 0.507073 0.161487
vt 0.520527 0.173893
vt 0.267987 0.440204
vt 0.502963 0.170856
vt 0.512741 0.172242
vt 0.507073 0.171386
vt 0.512741 0.184563
vt 0.507073 0.183892
vt 0.507073 0.223951
vt 0.512741 0.223783
vt 0.520527 0.240236
vt 0.245330 0.496061
vt 0.507073 0.239657
vt 0.512741 0.239708
vt 0.503065 0.253261
vt 0.507073 0.253318
vt 0.512741 0.253526
vt 0.512741 0.269321
vt 0.507073 0.269155
vt 0.507073 0.288804
vt 0.512741 0.288307
vt 0.502057 0.082275
vt 0.520527 0.081150
vt 0.295220 0.348821
vt 0.507073 0.082168
vt 0.512741 0.081875
vt 0.173708 0.520323
vt 0.520527 0.314154
vt 0.507073 0.314030
vt 0.512741 0.314104
vt 0.433314 0.524344
vt 0.870476 0.390774
vt 0.435579 0.521615
vt 0.882740 0.389850
vt 0.439098 0.518564
vt 0.876986 0.390728
vt 0.877394 0.368765
vt 0.325348 0.793750
vt 0.440476 0.539527
vt 0.882740 0.368765
vt 0.330736 0.793469
vt 0.334736 0.792206
vt 0.436289 0.539527
vt 0.870303 0.397359
vt 0.876695 0.397145
vt 0.435289 0.513123
vt 0.882740 0.396924
vt 0.432500 0.517130
vt 0.876961 0.410112
vt 0.422008 0.509479
vt 0.882740 0.410840
vt 0.418693 0.513699
vt 0.876854 0.426240
vt 0.882740 0.426182
vt 0.408571 0.501443
vt 0.405053 0.505354
vt 0.609465 0.367713
vt 0.388365 0.489621
vt 0.610729 0.372358
vt 0.393183 0.489546
vt 0.882740 0.440564
vt 0.398585 0.489546
vt 0.614329 0.376296
vt 0.619717 0.378927
vt 0.877046 0.440564
vt 0.739226 0.442119
vt 0.011916 0.538942
vt 0.221310 0.498362
vt 0.756026 0.449983
vt 0.395159 0.849336
vt 0.003906 0.544910
vt 0.750040 0.449983
vt 0.003913 0.538933
vt 0.213295 0.498362
vt 0.812544 0.878421
vt 0.036760 0.909354
vt 0.671576 0.889593
vt 0.069267 0.490565
vt 0.119214 0.493665
vt 0.114671 0.492829
vt 0.110616 0.490574
vt 0.824431 0.630445
vt 0.823279 0.617462
vt 0.903063 0.226128
vt 0.801606 0.546561
vt 0.614047 0.214914
vt 0.817366 0.620194
vt 0.813957 0.613833
vt 0.614047 0.196779
vt 0.811372 0.608089
vt 0.614047 0.179906
vt 0.614048 0.254597
vt 0.100729 0.485717
vt 0.818592 0.628240
vt 0.614048 0.234783
vt 0.102797 0.484747
vt 0.817868 0.632349
vt 0.614048 0.245370
vt 0.825875 0.625073
vt 0.614047 0.099561
vt 0.578498 0.021770
vt 0.806432 0.577038
vt 0.903063 0.303278
vt 0.771175 0.546561
vt 0.861363 0.633429
vt 0.404007 0.662097
vt 0.090579 0.994429
vt 0.861363 0.609470
vt 0.825801 0.147407
vt 0.073211 0.994429
vt 0.861363 0.602583
vt 0.578498 0.098919
vt 0.404007 0.643593
vt 0.090579 0.976041
vt 0.988429 0.596147
vt 0.578498 0.117423
vt 0.073211 0.976041
vt 0.988429 0.578669
vt 0.672405 0.874000
vt 0.626373 0.376576
vt 0.689682 0.874008
vt 0.821763 0.607239
vt 0.787228 0.270461
vt 0.115477 0.490204
vt 0.787228 0.242559
vt 0.120101 0.491046
vt 0.787228 0.237414
vt 0.824358 0.610699
vt 0.787228 0.267668
vt 0.827609 0.624664
vt 0.787228 0.273091
vt 0.820279 0.603526
vt 0.126279 0.498127
vt 0.919283 0.165820
vt 0.032574 0.089791
vt 0.132686 0.385640
vt 0.163858 0.495216
vt 0.889095 0.551178
vt 0.080092 0.121345
vt 0.132686 0.411115
vt 0.157507 0.495216
vt 0.157512 0.491046
vt 0.787228 0.199921
vt 0.157509 0.493683
vt 0.750199 0.003906
vt 0.126310 0.496143
vt 0.919283 0.173815
vt 0.157504 0.496143
vt 0.083812 0.121345
vt 0.750199 0.129105
vt 0.163857 0.493726
vt 0.895044 0.551184
vt 0.787228 0.193575
vt 0.898627 0.560995
vt 0.163860 0.491046
vt 0.897029 0.553770
vt 0.163859 0.492909
vt 0.898266 0.557683
vt 0.163860 0.491881
vt 0.814886 0.605183
vt 0.817247 0.604362
vt 0.819153 0.603815
vt 0.816804 0.609912
vt 0.818959 0.608655
vt 0.820749 0.607747
vt 0.819740 0.614245
vt 0.828886 0.624487
vt 0.787228 0.258031
vt 0.821269 0.612920
vt 0.823401 0.611364
vt 0.824785 0.615774
vt 0.826738 0.614297
vt 0.827380 0.630057
vt 0.825687 0.630249
vt 0.825663 0.637525
vt 0.108000 0.487463
vt 0.109335 0.486167
vt 0.828480 0.636498
vt 0.108579 0.486867
vt 0.826873 0.636916
vt 0.112232 0.488220
vt 0.787228 0.246770
vt 0.111743 0.488861
vt 0.111097 0.489746
vt 0.114876 0.491964
vt 0.115210 0.490953
vt 0.120006 0.491861
vt 0.119780 0.492890
vt 0.787228 0.290388
vt 0.816241 0.576539
vt 0.810626 0.576972
vt 0.815086 0.576694
vt 0.813142 0.576901
vt 0.157512 0.491875
vt 0.157510 0.492900
vt 0.642520 0.889593
vt 0.063381 0.494368
vt 0.646281 0.873809
vt 0.643663 0.887233
vt 0.644933 0.884421
vt 0.645971 0.879700
vt 0.335600 0.783388
vt 0.427161 0.539527
vt 0.335600 0.710381
vt 0.354320 0.539491
vt 0.672053 0.879393
vt 0.671793 0.883692
vt 0.671644 0.886789
vt 0.614103 0.367381
vt 0.689682 0.889593
vt 0.072655 0.485710
vt 0.689682 0.886968
vt 0.614855 0.370697
vt 0.689682 0.883968
vt 0.616952 0.373461
vt 0.620936 0.375695
vt 0.689682 0.879545
vt 0.824504 0.626055
vt 0.109922 0.485619
vt 0.829728 0.636255
vt 0.787228 0.250433
vt 0.828660 0.629872
vt 0.787228 0.254595
vt 0.827906 0.613845
vt 0.787228 0.264851
vt 0.831307 0.146521
vt 0.778233 0.577038
vt 0.578498 0.093342
vt 0.876361 0.510923
vt 0.921090 0.713180
vt 0.502051 0.012253
vt 0.925885 0.723121
vt 0.809637 0.549555
vt 0.512741 0.012253
vt 0.922597 0.718149
vt 0.507073 0.012253
vt 0.986633 0.677414
vt 0.771657 0.549563
vt 0.861363 0.630390
vt 0.802086 0.549562
vt 0.787228 0.307705
vt 0.925509 0.712709
vt 0.812085 0.549466
vt 0.934458 0.722906
vt 0.806258 0.549594
vt 0.928210 0.720172
vt 0.808947 0.549732
vt 0.926092 0.715576
vt 0.810938 0.549594
vt 0.981056 0.677414
vt 0.876361 0.538730
vt 0.773855 0.549561
vt 0.986633 0.666101
vt 0.856906 0.630390
vt 0.896123 0.439659
vt 0.981056 0.666101
vt 0.880819 0.538730
vt 0.890616 0.438777
vt 0.896123 0.402690
vt 0.856906 0.615823
vt 0.208380 0.189914
vt 0.890616 0.402690
vt 0.213888 0.189914
vt 0.880819 0.524511
vt 0.609465 0.336784
vt 0.357397 0.489587
vt 0.831307 0.003906
vt 0.614087 0.333721
vt 0.876377 0.454728
vt 0.081041 0.485717
vt 0.825734 0.004803
vt 0.614090 0.339365
vt 0.861347 0.546392
vt 0.079636 0.485710
vt 0.988841 0.604011
vt 0.080254 0.498127
vt 0.331051 0.713504
vt 0.939768 0.058524
vt 0.861356 0.540093
vt 0.080249 0.489648
vt 0.945438 0.058525
vt 0.876368 0.448428
vt 0.081665 0.489648
vt 0.878777 0.625643
vt 0.871046 0.368765
vt 0.318973 0.793849
vt 0.889165 0.625643
vt 0.720208 0.965530
vt 0.870891 0.378965
vt 0.318973 0.783388
vt 0.326838 0.990776
vt 0.878779 0.636397
vt 0.635586 0.874896
vt 0.889169 0.635786
vt 0.709735 0.965530
vt 0.633548 0.888280
vt 0.906019 0.471804
vt 0.633548 0.886615
vt 0.907502 0.472278
vt 0.633548 0.881562
vt 0.912123 0.472483
vt 0.063382 0.496190
vt 0.633548 0.889593
vt 0.905853 0.470385
vt 0.917968 0.473074
vt 0.633548 0.875120
vt 0.886564 0.635929
vt 0.318973 0.713504
vt 0.988841 0.616089
vt 0.878777 0.706279
vt 0.981056 0.616089
vt 0.886564 0.706280
vt 0.917968 0.402691
vt 0.981056 0.604037
vt 0.080253 0.496190
vt 0.905916 0.402690
vt 0.847868 0.963536
vt 0.329723 0.783388
vt 0.337588 0.990776
vt 0.107618 0.968177
vt 0.326838 0.961293
vt 0.854243 0.652746
vt 0.340545 0.961293
vt 0.779585 0.621623
vt 0.121326 0.968177
vt 0.524922 0.766377
vt 0.521920 0.978222
vt 0.869489 0.677849
vt 0.538630 0.731161
vt 0.340545 0.979537
vt 0.794777 0.631724
vt 0.854243 0.689455
vt 0.718036 0.363903
vt 0.107618 0.931478
vt 0.704328 0.363903
vt 0.779531 0.584924
vt 0.121326 0.931478
vt 0.704328 0.379149
vt 0.538630 0.777983
vt 0.794777 0.584902
vt 0.869489 0.689457
vt 0.718036 0.379149
vt 0.524922 0.777983
vt 0.318973 0.741942
vt 0.512634 0.978222
vt 0.878777 0.677854
vt 0.838514 0.957305
vt 0.535672 0.731161
vt 0.337588 0.979537
vt 0.838582 0.922089
vt 0.535672 0.766376
vt 0.521920 0.967472
vt 0.847868 0.922089
vt 0.512634 0.967472
vt 0.329723 0.741942
vt 0.433694 0.529486
vt 0.436112 0.529845
vt 0.440278 0.529640
vt 0.882740 0.378576
vt 0.877339 0.378768
vt 0.201854 0.539208
vt 0.027991 0.061583
vt 0.119191 0.498127
vt 0.032574 0.061456
vt 0.356221 0.508676
vt 0.903070 0.215541
vt 0.805790 0.546561
vt 0.902713 0.207001
vt 0.809163 0.546561
vt 0.512741 0.003912
vt 0.898480 0.215047
vt 0.520527 0.003912
vt 0.307867 0.271987
vt 0.401939 0.508778
vt 0.335600 0.742076
vt 0.385945 0.539527
vt 0.137269 0.348212
vt 0.280566 0.510586
vt 0.806511 0.907599
vt 0.496823 0.224208
vt 0.251970 0.470412
vt 0.520527 0.215448
vt 0.512741 0.213371
vt 0.507073 0.212000
vt 0.806511 0.861022
vt 0.156831 0.470275
vt 0.806511 0.857162
vt 0.160030 0.472434
vt 0.812544 0.894153
vt 0.044388 0.922945
vt 0.812544 0.885837
vt 0.041279 0.915233
vt 0.806511 0.846420
vt 0.054533 0.955019
vt 0.496718 0.183826
vt 0.170694 0.473494
vt 0.812544 0.872000
vt 0.032137 0.904899
vt 0.806511 0.885837
vt 0.167130 0.450353
vt 0.806511 0.878421
vt 0.162267 0.455951
vt 0.054533 0.924366
vt 0.806511 0.894153
vt 0.170694 0.442840
vt 0.046270 0.923466
vt 0.503078 0.211139
vt 0.812544 0.907599
vt 0.046270 0.936275
vt 0.503078 0.224208
vt 0.812544 0.868470
vt 0.030531 0.901756
vt 0.812544 0.846420
vt 0.503078 0.183826
vt 0.046270 0.892405
vt 0.812544 0.857162
vt 0.035512 0.892766
vt 0.806511 0.872000
vt 0.157386 0.460121
vt 0.812544 0.864836
vt 0.030449 0.898123
vt 0.806511 0.868470
vt 0.155595 0.463163
vt 0.812544 0.861022
vt 0.032190 0.894730
vt 0.806511 0.864836
vt 0.155296 0.466784
vt 0.512741 0.205626
vt 0.507073 0.204247
vt 0.046270 0.915602
vt 0.503078 0.203547
vt 0.512741 0.199594
vt 0.507073 0.198300
vt 0.503078 0.197726
vt 0.046270 0.909271
vt 0.254174 0.458091
vt 0.520527 0.202187
vt 0.217674 0.272119
vt 0.658040 0.214891
vt 0.014349 0.252961
vt 0.028928 0.249849
vt 0.042427 0.241352
vt 0.658040 0.007366
vt 0.010106 0.272119
vt 0.449227 0.286397
vt 0.242767 0.253237
vt 0.449227 0.269785
vt 0.224911 0.250188
vt 0.449227 0.254040
vt 0.209289 0.241449
vt 0.449227 0.223716
vt 0.194306 0.211596
vt 0.449227 0.188357
vt 0.188772 0.178522
vt 0.127237 0.003906
vt 0.799850 0.226963
vt 0.673283 0.214914
vt 0.173896 0.188355
vt 0.162001 0.174662
vt 0.673283 0.196778
vt 0.673283 0.179905
vt 0.152960 0.160427
vt 0.169343 0.222164
vt 0.673283 0.254596
vt 0.673283 0.234783
vt 0.178468 0.207706
vt 0.673283 0.245370
vt 0.177706 0.218270
vt 0.169345 0.272119
vt 0.658040 0.166558
vt 0.139611 0.081211
vt 0.673283 0.099560
vt 0.050080 0.003906
vt 0.838022 0.633429
vt 0.799850 0.304113
vt 0.838022 0.609470
vt 0.988429 0.570804
vt 0.059693 0.063951
vt 0.066831 0.081211
vt 0.673283 0.026784
vt 0.988429 0.552301
vt 0.041188 0.063951
vt 0.984497 0.483566
vt 0.043952 0.081211
vt 0.673283 0.003906
vt 0.984497 0.466088
vt 0.839866 0.410132
vt 0.839956 0.426436
vt 0.839846 0.440564
vt 0.656656 0.379851
vt 0.466455 0.480032
vt 0.756339 0.392447
vt 0.466868 0.161176
vt 0.466674 0.269068
vt 0.466677 0.288907
vt 0.466672 0.239700
vt 0.467459 0.151839
vt 0.658040 0.268259
vt 0.271047 0.272119
vt 0.039455 0.003906
vt 0.466685 0.314052
vt 0.421734 0.278053
vt 0.414493 0.913154
vt 0.871446 0.610413
vt 0.984988 0.264212
vt 0.421734 0.260403
vt 0.889095 0.610413
vt 0.449227 0.314228
vt 0.271047 0.253239
vt 0.984988 0.289688
vt 0.396257 0.260403
vt 0.984988 0.049641
vt 0.881928 0.003906
vt 0.271047 0.264122
vt 0.039455 0.011902
vt 0.881928 0.129105
vt 0.396257 0.264122
vt 0.988708 0.049641
vt 0.750353 0.378300
vt 0.449227 0.480032
vt 0.433055 0.260939
vt 0.754649 0.383165
vt 0.457012 0.480032
vt 0.755966 0.388552
vt 0.462681 0.480032
vt 0.449227 0.468748
vt 0.423924 0.253239
vt 0.466702 0.468300
vt 0.457012 0.468320
vt 0.462681 0.468257
vt 0.449227 0.152289
vt 0.162112 0.152402
vt 0.457012 0.151905
vt 0.462681 0.151811
vt 0.449227 0.162196
vt 0.167956 0.163595
vt 0.457012 0.161771
vt 0.462681 0.161445
vt 0.449227 0.173912
vt 0.177241 0.172780
vt 0.466737 0.170924
vt 0.457012 0.172256
vt 0.462681 0.171420
vt 0.457012 0.184569
vt 0.462681 0.183886
vt 0.462681 0.223977
vt 0.457012 0.223814
vt 0.449227 0.240245
vt 0.199351 0.228847
vt 0.462681 0.239666
vt 0.457012 0.239718
vt 0.466686 0.253261
vt 0.462681 0.253319
vt 0.457012 0.253528
vt 0.457012 0.269318
vt 0.462681 0.269144
vt 0.462681 0.288822
vt 0.457012 0.288326
vt 0.467695 0.082504
vt 0.150871 0.080923
vt 0.449227 0.081359
vt 0.462681 0.082380
vt 0.457012 0.082084
vt 0.462681 0.314109
vt 0.457012 0.314179
vt 0.011201 0.256968
vt 0.839930 0.390693
vt 0.008927 0.254207
vt 0.827700 0.389694
vt 0.005403 0.251140
vt 0.833439 0.390591
vt 0.833074 0.368533
vt 0.647788 0.004005
vt 0.827700 0.368533
vt 0.003906 0.272119
vt 0.653176 0.004286
vt 0.008084 0.272119
vt 0.657176 0.005549
vt 0.840087 0.397239
vt 0.833720 0.397046
vt 0.009197 0.245646
vt 0.827700 0.396824
vt 0.011978 0.249650
vt 0.833469 0.410131
vt 0.022408 0.242086
vt 0.827700 0.410829
vt 0.025709 0.246313
vt 0.833583 0.426244
vt 0.827700 0.426203
vt 0.035799 0.234019
vt 0.039313 0.237933
vt 0.673283 0.367713
vt 0.056142 0.222164
vt 0.672019 0.372358
vt 0.051263 0.222164
vt 0.827700 0.440564
vt 0.668419 0.376296
vt 0.045860 0.222164
vt 0.833405 0.440564
vt 0.663031 0.378927
vt 0.739226 0.378300
vt 0.433055 0.272066
vt 0.221310 0.434544
vt 0.441070 0.278053
vt 0.756026 0.513801
vt 0.395159 0.913154
vt 0.441070 0.272066
vt 0.750040 0.513801
vt 0.213295 0.434544
vt 0.777074 0.878421
vt 0.250081 0.921570
vt 0.329659 0.472668
vt 0.653457 0.214859
vt 0.671481 0.828024
vt 0.373293 0.465122
vt 0.323331 0.468214
vt 0.327889 0.467319
vt 0.331875 0.465014
vt 0.810529 0.831416
vt 0.810920 0.818386
vt 0.830472 0.746791
vt 0.795266 0.226963
vt 0.668700 0.214914
vt 0.816982 0.820769
vt 0.820014 0.814226
vt 0.668700 0.196778
vt 0.822248 0.808364
vt 0.668700 0.179905
vt 0.668700 0.254596
vt 0.341897 0.460301
vt 0.668700 0.234783
vt 0.816230 0.828873
vt 0.668700 0.245370
vt 0.817193 0.832933
vt 0.339896 0.459298
vt 0.653457 0.166558
vt 0.341716 0.472668
vt 0.808774 0.826138
vt 0.825757 0.777234
vt 0.668700 0.099560
vt 0.839828 0.633429
vt 0.860916 0.746791
vt 0.795266 0.304113
vt 0.839828 0.609470
vt 0.993012 0.570804
vt 0.116138 0.976041
vt 0.171582 0.003906
vt 0.839828 0.602583
vt 0.098770 0.976041
vt 0.668700 0.022410
vt 0.993012 0.552301
vt 0.116138 0.994429
vt 0.989080 0.483566
vt 0.098770 0.994429
vt 0.668700 0.003906
vt 0.989080 0.466088
vt 0.672156 0.843617
vt 0.656376 0.376576
vt 0.689682 0.843640
vt 0.778592 0.270461
vt 0.811843 0.808081
vt 0.778592 0.242559
vt 0.327042 0.464701
vt 0.778592 0.237414
vt 0.322444 0.465594
vt 0.778592 0.267668
vt 0.809448 0.811695
vt 0.807018 0.825831
vt 0.778592 0.273091
vt 0.813130 0.804271
vt 0.316309 0.472668
vt 0.653457 0.268259
vt 0.034872 0.003906
vt 0.989571 0.264212
vt 0.278668 0.469763
vt 0.889095 0.605830
vt 0.989571 0.289688
vt 0.984988 0.045058
vt 0.285021 0.469763
vt 0.778592 0.199921
vt 0.285015 0.465594
vt 0.285017 0.468230
vt 0.316296 0.470689
vt 0.877344 0.003906
vt 0.034872 0.011902
vt 0.285027 0.470689
vt 0.877344 0.129105
vt 0.988708 0.045058
vt 0.895044 0.605823
vt 0.278668 0.468273
vt 0.778592 0.193575
vt 0.898627 0.596013
vt 0.278668 0.465594
vt 0.897029 0.603238
vt 0.278668 0.467457
vt 0.898266 0.599325
vt 0.278668 0.466429
vt 0.818597 0.805649
vt 0.816200 0.804952
vt 0.814270 0.804503
vt 0.816944 0.810478
vt 0.814723 0.809340
vt 0.812885 0.808532
vt 0.814264 0.814970
vt 0.778592 0.258031
vt 0.805734 0.825729
vt 0.812661 0.813733
vt 0.810443 0.812302
vt 0.809317 0.816789
vt 0.807282 0.815428
vt 0.807563 0.831202
vt 0.809265 0.831294
vt 0.809715 0.838556
vt 0.334692 0.461918
vt 0.333387 0.460594
vt 0.806842 0.837697
vt 0.334128 0.461312
vt 0.808470 0.838020
vt 0.778592 0.246770
vt 0.330322 0.462615
vt 0.330805 0.463261
vt 0.331429 0.464163
vt 0.327664 0.466455
vt 0.327317 0.465447
vt 0.322538 0.466410
vt 0.322765 0.467440
vt 0.778592 0.290388
vt 0.815958 0.777066
vt 0.821579 0.777301
vt 0.817117 0.777177
vt 0.819065 0.777315
vt 0.285015 0.466423
vt 0.285016 0.467447
vt 0.379178 0.468920
vt 0.642544 0.828024
vt 0.646288 0.843798
vt 0.643694 0.830383
vt 0.644982 0.833192
vt 0.646064 0.837908
vt 0.658040 0.084552
vt 0.087373 0.272119
vt 0.671916 0.838243
vt 0.671687 0.833932
vt 0.671548 0.830830
vt 0.689682 0.828024
vt 0.668645 0.367380
vt 0.369907 0.460270
vt 0.689682 0.830642
vt 0.667893 0.370697
vt 0.689682 0.833636
vt 0.665796 0.373461
vt 0.689682 0.838051
vt 0.661812 0.375695
vt 0.810200 0.827038
vt 0.332817 0.460027
vt 0.805582 0.837527
vt 0.778592 0.250433
vt 0.806274 0.831092
vt 0.778592 0.254595
vt 0.778592 0.264851
vt 0.806089 0.815046
vt 0.853892 0.777234
vt 0.668700 0.027988
vt 0.177089 0.004793
vt 0.897896 0.510923
vt 0.467681 0.012253
vt 0.921090 0.677658
vt 0.925885 0.667716
vt 0.822430 0.749793
vt 0.457012 0.012253
vt 0.922597 0.672688
vt 0.462681 0.012253
vt 0.839828 0.630390
vt 0.394839 0.715012
vt 0.860434 0.749791
vt 0.829993 0.749795
vt 0.778592 0.307705
vt 0.819950 0.749834
vt 0.925509 0.678128
vt 0.934458 0.667932
vt 0.825809 0.749834
vt 0.823122 0.749834
vt 0.928210 0.670665
vt 0.821104 0.749834
vt 0.926092 0.675261
vt 0.897896 0.538730
vt 0.389261 0.715012
vt 0.858236 0.749788
vt 0.844286 0.630390
vt 0.394839 0.726325
vt 0.259599 0.946379
vt 0.893439 0.538730
vt 0.389261 0.726325
vt 0.254092 0.947261
vt 0.844286 0.615823
vt 0.208380 0.221942
vt 0.259599 0.983348
vt 0.213888 0.221942
vt 0.254092 0.983348
vt 0.893439 0.524511
vt 0.673283 0.336784
vt 0.087126 0.222164
vt 0.361528 0.460301
vt 0.177089 0.147407
vt 0.897881 0.454728
vt 0.668661 0.333720
vt 0.171516 0.146510
vt 0.362927 0.460275
vt 0.668658 0.339365
vt 0.839845 0.546392
vt 0.341812 0.464896
vt 0.981056 0.623953
vt 0.653491 0.084251
vt 0.362296 0.472668
vt 0.939768 0.003907
vt 0.362313 0.464213
vt 0.839835 0.540093
vt 0.945438 0.003906
vt 0.360904 0.464223
vt 0.897889 0.448428
vt 0.669803 0.724772
vt 0.839445 0.368533
vt 0.641413 0.003906
vt 0.680213 0.725491
vt 0.720208 0.996094
vt 0.839617 0.378727
vt 0.664023 0.945884
vt 0.669775 0.714254
vt 0.641413 0.014367
vt 0.680243 0.715037
vt 0.635586 0.842704
vt 0.709735 0.996094
vt 0.633574 0.829332
vt 0.906510 0.482204
vt 0.633574 0.830993
vt 0.907993 0.481729
vt 0.633574 0.836038
vt 0.912614 0.481524
vt 0.379178 0.470740
vt 0.633574 0.828024
vt 0.906344 0.483622
vt 0.633574 0.842465
vt 0.918460 0.480933
vt 0.677639 0.714868
vt 0.981056 0.636031
vt 0.641413 0.084251
vt 0.669904 0.644441
vt 0.988841 0.636031
vt 0.677639 0.644497
vt 0.918460 0.551316
vt 0.988841 0.623979
vt 0.906408 0.551317
vt 0.362302 0.470740
vt 0.865072 0.928332
vt 0.674773 0.945884
vt 0.652163 0.014367
vt 0.645345 0.697394
vt 0.099699 0.968177
vt 0.664023 0.975367
vt 0.085991 0.968177
vt 0.239838 0.014029
vt 0.677731 0.975367
vt 0.344532 0.780777
vt 0.660660 0.672516
vt 0.730379 0.975816
vt 0.358240 0.815993
vt 0.255016 0.003906
vt 0.677731 0.957123
vt 0.645345 0.660842
vt 0.099699 0.931478
vt 0.132686 0.461992
vt 0.085991 0.931478
vt 0.239838 0.050728
vt 0.146393 0.461992
vt 0.358240 0.769171
vt 0.255084 0.050728
vt 0.146393 0.477239
vt 0.344532 0.769171
vt 0.660675 0.660915
vt 0.132686 0.477239
vt 0.641413 0.055813
vt 0.739665 0.975816
vt 0.669896 0.672769
vt 0.355283 0.815993
vt 0.855717 0.934562
vt 0.674773 0.957123
vt 0.355283 0.780777
vt 0.855786 0.969778
vt 0.730379 0.965066
vt 0.865072 0.969778
vt 0.739665 0.965066
vt 0.652163 0.055813
vt 0.010777 0.262123
vt 0.008354 0.262453
vt 0.827700 0.378345
vt 0.004188 0.262218
vt 0.833133 0.378535
vt 0.658040 0.240052
vt 0.242837 0.272119
vt 0.323375 0.472668
vt 0.653457 0.239925
vt 0.169340 0.241367
vt 0.088279 0.241265
vt 0.826276 0.746791
vt 0.795260 0.216376
vt 0.457012 0.003906
vt 0.822901 0.746791
vt 0.795617 0.207837
vt 0.449227 0.003906
vt 0.138319 0.003906
vt 0.799850 0.215882
vt 0.658040 0.055679
vt 0.058612 0.272119
vt 0.783107 0.907599
vt 0.472926 0.224208
vt 0.192887 0.203197
vt 0.449227 0.215479
vt 0.457012 0.213403
vt 0.462681 0.212017
vt 0.468457 0.955697
vt 0.783107 0.861022
vt 0.471656 0.953538
vt 0.783107 0.857162
vt 0.777074 0.894153
vt 0.257710 0.907979
vt 0.777074 0.885837
vt 0.254601 0.915691
vt 0.077994 0.955019
vt 0.482321 0.952479
vt 0.473111 0.183826
vt 0.783107 0.846420
vt 0.777074 0.872000
vt 0.245459 0.926024
vt 0.478756 0.975619
vt 0.783107 0.885837
vt 0.473893 0.970021
vt 0.783107 0.878421
vt 0.077994 0.924366
vt 0.482321 0.983132
vt 0.783107 0.894153
vt 0.259591 0.907457
vt 0.466680 0.211131
vt 0.259591 0.894649
vt 0.777074 0.907599
vt 0.466680 0.224208
vt 0.777074 0.868470
vt 0.243852 0.929168
vt 0.259591 0.938519
vt 0.777074 0.846420
vt 0.466680 0.183826
vt 0.777074 0.857162
vt 0.248833 0.938157
vt 0.783107 0.872000
vt 0.469012 0.965851
vt 0.777074 0.864836
vt 0.243770 0.932800
vt 0.783107 0.868470
vt 0.467221 0.962809
vt 0.777074 0.861022
vt 0.245511 0.936193
vt 0.783107 0.864836
vt 0.466922 0.959188
vt 0.457012 0.205658
vt 0.462681 0.204252
vt 0.259591 0.915322
vt 0.466680 0.203564
vt 0.457012 0.199646
vt 0.462681 0.198262
vt 0.259591 0.921653
vt 0.466680 0.197747
vt 0.190827 0.190865
vt 0.449227 0.202206
vt 0.109576 0.498127
vt 0.132686 0.279984
vt 0.032574 0.023051
vt 0.137269 0.343977
vt 0.277044 0.508225
vt 0.272892 0.507389
vt 0.137269 0.339742
vt 0.247051 0.508179
vt 0.137269 0.313782
vt 0.243545 0.510521
vt 0.137269 0.309547
vt 0.251201 0.507365
vt 0.137269 0.318017
vt 0.335600 0.639668
vt 0.137269 0.377776
vt 0.283730 0.539412
vt 0.282920 0.514118
vt 0.137269 0.352447
vt 0.137269 0.356682
vt 0.283748 0.518280
vt 0.240362 0.518181
vt 0.137269 0.301077
vt 0.241190 0.514029
vt 0.137269 0.305312
vt 0.578502 0.168720
vt 0.132688 0.376658
vt 0.098671 0.497848
vt 0.132686 0.281098
vt 0.578498 0.125287
vt 0.109576 0.497848
vt 0.331020 0.639668
vt 0.098671 0.498127
vt 0.132689 0.377776
s 1
usemtl PB
f 1556/2580/700 1557/2581/701 1559/2584/702 1560/2585/703
s 0
f 1616/2701/704 1615/2698/704 1617/2704/704 1618/2707/704
s 1
f 1480/2481/705 1488/2497/705 1486/2492/706 1664/2800/706
f 1577/2623/704 1578/2624/704 1477/2476/704 1471/2463/704
f 1512/2525/707 1522/2537/708 1521/2536/709 1511/2524/709
f 1558/2582/710 1560/2585/703 1449/2419/709 1464/2449/709
f 2274/4077/709 2251/4050/709 2232/4029/709 2241/4040/709 2273/4075/709
f 1588/2644/711 1559/2584/702 1557/2581/701 1587/2643/712
s 0
f 1995/3474/713 2001/3492/713 1973/3408/713 1954/3351/713
f 1951/3342/714 1971/3402/714 1998/3483/714 1992/3465/714
s 1
f 1665/2801/715 2336/4164/715 2342/4171/716 1668/2804/716
f 1665/2801/715 1668/2804/716 1481/2482/716 1469/2458/715
f 1669/2805/717 1482/2484/717 1481/2482/716 1668/2804/716
f 1663/2799/718 1485/2490/718 1484/2488/719 1478/2478/719
f 2274/4077/709 2273/4075/709 2283/4088/709 2276/4079/709 2251/4050/709
f 1780/2963/720 1551/2574/721 1463/2448/722 1692/2844/723
f 1843/3084/709 1799/2994/709 1798/2993/709
s 0
f 2013/3528/713 1965/3384/713 1948/3333/713 1989/3456/713
s 1
f 1555/2578/724 1460/2442/724 1596/2655/724 1597/2656/724
s 0
f 1967/3390/709 1968/3393/709 1949/3336/709 1950/3339/709
s 1
f 1480/2481/705 1608/2681/705 2335/4163/725 1479/2479/725
f 1664/2800/706 1606/2679/706 1608/2681/705 1480/2481/705
f 1669/2805/717 2338/4166/717 2337/4165/726 1670/2806/726
f 1668/2804/716 2342/4171/716 2338/4166/717 1669/2805/717
f 1664/2800/706 1486/2492/706 1485/2490/718 1663/2799/718
f 1465/2451/727 1672/2808/728 1471/2462/728 1477/2477/729
f 1470/2460/730 1471/2462/728 1672/2808/728 1671/2807/730
f 1669/2805/717 1670/2806/726 1483/2486/726 1482/2484/717
f 1479/2479/725 1487/2494/725 1488/2497/705 1480/2481/705
f 1479/2480/709 1657/2787/709 1462/2445/709 1487/2495/709
f 1717/2885/731 1871/3146/731 1901/3206/731 1884/3169/731
s 0
f 1964/3381/714 2014/3531/714 1988/3453/714 1947/3330/714
s 1
f 2273/4076/732 2263/4064/732 2226/4019/732 2283/4089/732
f 1588/2644/711 1586/2641/733 1450/2421/734 1559/2584/702
s 0
f 1930/3279/713 1931/3282/713 1938/3303/713 1979/3426/713
s 1
f 1572/2609/735 1573/2613/736 1540/2562/737 1534/2555/738
f 1493/2506/739 1495/2508/740 1496/2509/741 1492/2505/742
f 1492/2505/742 1496/2509/741 1497/2510/743 1491/2504/744
f 1491/2504/744 1497/2510/743 1494/2507/709 1432/2388/709
f 2153/3912/724 2152/3911/724 2155/3916/724 2156/3918/724
f 1495/2508/740 1498/2511/745 1499/2512/746 1496/2509/741
f 1496/2509/741 1499/2512/746 1500/2513/747 1497/2510/743
f 1497/2510/743 1500/2513/747 1430/2385/709 1494/2507/709
f 1498/2511/745 1501/2514/748 1502/2515/749 1499/2512/746
f 1499/2512/746 1502/2515/749 1503/2516/750 1500/2513/747
f 1500/2513/747 1503/2516/750 1436/2395/709 1430/2385/709
s 0
f 2107/3810/751 2076/3717/751 2075/3714/751 2112/3825/751
s 1
f 1501/2514/748 1505/2518/752 1506/2519/753 1502/2515/749
f 1502/2515/749 1506/2519/753 1507/2520/754 1503/2516/750
f 1503/2516/750 1507/2520/754 1504/2517/709 1436/2395/709
f 1514/2527/755 1524/2541/756 1523/2539/757 1513/2526/758
f 1513/2526/758 1523/2539/757 1522/2537/708 1512/2525/707
f 1467/2455/759 1521/2534/760 1522/2538/708 1520/2533/761
f 1520/2533/761 1522/2538/708 1523/2540/757 1519/2532/762
f 1519/2532/762 1523/2540/757 1524/2542/756 1518/2531/763
f 1466/2453/764 1467/2455/759 1520/2533/761 1517/2530/765
f 1517/2530/765 1520/2533/761 1519/2532/762 1516/2529/766
f 1516/2529/766 1519/2532/762 1518/2531/763 1515/2528/767
f 1571/2607/768 1528/2547/769 1515/2528/767 1569/2603/770
f 1561/2586/771 1524/2541/756 1514/2527/755 1562/2589/772
f 1528/2547/769 1530/2550/773 1531/2551/774 1527/2546/775
f 1527/2546/775 1531/2551/774 1532/2552/776 1526/2545/777
f 1526/2545/777 1532/2552/776 1529/2548/778 1525/2543/779
f 1533/2553/780 1529/2548/778 1532/2552/776 1536/2557/781
f 1536/2557/781 1532/2552/776 1531/2551/774 1535/2556/782
f 1535/2556/782 1531/2551/774 1530/2550/773 1534/2555/738
f 1570/2605/783 1530/2550/773 1528/2547/769 1571/2607/768
f 1540/2562/737 1542/2565/784 1543/2566/785 1539/2561/786
f 1539/2561/786 1543/2566/785 1544/2567/787 1538/2560/788
f 1538/2560/788 1544/2567/787 1541/2563/789 1537/2558/790
f 1551/2574/721 1552/2575/791 1547/2570/792
f 1547/2570/792 1552/2575/791 1553/2576/793 1546/2569/794
f 1546/2569/794 1553/2576/793 1554/2577/795 1545/2568/796
f 1545/2568/796 1554/2577/795 1475/2471/797 1473/2467/798
f 1567/2599/799 1505/2518/752 1501/2514/748 1566/2597/800
f 1505/2518/752 1508/2521/801 1509/2522/802 1506/2519/753
f 1506/2519/753 1509/2522/802 1510/2523/803 1507/2520/754
f 1507/2520/754 1510/2523/803 1439/2400/709 1504/2517/709
f 1568/2601/804 1518/2531/763 1524/2542/756 1561/2587/771
f 1508/2521/801 1514/2527/755 1513/2526/758 1509/2522/802
f 1509/2522/802 1513/2526/758 1512/2525/707 1510/2523/803
f 1510/2523/803 1512/2525/707 1511/2524/709 1439/2400/709
f 1463/2448/722 1551/2574/721 1547/2570/792 1542/2565/784
f 1542/2565/784 1547/2570/792 1546/2569/794 1543/2566/785
f 1543/2566/785 1546/2569/794 1545/2568/796 1544/2567/787
f 1544/2567/787 1545/2568/796 1473/2467/798 1541/2563/789
f 1474/2469/805 1475/2471/797 1554/2577/795 1548/2571/806
f 1548/2571/806 1554/2577/795 1553/2576/793 1549/2572/807
f 1549/2572/807 1553/2576/793 1552/2575/791 1550/2573/808
f 1550/2573/808 1552/2575/791 1551/2574/721
f 1574/2614/809 1508/2521/801 1505/2518/752 1567/2599/799
f 1534/2555/738 1540/2562/737 1539/2561/786 1535/2556/782
f 1535/2556/782 1539/2561/786 1538/2560/788 1536/2557/781
f 1536/2557/781 1538/2560/788 1537/2558/790 1533/2553/780
f 1648/2768/810 1437/2396/810 1444/2409/811 1621/2714/811
f 1562/2589/772 1514/2527/755 1508/2521/801 1574/2614/809
f 1515/2528/767 1528/2547/769 1527/2546/775 1516/2529/766
f 1516/2529/766 1527/2546/775 1526/2545/777 1517/2530/765
f 1517/2530/765 1526/2545/777 1525/2543/779 1466/2453/764
s 0
f 1844/3085/704 1842/3079/704 1843/3082/704 1845/3088/704
f 2069/3696/751 2049/3636/751 2048/3633/751 2066/3687/751
s 1
f 1766/2948/812 1762/2942/813 1710/2875/814 1711/2876/815
f 1619/2710/724 1612/2692/724 1614/2697/724 1600/2663/724
s 0
f 1987/3450/709 1988/3454/709 2014/3532/709 2012/3525/709
s 1
f 1711/2876/815 2266/4068/815 2265/4067/816 1712/2877/816
s 0
f 1974/3411/709 1972/3405/709 1955/3354/709 1956/3357/709
s 1
f 1685/2831/817 1813/3023/818 1852/3104/818 1855/3113/819
s 0
f 1961/3372/714 2007/3510/714 1982/3435/714 1941/3312/714
s 1
f 1582/2632/820 1623/2717/820 1627/2725/821 1584/2636/821
f 2160/3926/724 2159/3924/724 2163/3932/724 2162/3930/724
f 1893/3188/709 1851/3103/709 1853/3107/709 1887/3176/709
f 2041/3612/724 2093/3770/724 2092/3767/724 2040/3609/724
f 1593/2650/822 1588/2644/711 1587/2643/712
f 1683/2826/823 1857/3118/823 1853/3106/824 1684/2827/825
f 1851/3102/704 1893/3189/704 1702/2860/704 1805/3008/704
f 1911/3229/826 1919/3246/826 1909/3225/826 1907/3218/826
f 1594/2651/709 1595/2653/709 1592/2648/709 1585/2638/709
f 2148/3902/724 2161/3928/724 1987/3452/724 1986/3449/724
f 1490/2502/724 1433/2389/724 1658/2789/724
f 1839/3071/724 1826/3043/724 1838/3069/724 1828/3048/724 1840/3074/724
f 1504/2517/709 1439/2400/709 2116/3836/709 2115/3834/709
f 1988/3455/724 1987/3452/724 2161/3928/724
s 0
f 2090/3759/751 2089/3756/751 2097/3780/751 2102/3795/751
s 1
f 1555/2579/709 1433/2390/709 1432/2388/709 1494/2507/709
f 1803/3003/827 1718/2888/827 1841/3077/828 1874/3152/829
f 1623/2716/830 1639/2752/830 1627/2726/830
s 0
f 2000/3489/709 1999/3486/709 1993/3468/709 1994/3471/709
s 1
f 1580/2629/831 1579/2627/832 1625/2722/833
f 2047/3630/724 2077/3722/724 2078/3725/724 2046/3627/724
f 1812/3020/704 1821/3033/704 1809/3014/704
f 2257/4058/718 2258/4059/719 2235/4033/719 2242/4041/718
f 1613/2695/751 1563/2592/751 1564/2593/751
f 2147/3900/724 2140/3886/724 2138/3882/724 2151/3908/724
f 1611/2688/834 1493/2506/739 1492/2505/742 1601/2665/835
f 1569/2603/770 1515/2528/767 1518/2531/763 1568/2601/804
f 1954/3352/724 1953/3348/724 1994/3472/724 1995/3475/724
f 1706/2869/836 1714/2879/837 1476/2475/838 1474/2470/805
f 2351/4181/716 2350/4180/717 2236/4034/717 2234/4032/716
f 2170/3947/751 2174/3955/751 1647/2766/751 1620/2712/751
s 0
f 2079/3726/751 2077/3720/751 2110/3819/751 2111/3822/751
s 1
f 1822/3035/751 1820/3032/839 1685/2829/840 1821/3034/841
f 1820/3032/839 1813/3024/842 1685/2829/840
f 1589/2645/709 1595/2653/709 1587/2643/712
f 1649/2769/843 1628/2727/843 1629/2729/724 1622/2715/724
f 2357/4188/709 1457/2437/709 1459/2440/709 2356/4187/709
f 1696/2852/844 1698/2855/845 1708/2873/846 1754/2932/847
f 1561/2588/751 1562/2590/751 1605/2678/751 1615/2700/751
f 1695/2849/751 1871/3147/751 1717/2886/751 1691/2841/751
f 1622/2715/724 1428/2381/848 1434/2391/843 1649/2769/843
f 1660/2793/751 1661/2795/751 1659/2791/751
f 1646/2765/849 1454/2430/849 1456/2434/850 1645/2764/850
f 1586/2642/851 1636/2745/851 1637/2746/852 1450/2422/853
f 1660/2794/854 1445/2411/855 1642/2759/855 1643/2761/856
f 1660/2794/854 1643/2761/856 1640/2754/857 1602/2668/858
f 1642/2759/855 1445/2411/855 1449/2420/859 1641/2758/859
f 2352/4182/706 2349/4179/705 2238/4036/705 2243/4042/706
f 1645/2764/850 1641/2757/751 1637/2747/751
s 0
f 1924/3261/713 1932/3285/713 1921/3252/713 1926/3267/713
s 1
f 1621/2714/811 1633/2738/811 1631/2735/810 1648/2768/810
f 1888/3178/860 1677/2815/861 1428/2381/848 1885/3172/862
s 0
f 1957/3360/709 1958/3363/709 1939/3306/709 1940/3309/709
s 1
f 1902/3209/863 1885/3173/864 1886/3174/865 1901/3207/866
f 1521/2535/760 1467/2456/759 2113/3830/867 2114/3831/868
f 1439/2400/709 1511/2524/709 2117/3838/709 2116/3836/709
s 0
f 1966/3387/713 1946/3327/713 1987/3451/713 2012/3526/713
s 1
f 1652/2778/709 2232/4029/709 1476/2473/709
f 1697/2854/869 2344/4174/870 1699/2856/871
f 1709/2874/872 2186/3979/873 2264/4066/874 1710/2875/814
s 0
f 1928/3273/714 1927/3270/714 1933/3288/714 1934/3291/714
s 1
f 1639/2752/830 1855/3112/830 1626/2724/830
f 1478/2478/719 1484/2488/719 1483/2486/726 1670/2806/726
f 1690/2840/751 2052/3645/751 2071/3702/751 1700/2857/751
s 0
f 2099/3786/751 2082/3735/751 2081/3732/751 2100/3789/751
s 1
f 1623/2716/830 1625/2720/830 1639/2752/830
f 1556/2580/700 1458/2438/709 1557/2581/701
f 1650/2771/751 1619/2711/751 1620/2712/751 1647/2766/751
f 1631/2734/704 1488/2498/704 1487/2496/704 1628/2728/704
f 1631/2734/704 1486/2493/704 1488/2498/704
s 0
f 1972/3406/714 2002/3495/714 1996/3477/714 1955/3355/714
s 1
f 1866/3138/875 1655/2783/875 1656/2786/876 1873/3151/876
f 1632/2737/704 1483/2487/704 1484/2489/704
f 1465/2452/877 1556/2580/700 1560/2585/703 1558/2582/710
f 1634/2740/704 1481/2483/704 1482/2485/704
s 0
f 2006/3507/709 1981/3432/709 1982/3436/709 2007/3511/709
f 2004/3501/709 2003/3498/709 1997/3480/709 1976/3417/709
s 1
f 2123/3850/709 1935/3296/709 1460/2441/709 2121/3846/709
s 0
f 2064/3681/714 2044/3621/714 2082/3736/714 2099/3787/714
s 1
f 1595/2653/709 1593/2650/822 1587/2643/712
s 0
f 1963/3378/713 1944/3321/713 1985/3444/713 2010/3519/713
f 1926/3268/709 1921/3253/709 1933/3289/709 1927/3271/709
s 1
f 2348/4178/719 2235/4033/719 2237/4035/726 2347/4177/726
f 1830/3056/709 1802/3001/709 1790/2976/709
f 2161/3928/724 2167/3940/724 1991/3464/724 1990/3461/724
f 2349/4179/705 1476/2475/838 2232/4028/725 2238/4036/705
f 1975/3416/709 2126/3857/709 2128/3860/709
s 0
f 1966/3388/709 1962/3375/709 1945/3324/709 1946/3328/709
s 1
f 2334/4161/730 2336/4164/715 1665/2801/715 1468/2457/730
f 1663/2799/718 2339/4167/718 1606/2679/706 1664/2800/706
f 1670/2806/726 2337/4165/726 2340/4168/719 1478/2478/719
f 1465/2451/727 1558/2583/878 1667/2803/728 1672/2808/728
f 1603/2670/751 1613/2695/751 1564/2593/751
f 1575/2616/724 1490/2502/724 1658/2789/724
f 1662/2797/709 2118/3840/709 1430/2385/709 1436/2395/709
f 2174/3954/724 2166/3938/724 2165/3936/724 2173/3952/724
f 1874/3152/829 1841/3077/828 1825/3042/879 1823/3036/879
s 0
f 1969/3396/713 1952/3345/713 1993/3469/713 1999/3487/713
s 1
f 2073/3710/724 2076/3718/724 2050/3639/724 2051/3642/724
f 1655/2783/875 1866/3138/875 2233/4030/732 2241/4039/732
f 1644/2763/880 1447/2415/880 1454/2430/849 1646/2765/849
f 1653/2779/881 1864/3134/881 1865/3137/882 1654/2782/882
s 0
f 2005/3504/714 1980/3429/714 1939/3307/714 1958/3364/714
s 1
f 1594/2652/704 1585/2639/704 1581/2630/704
f 1835/3061/751 2343/4172/751 2321/4138/751 2322/4140/751
f 1633/2739/704 1485/2491/704 1486/2493/704 1631/2734/704
f 1645/2764/850 1642/2760/751 1641/2757/751
f 1468/2457/730 1464/2450/883 1924/3262/868 1926/3269/868
f 1657/2788/732 2341/4170/732 2343/4173/732 1695/2850/732
s 0
f 1951/3343/709 1952/3346/709 1969/3397/709 1971/3403/709
s 1
f 1472/2464/709 1576/2620/709 1458/2438/709 1455/2433/709
s 0
f 1930/3280/709 1979/3427/709 1980/3430/709 2005/3505/709
s 1
f 1634/2741/849 1646/2765/849 1645/2764/850 1635/2743/850
s 0
f 1963/3379/709 1960/3369/709 1943/3318/709 1944/3322/709
s 1
f 2027/3570/870 2018/3543/870 2025/3565/870 2026/3569/870
f 2346/4176/715 2351/4181/716 2234/4032/716 2239/4037/715
f 1558/2583/878 1464/2450/883 1667/2803/728
f 2298/4108/751 2299/4110/751 2322/4140/751 2321/4138/751
s 0
f 1957/3361/713 1940/3310/713 1981/3433/713 2006/3508/713
f 1992/3466/709 1998/3484/709 2016/3537/709 1991/3462/709
f 1968/3394/714 2015/3534/714 1990/3459/714 1949/3337/714
f 1923/3258/714 1978/3423/714 1937/3300/714 1922/3255/714
s 1
f 1477/2476/704 1578/2624/704 1576/2619/704 1472/2465/704
f 2187/3980/871 2188/3981/845 1698/2855/845 1699/2856/871
f 2230/4025/751 2233/4031/751 1866/3139/751 1873/3150/751
f 2185/3978/846 2186/3979/873 1709/2874/872 1708/2873/846
f 1600/2663/724 1599/2662/724 1620/2713/724 1619/2710/724
f 1830/3056/709 1790/2976/709 1789/2973/709
f 1603/2671/884 1564/2594/885 1493/2506/739 1611/2688/834
f 1618/2708/751 1617/2706/751 1638/2748/751
f 1566/2597/800 1501/2514/748 1498/2511/745 1565/2595/886
f 1572/2609/735 1534/2555/738 1530/2550/773 1570/2605/783
f 1601/2666/724 1612/2692/724 1613/2693/724 1603/2672/724 1611/2689/724
f 1841/3078/724 1718/2889/724 1826/3043/724 1839/3071/724
f 1863/3132/887 1864/3134/881 1653/2779/881 1652/2777/887
f 2345/4175/718 2352/4182/706 2243/4042/706 2242/4041/718
s 0
f 1842/3080/724 1844/3086/724 1829/3051/724 1830/3054/724
s 1
f 1861/3126/709 1844/3087/709 1854/3108/709
f 1844/3087/709 1845/3089/709 1854/3108/709
f 1754/2932/847 1708/2873/846 1709/2874/872 1758/2937/888
f 1563/2591/889 1495/2508/740 1493/2506/739 1564/2594/885
f 1568/2602/751 1561/2588/751 1615/2700/751
f 2348/4178/719 2345/4175/718 2242/4041/718 2235/4033/719
f 1841/3078/724 1839/3071/724 1846/3091/724 1825/3041/724
f 1703/2863/704 1805/3008/704 1702/2860/704
f 2122/3849/709 1935/3296/709 2123/3850/709
f 1779/2962/890 1550/2573/808 1551/2574/721 1780/2963/720
f 1614/2696/891 1658/2790/891 1597/2657/892 1600/2664/892
s 0
f 2027/3571/751 2033/3588/751 2032/3585/751 2018/3544/751
s 1
f 2354/4185/730 2346/4176/715 2239/4037/715 2240/4038/730
f 1874/3153/724 1823/3037/724 1690/2839/724 1676/2813/724
f 1750/2923/893 1700/2858/870 2344/4174/870 1697/2854/869
f 1788/2972/894 1784/2967/895 1694/2848/896 1786/2970/897
f 2355/4186/709 1461/2444/709 2113/3828/709 2353/4183/709
f 1707/2871/898 1715/2882/899 1714/2879/837 1706/2869/836
f 1705/2868/900 1713/2878/901 1715/2882/899 1707/2871/898
f 1594/2651/709 1452/2425/902 1593/2650/822 1595/2653/709
f 2118/3840/709 1555/2579/709 1494/2507/709
s 0
f 2065/3684/751 2047/3631/751 2046/3628/751 2067/3690/751
s 1
f 2119/3842/709 1555/2579/709 2118/3840/709
f 1758/2937/888 1709/2874/872 1710/2875/814 1762/2942/813
f 1658/2789/724 1433/2389/724 1555/2578/724 1597/2656/724
s 0
f 1961/3373/709 1941/3313/709 1942/3315/709 1959/3366/709
s 1
f 1811/3018/704 1810/3016/704 1685/2830/704
f 1580/2628/704 1452/2426/704 1579/2626/704
f 1585/2640/903 1592/2649/903 1591/2647/904 1581/2631/904
f 1560/2585/703 1559/2584/702 1450/2421/734 1449/2419/709
s 0
f 2072/3705/751 2073/3708/751 2108/3813/751 2106/3807/751
s 1
f 2043/3618/724 2081/3734/724 2080/3731/724 2042/3615/724
f 1460/2441/709 2120/3844/709 2121/3846/709
f 1565/2595/886 1498/2511/745 1495/2508/740 1563/2591/889
f 2167/3940/724 2175/3956/724 1995/3475/724 1994/3472/724
s 0
f 2053/3648/713 2095/3774/713 2087/3750/713 2035/3594/713
s 1
f 1592/2648/709 1595/2653/709 1589/2645/709
f 1660/2794/854 1442/2405/905 1445/2411/855
s 0
f 2010/3520/709 1985/3445/709 1986/3447/709 2011/3522/709
s 1
f 1452/2426/704 1594/2652/704 1581/2630/704 1579/2626/704
f 1555/2579/709 2119/3842/709 2120/3844/709 1460/2441/709
f 1661/2796/906 1660/2794/854 1602/2668/858
f 1637/2747/751 1636/2744/907 1624/2718/907 1630/2732/751
f 2117/3838/709 1511/2524/709 1521/2536/709 2114/3832/709
s 0
f 2034/3591/751 2054/3651/751 2053/3649/751 2035/3595/751
s 1
f 2273/4076/732 2241/4039/732 2233/4030/732 2263/4064/732
f 1600/2664/892 1597/2657/892 1596/2654/751 1599/2661/751
f 1842/3081/709 1830/3056/709 1796/2988/709 1797/2990/709
f 1489/2499/908 1575/2617/908 1658/2790/891 1614/2696/891
f 1609/2682/751 1573/2611/751 1572/2610/751 1610/2685/751
s 0
f 1609/2683/909 1836/3063/909 1801/2998/909 1573/2612/909
s 1
f 1574/2615/751 1567/2600/751 1605/2678/751
f 1540/2562/737 1573/2613/736 1542/2565/784
s 0
f 1840/3075/910 1830/3055/910 1829/3052/910 1839/3072/910
s 1
f 1843/3084/709 1842/3081/709 1797/2990/709 1799/2994/709
f 1778/2961/911 1549/2572/807 1550/2573/808 1779/2962/890
f 1617/2706/751 1650/2771/751 1638/2748/751
f 2163/3932/724 2170/3946/724 2172/3950/724 2162/3930/724
f 1618/2709/724 1638/2749/724 1610/2686/724 1616/2702/724
f 1850/3100/912 1811/3019/912 1583/2635/732 1626/2723/732
f 2103/3800/870 2102/3797/870 2212/4005/871 2208/4001/871
f 1810/3016/704 1808/3012/704 1685/2830/704
f 1452/2426/704 1580/2628/704 1582/2633/704
f 1576/2620/709 1592/2648/709 1589/2645/709 1458/2438/709
f 1681/2821/751 1869/3144/751 2021/3552/751 2028/3573/751
f 1464/2449/709 1449/2419/709 1445/2412/709 1924/3263/709
f 1715/2882/899 2244/4043/899 2230/4026/731 1714/2879/837
f 2128/3861/868 2129/3864/867 2004/3502/868 1975/3414/868
f 1690/2840/751 1723/2896/751 1675/2812/751
f 1590/2646/832 1579/2627/832 1581/2631/904 1591/2647/904
f 1830/3056/709 1789/2973/709 1796/2988/709
f 1590/2646/832 1577/2622/832 1630/2731/913 1624/2719/913
f 2167/3940/724 1994/3472/724 1993/3470/724
f 1932/3286/709 1924/3263/709 1442/2406/709
s 0
f 1929/3276/709 1928/3274/709 1934/3292/709 1936/3297/709
s 1
f 2281/4085/914 1915/3238/915 2184/3976/916 2285/4091/914
f 1576/2621/903 1578/2625/904 1591/2647/904 1592/2649/903
f 1635/2742/704 1469/2459/704 1481/2483/704 1634/2740/704
f 1468/2457/730 1665/2801/715 1666/2802/730
f 1464/2450/883 1468/2457/730 1666/2802/730 1667/2803/728
f 1667/2803/728 1666/2802/730 1671/2807/730 1672/2808/728
f 1666/2802/730 1665/2801/715 1671/2807/730
f 2037/3600/724 2089/3758/724 2088/3755/724 2036/3597/724
f 2323/4142/716 2342/4171/716 2336/4164/715 2312/4126/715
f 1456/2434/850 1651/2773/751 1643/2762/751 1645/2764/850
f 2176/3958/917 2181/3970/918 1918/3244/919 1917/3242/920
f 2128/3862/921 2126/3856/922 1429/2383/922 2129/3863/921
f 2220/4013/871 1834/3060/871 1832/3058/845 2221/4014/845
f 2295/4103/709 2296/4105/709 2320/4136/709 2313/4127/709
f 1714/2880/837 1863/3132/887 1652/2777/887 1476/2474/838
s 0
f 1970/3399/709 1953/3349/709 1954/3353/709 1973/3409/709
s 1
f 2356/4187/709 2355/4186/709 1429/2384/709 1431/2387/709
f 1491/2504/744 1489/2500/923 1601/2665/835 1492/2505/742
f 2265/4067/816 2231/4027/901 1713/2878/901 1712/2877/816
f 2156/3919/751 2166/3939/751 2163/3933/751 2159/3925/751
f 2340/4168/719 2317/4133/719 2316/4132/718 2339/4167/718
f 2038/3603/724 2039/3606/724 2091/3764/724 2090/3761/724
s 0
f 2003/3499/713 1974/3412/713 1956/3358/713 1997/3481/713
s 1
f 1861/3126/709 1839/3073/709 1829/3053/709 1844/3087/709
f 2148/3902/724 1986/3449/724 1985/3446/724
f 2107/3812/870 2189/3982/871 2187/3980/871 2108/3815/870
f 2331/4155/826 2330/4153/826 2332/4157/826 2333/4159/826
f 2331/4155/826 2329/4151/826 2330/4153/826
f 1616/2703/751 1610/2685/751 1570/2606/751 1571/2608/751
f 1855/3112/830 1849/3097/830 1847/3094/830
f 1660/2794/854 1659/2792/924 1921/3254/925 1932/3287/926 1442/2405/905
f 2136/3878/724 2135/3876/724 2142/3890/724 2143/3892/724
s 0
f 1960/3370/714 2009/3516/714 1984/3441/714 1943/3319/714
s 1
f 1784/2967/895 1788/2972/894 1787/2971/927 1785/2968/928
f 1741/2914/929 1740/2913/751 1750/2925/751 1751/2926/930
f 1641/2758/859 1449/2420/859 1450/2422/853 1637/2746/852
f 1903/3211/931 1882/3164/932 1887/3177/932 1892/3187/933
f 1882/3165/934 1877/3158/871 1879/3160/871
f 1880/3161/935 1694/2847/936 1716/2883/937 1703/2862/935
s 0
f 2089/3757/713 2037/3601/713 2055/3654/713 2097/3781/713
s 1
f 2358/4189/709 1438/2398/709 1440/2401/709 2359/4190/709
f 1885/3172/862 1428/2381/848 1622/2715/724
f 1815/3026/938 1787/2971/927 1684/2828/939 1813/3024/842
f 1694/2847/936 1880/3161/935 1878/3159/935 1786/2969/940
f 1828/3049/941 1838/3070/942 1722/2895/943 1792/2980/944
f 1722/2895/943 1721/2894/945 1725/2898/946 1724/2897/947
f 1721/2894/945 1720/2893/948 1726/2899/949 1725/2898/946
f 1720/2893/948 1675/2812/751 1723/2896/751 1726/2899/949
f 2115/3834/709 1662/2797/709 1436/2395/709 1504/2517/709
f 1724/2897/947 1725/2898/946 1728/2901/950 1727/2900/951
f 1725/2898/946 1726/2899/949 1729/2902/952 1728/2901/950
f 1726/2899/949 1723/2896/751 1674/2811/751 1729/2902/952
f 1727/2900/951 1728/2901/950 1731/2904/953 1730/2903/954
f 1728/2901/950 1729/2902/952 1732/2905/955 1731/2904/953
f 1729/2902/952 1674/2811/751 1678/2817/751 1732/2905/955
f 1730/2903/954 1731/2904/953 1735/2908/956 1734/2907/957
f 1731/2904/953 1732/2905/955 1736/2909/958 1735/2908/956
f 1732/2905/955 1678/2817/751 1733/2906/751 1736/2909/958
f 1743/2916/959 1742/2915/960 1752/2928/961 1753/2930/962
f 1742/2915/960 1741/2914/929 1751/2926/930 1752/2928/961
f 1697/2853/869 1749/2922/963 1751/2927/930 1750/2924/893
f 1749/2922/963 1748/2921/964 1752/2929/961 1751/2927/930
f 1748/2921/964 1747/2920/965 1753/2931/962 1752/2929/961
f 1696/2851/844 1746/2919/966 1749/2922/963 1697/2853/869
f 1746/2919/966 1745/2918/967 1748/2921/964 1749/2922/963
f 1745/2918/967 1744/2917/968 1747/2920/965 1748/2921/964
f 1799/2995/969 1797/2991/970 1744/2917/968 1757/2936/971
f 1757/2936/971 1756/2935/972 1760/2940/973 1759/2939/974
f 1756/2935/972 1755/2934/975 1761/2941/976 1760/2940/973
f 1755/2934/975 1754/2933/847 1758/2938/888 1761/2941/976
f 1762/2943/813 1765/2946/977 1761/2941/976 1758/2938/888
f 1765/2946/977 1764/2945/978 1760/2940/973 1761/2941/976
f 1764/2945/978 1763/2944/979 1759/2939/974 1760/2940/973
f 1798/2992/980 1799/2995/969 1757/2936/971 1759/2939/974
f 1769/2951/981 1768/2950/982 1772/2955/983 1771/2954/984
f 1768/2950/982 1767/2949/985 1773/2956/986 1772/2955/983
f 1767/2949/985 1766/2947/812 1770/2952/987 1773/2956/986
f 1780/2963/720 1776/2959/988 1781/2964/989
f 1776/2959/988 1775/2958/990 1782/2965/991 1781/2964/989
f 1775/2958/990 1774/2957/992 1783/2966/993 1782/2965/991
f 1774/2957/992 1705/2867/900 1707/2872/898 1783/2966/993
f 1795/2986/994 1794/2984/995 1730/2903/954 1734/2907/957
f 1734/2907/957 1735/2908/956 1738/2911/996 1737/2910/997
f 1735/2908/956 1736/2909/958 1739/2912/998 1738/2911/996
f 1736/2909/958 1733/2906/751 1680/2820/751 1739/2912/998
f 1737/2910/997 1738/2911/996 1742/2915/960 1743/2916/959
f 1738/2911/996 1739/2912/998 1741/2914/929 1742/2915/960
f 1739/2912/998 1680/2820/751 1740/2913/751 1741/2914/929
f 1692/2844/723 1771/2954/984 1776/2959/988 1780/2963/720
f 1771/2954/984 1772/2955/983 1775/2958/990 1776/2959/988
f 1772/2955/983 1773/2956/986 1774/2957/992 1775/2958/990
f 1773/2956/986 1770/2952/987 1705/2867/900 1774/2957/992
f 1706/2870/836 1777/2960/999 1783/2966/993 1707/2872/898
f 1777/2960/999 1778/2961/911 1782/2965/991 1783/2966/993
f 1778/2961/911 1779/2962/890 1781/2964/989 1782/2965/991
f 1779/2962/890 1780/2963/720 1781/2964/989
f 1763/2944/979 1764/2945/978 1768/2950/982 1769/2951/981
f 1764/2945/978 1765/2946/977 1767/2949/985 1768/2950/982
f 1765/2946/977 1762/2943/813 1766/2947/812 1767/2949/985
f 1744/2917/968 1745/2918/967 1756/2935/972 1757/2936/971
f 1745/2918/967 1746/2919/966 1755/2934/975 1756/2935/972
f 1746/2919/966 1696/2851/844 1754/2933/847 1755/2934/975
f 1713/2878/901 2231/4027/901 2244/4043/899 1715/2882/899
f 2357/4188/709 1435/2394/709 1438/2398/709 2358/4189/709
f 1853/3106/824 1852/3104/818 1813/3023/818 1684/2827/825
f 1882/3165/934 1701/2859/871 1877/3158/871
f 1593/2650/822 1586/2641/733 1588/2644/711
s 0
f 2013/3529/709 1989/3457/709 1990/3460/709 2015/3535/709
s 1
f 2017/3542/1000 1881/3162/1001 1875/3155/1002
s 0
f 2104/3801/751 2092/3765/751 2091/3762/751 2103/3798/751
s 1
f 1818/3029/1003 1819/3030/1004 1812/3021/1004 1809/3015/1003
f 1804/3007/751 1689/2838/751 1816/3027/751 1819/3031/751
f 1820/3032/839 1814/3025/1005 1815/3026/938
f 1906/3217/1006 1686/2832/1007 1909/3223/1008 1919/3247/1008
f 1821/3033/704 1685/2830/704 1807/3010/704 1809/3014/704
s 0
f 1967/3391/713 1950/3340/713 1991/3463/713 2016/3538/713
f 2059/3666/713 2103/3799/713 2091/3763/713 2039/3607/713
s 1
f 1786/2969/940 1878/3159/935 1693/2845/1009
f 2092/3767/724 2093/3770/724 2157/3921/724 2149/3904/724
f 2084/3743/724 2086/3749/724 2144/3894/724
f 2075/3716/724 2130/3867/724 2168/3943/724 2079/3727/724
f 2077/3722/724 2079/3727/724 2168/3943/724
s 0
f 2025/3564/714 2018/3545/714 2032/3586/714 2085/3744/714
s 1
f 1845/3090/724 1843/3083/724 1837/3066/724 1854/3109/724
f 2318/4134/901 1899/3203/1010 1896/3196/1011 2309/4122/899
f 1608/2681/705 1606/2679/706 2308/4121/706 2311/4125/705
f 2034/3592/724 2035/3596/724 2087/3752/724 2086/3749/724
f 2204/3997/871 2101/3794/870 2105/3806/870
f 1456/2435/704 1454/2431/704 1686/2833/704 1688/2836/704
f 1789/2974/1012 1790/2977/1013 1743/2916/959 1753/2930/962
f 1838/3070/942 1826/3044/1014 1721/2894/945 1722/2895/943
f 1801/3000/1015 1800/2996/1016 1763/2944/979 1769/2951/981
f 1690/2840/751 1674/2811/751 1723/2896/751
f 1816/3027/751 1814/3025/1005 1822/3035/751
f 1610/2685/751 1572/2610/751 1570/2606/751
f 2328/4150/826 2327/4147/826 2330/4153/826 2329/4151/826
f 1995/3475/724 2175/3956/724 1996/3479/724
f 1621/2714/811 1444/2409/811 1447/2415/880 1644/2763/880
f 2158/3923/709 2155/3917/709 2152/3910/709 2150/3907/709
f 1875/3155/1002 1859/3122/856 1858/3120/855 1682/2824/855
f 1694/2847/936 1687/2834/1017 1704/2864/1017 1716/2883/937
f 1886/3175/1018 1885/3172/862 1622/2715/724
f 2195/3988/871 2109/3818/870 2098/3785/870
f 1814/3025/1005 1785/2968/928 1787/2971/927 1815/3026/938
f 2224/4017/901 1915/3239/1019 2281/4086/1019 2282/4087/901
f 2215/4008/846 2211/4004/846 2213/4006/845 2217/4010/845
f 1808/3012/704 1807/3010/704 1685/2830/704
s 0
f 2093/3768/751 2105/3804/751 2101/3792/751 2080/3729/751
s 1
f 1784/2967/895 1785/2968/928 1689/2838/751
f 2076/3718/724 2130/3867/724 2075/3716/724
f 1893/3189/704 1883/3166/704 1702/2860/704
f 1820/3032/839 1815/3026/938 1813/3024/842
f 1816/3027/751 1689/2838/751 1785/2968/928 1814/3025/1005
s 0
f 2037/3602/751 2036/3598/751 2057/3660/751 2055/3655/751
s 1
f 1887/3176/709 1857/3117/709 1858/3119/709 1892/3186/709
s 0
f 2061/3672/751 2043/3619/751 2042/3616/751 2060/3669/751
s 1
f 1596/2654/751 2175/3957/751 2172/3951/751 1599/2661/751
f 1580/2629/831 1625/2722/833 1623/2717/820 1582/2632/820
f 1830/3056/709 1795/2987/709 1802/3001/709
f 2029/3577/724 2030/3579/724 2031/3582/724 2074/3712/724
f 1793/2982/1020 1791/2978/1021 1724/2897/947 1727/2900/951
f 1827/3047/858 1856/3114/857 1859/3122/856
s 0
f 2029/3576/751 2017/3540/751 2020/3549/751 2019/3546/751
s 1
f 1902/3208/731 1901/3206/731 1871/3146/731 1835/3062/731
f 1900/3204/1022 2222/4015/1023 1868/3141/1024
f 2184/3977/1025 2176/3959/1025 2332/4158/1025 2285/4092/1025
f 1903/3210/1026 1868/3141/1024 1867/3140/1027 1870/3145/1028
f 1867/3140/1027 1868/3141/1024 2222/4015/1023 2223/4016/1029
f 1648/2768/810 1631/2735/810 1628/2727/843 1649/2769/843
f 1872/3148/870 1693/2845/1009 1701/2859/871 1870/3145/1028
f 1880/3161/935 1703/2862/935 1702/2861/871 1879/3160/871
f 2134/3874/724 2139/3884/724 2145/3896/724 2133/3872/724
f 1770/2953/987 1712/2877/816 1713/2878/901 1705/2868/900
f 1796/2989/1030 1789/2975/1012 1753/2931/962 1747/2920/965
f 2166/3938/724 2156/3918/724 2155/3916/724 2165/3936/724
f 1647/2767/724 2174/3954/724 2173/3952/724 1860/3123/724
s 0
f 2105/3805/713 2093/3769/713 2041/3613/713 2062/3675/713
s 1
f 2285/4091/914 2301/4113/914 2292/4099/914 2281/4085/914
f 1858/3119/709 1859/3121/709 1891/3185/709 1892/3186/709
f 1676/2814/751 1690/2840/751 1675/2812/751
f 1716/2884/704 1806/3009/704 1805/3008/704 1703/2863/704
s 0
f 2027/3572/713 2026/3567/713 2084/3741/713 2033/3589/713
s 1
f 2223/4016/1029 2024/3562/870 2019/3547/870
f 1634/2740/704 1482/2485/704 1483/2487/704 1632/2737/704
f 2359/4190/709 1440/2401/709 1441/2404/709
s 0
f 2031/3583/751 2030/3580/751 2022/3555/751 2023/3558/751
s 1
f 2230/4025/751 1873/3150/751 1865/3136/751
f 1665/2801/715 1469/2458/715 1470/2460/730 1671/2807/730
f 2219/4012/846 1831/3057/846 1833/3059/1031 2218/4011/1031
f 2232/4029/709 1653/2780/709 1654/2781/709
f 1465/2451/727 1477/2477/729 1472/2466/1032 1455/2432/1032
f 1710/2875/814 2264/4066/874 2266/4068/815 1711/2876/815
f 1569/2604/751 1568/2602/751 1615/2700/751
f 1698/2855/845 2188/3981/845 2185/3978/846 1708/2873/846
f 2344/4174/870 2106/3809/870 2187/3980/871 1699/2856/871
f 2230/4025/751 1865/3136/751 1864/3135/751
f 2230/4025/751 1863/3133/751 1714/2881/751
f 1863/3133/751 2230/4025/751 1864/3135/751
f 2146/3898/724 2154/3915/724 2158/3922/724 2150/3906/724
f 1463/2448/722 1573/2613/736 1801/3000/1015 1692/2844/723
f 1802/3002/1033 1795/2986/994 1734/2907/957 1737/2910/997
f 1797/2991/970 1796/2989/1030 1747/2920/965 1744/2917/968
f 1794/2984/995 1793/2982/1020 1727/2900/951 1730/2903/954
f 1790/2977/1013 1802/3002/1033 1737/2910/997 1743/2916/959
s 0
f 1617/2705/724 1615/2699/724 1605/2676/724 1604/2673/724
s 1
f 2131/3868/724 2169/3944/724 2164/3935/724 2171/3948/724
f 2083/3740/724 2168/3943/724 2157/3921/724 2082/3737/724
f 1976/3418/724 2175/3956/724 1596/2655/724 1460/2442/724 1935/3294/724
f 1697/2854/869 1699/2856/871 1698/2855/845 1696/2852/844
f 1899/3202/1034 1890/3183/1035 1889/3181/1036 1896/3197/1037
s 0
f 2064/3682/751 2063/3678/751 2045/3624/751 2044/3622/751
s 1
f 2179/3965/1038 2178/3964/1039 1913/3235/1040 1912/3232/1041
f 1583/2634/704 1685/2830/704 1452/2426/704
f 1452/2425/902 1586/2641/733 1593/2650/822
f 1584/2637/704 1583/2634/704 1452/2426/704
f 1811/3018/704 1685/2830/704 1583/2634/704
f 1811/3019/912 1850/3100/912 1847/3093/1042 1810/3017/1042
f 1788/2972/894 1683/2825/751 1684/2828/939 1787/2971/927
f 1800/2996/1016 1798/2992/980 1759/2939/974 1763/2944/979
f 1803/3004/724 1874/3153/724 1676/2813/724 1719/2891/724
f 1642/2760/751 1645/2764/850 1643/2762/751
f 1806/3009/1003 1804/3006/1004 1819/3030/1004 1818/3029/1003
f 2150/3906/724 2145/3896/724 2139/3884/724 2146/3898/724
f 2350/4180/717 2347/4177/726 2237/4035/726 2236/4034/717
f 2141/3888/724 2148/3902/724 1983/3440/724 1982/3437/724
f 1801/2999/709 1836/3064/709 1837/3067/709 1800/2997/709
f 1769/2951/981 1771/2954/984 1801/3000/1015
f 1463/2448/722 1542/2565/784 1573/2613/736
f 1801/3000/1015 1771/2954/984 1692/2844/723
f 1604/2674/751 1612/2690/751 1650/2771/751 1617/2706/751
f 1616/2703/751 1571/2608/751 1569/2604/751 1615/2700/751
f 2133/3872/724 1827/3047/858 1876/3157/906 2134/3874/724
f 1791/2978/1021 1792/2980/944 1722/2895/943 1724/2897/947
f 1810/3017/1042 1847/3093/1042 1849/3098/1043 1808/3013/1044
s 0
f 2060/3670/714 2042/3617/714 2080/3730/714 2101/3793/714
s 1
f 1848/3095/1045 1851/3102/1045 1805/3008/1046 1817/3028/1046
f 1812/3022/751 1819/3031/751 1822/3035/751 1821/3034/841
f 1818/3029/1003 1809/3015/1003 1807/3011/1046 1817/3028/1046
f 2084/3743/724 2144/3894/724 1881/3162/1001 2085/3746/724
f 1805/3008/1046 1806/3009/1003 1818/3029/1003 1817/3028/1046
f 1626/2723/732 1583/2635/732 1584/2636/821 1627/2725/821
f 1867/3140/1027 2020/3550/870 2021/3553/870 1869/3143/870
f 1704/2865/704 1804/3006/704 1806/3009/704 1716/2884/704
f 1886/3174/865 1894/3191/1047 1884/3170/1047 1901/3207/866
f 1878/3159/935 1880/3161/935 1879/3160/871 1877/3158/871
s 0
f 2109/3816/751 2078/3723/751 2083/3738/751 2098/3783/751
s 1
f 2137/3881/724 1977/3422/724 1933/3290/724
s 0
f 2008/3513/713 1959/3367/713 1942/3316/713 1983/3438/713
s 1
f 1819/3031/751 1816/3027/751 1822/3035/751
f 2265/4067/816 2269/4071/816 2248/4047/901 2231/4027/901
f 2003/3500/868 2004/3502/868 2240/4038/730
f 2088/3755/724 2089/3758/724 2149/3904/724 2144/3894/724
f 1430/2385/709 2118/3840/709 1494/2507/709
f 2208/4001/871 2104/3803/870 2103/3800/870
f 1693/2845/1009 1878/3159/935 1877/3158/871 1701/2859/871
f 2319/4135/730 1930/3281/868 2005/3506/868
f 2225/4018/715 2293/4101/715 2294/4102/730 2288/4095/730
s 0
f 2040/3610/751 2058/3663/751 2062/3676/751 2041/3614/751
s 1
f 1851/3103/709 1848/3096/1048 1852/3105/1048 1853/3107/709
f 1869/3143/870 1872/3148/870 1870/3145/1028 1867/3140/1027
f 1846/3091/724 2131/3868/724 2171/3948/724 1825/3041/724
f 1910/3226/914 2314/4129/914 1908/3220/914 1920/3249/914
f 2250/4049/730 1999/3488/868 2000/3491/868
f 2275/4078/730 2262/4063/730 2249/4048/715 2225/4018/715
f 1881/3162/1001 2029/3577/724 2074/3712/724
s 0
f 1996/3478/709 2002/3496/709 2001/3493/709 1995/3476/709
s 1
f 2292/4100/1019 2303/4116/901 2282/4087/901 2281/4086/1019
f 2331/4156/1049 2333/4160/1049 2202/3995/1031 2206/3999/1031
f 1440/2402/1050 1438/2399/1051 2124/3852/1051 2122/3848/1050
f 1831/3057/846 2219/4012/846 2221/4014/845 1832/3058/845
f 1870/3145/1028 1701/2859/871 1882/3165/934 1903/3210/1026
f 1651/2776/724 1862/3129/724 2135/3876/724 2136/3878/724
f 1695/2849/751 2343/4172/751 1835/3061/751 1871/3147/751
f 2194/3987/1052 2201/3994/1031 1918/3245/1053
f 2327/4147/826 2326/4145/826 1909/3225/826 2177/3960/826
f 2201/3994/1031 1917/3243/1049 1918/3245/1053
f 1895/3194/731 1835/3062/731 1896/3196/1011
f 1898/3200/1054 1897/3198/1055 1905/3214/1056 1906/3216/1057
f 2333/4159/826 2332/4157/826 2176/3958/917 1917/3242/920
f 1923/3260/868 1922/3256/868 1931/3283/868 1930/3281/868
s 0
f 1984/3442/709 2009/3517/709 2008/3514/709 1983/3439/709
s 1
f 1898/3200/1054 1906/3216/1057 1919/3248/1058 1911/3230/1058
f 1577/2622/832 1590/2646/832 1591/2647/904 1578/2625/904
f 1683/2825/751 1788/2972/894 1786/2970/897 1693/2846/751
s 0
f 2088/3753/751 2087/3751/751 2095/3775/751 2096/3777/751
f 2094/3771/714 2054/3652/714 2034/3593/714 2086/3747/714
s 1
f 2099/3788/870 2098/3785/870 2063/3679/870 2064/3683/870
s 0
f 2040/3611/714 2092/3766/714 2104/3802/714 2058/3664/714
s 1
f 1682/2823/751 1872/3149/751 1869/3144/751 1681/2821/751
f 2182/3972/1059 2179/3965/1038 1912/3232/1041 1916/3240/1060
f 1868/3142/1061 1903/3211/931 1892/3187/933 1891/3184/1062
s 0
f 2112/3826/713 2075/3715/713 2049/3637/713 2069/3697/713
s 1
f 1687/2835/751 1689/2838/751 1804/3007/751 1704/2866/751
f 1431/2386/1063 1429/2383/922 2126/3856/922 2127/3858/1063
f 1443/2407/1064 1441/2403/1065 2123/3851/1065 2121/3847/1064
f 1453/2428/1066 1662/2798/1067 2115/3835/1068 1457/2436/1069
f 1441/2403/1065 1440/2402/1050 2122/3848/1050 2123/3851/1065
f 1435/2393/1070 1431/2386/1063 2127/3858/1063 2125/3854/1070
f 1448/2417/1071 1446/2413/1072 2120/3845/1072 2119/3843/1071
f 1451/2423/1073 1448/2417/1071 2119/3843/1071 2118/3841/1073
f 2129/3864/867 2240/4038/730 2004/3502/868
f 1438/2399/1051 1435/2393/1070 2125/3854/1070 2124/3852/1051
f 1662/2798/1067 1453/2428/1066 1451/2423/1073 2118/3841/1073
f 1835/3062/731 1895/3194/731 1902/3208/731
f 2161/3928/724 1989/3458/724 1988/3455/724
f 2177/3962/704 1909/3224/704 1686/2833/704
f 2025/3565/870 2024/3562/870 2223/4016/1029 1834/3060/871
f 2130/3867/724 2076/3718/724 2073/3710/724
f 1643/2762/751 1651/2773/751 1640/2755/751
f 2099/3788/870 2100/3791/870 2199/3992/871
f 2150/3907/709 2152/3910/709 2142/3891/709 2145/3897/709
f 2137/3880/751 1673/2809/751 2140/3887/751 2141/3889/751
f 2336/4164/715 1607/2680/730 2319/4135/730 2312/4126/715
f 2325/4144/726 2337/4165/726 2338/4166/717 2324/4143/717
f 1469/2459/704 1635/2742/704 1630/2733/704
f 2134/3875/709 1876/3156/709 1881/3163/709
f 2307/4120/726 2325/4144/726 2324/4143/717 2306/4119/717
f 1823/3036/879 1825/3042/879 2171/3949/709 2130/3866/709
f 2009/3518/868 1960/3371/868 1963/3380/868 2010/3521/868
f 2317/4133/719 2300/4112/719 2297/4107/718 2316/4132/718
f 2212/4005/871 2216/4009/871 2217/4010/845 2213/4006/845
f 1620/2713/724 1599/2662/724 2172/3950/724 2170/3946/724
f 1706/2870/836 1474/2469/805 1548/2571/806 1777/2960/999
f 2175/3956/724 1976/3418/724 1997/3482/724
f 2143/3893/751 2153/3913/751 2151/3909/751 2138/3883/751
f 2072/3706/714 2106/3808/714 2071/3703/714 2052/3646/714
f 2137/3881/724 2141/3888/724 1979/3428/724 1978/3425/724
f 1622/2715/724 1629/2729/724 1894/3192/1018 1886/3175/1018
f 2161/3928/724 1990/3461/724 1989/3458/724
f 2211/4004/846 2207/4000/846 2209/4002/845 2213/4006/845
f 1461/2443/704 1459/2439/1074 2116/3837/1074 2117/3839/704
f 2291/4098/899 2299/4111/731 2227/4022/731 2280/4084/899
f 2007/3512/868 1961/3374/868 1959/3368/868 2008/3515/868
f 2147/3901/751 2160/3927/751 2161/3929/751 2148/3903/751
f 2290/4097/706 2297/4107/718 2289/4096/718 2279/4083/706
f 2141/3888/724 1982/3437/724 1981/3434/724
f 2051/3643/713 2070/3699/713 2108/3814/713 2073/3709/713
f 2314/4129/914 2310/4123/914 2180/3967/914 1908/3220/914
f 2075/3716/724 2079/3727/724 2048/3634/724 2049/3638/724
s 0
f 2051/3644/751 2050/3640/751 2068/3693/751 2070/3700/751
s 1
f 2147/3900/724 2151/3908/724 2159/3924/724 2160/3926/724
f 1607/2680/730 1923/3260/868 1930/3281/868 2319/4135/730
f 2157/3920/709 2168/3942/709 2164/3934/709 2154/3914/709
f 2258/4059/719 2284/4090/719 2278/4082/726 2255/4056/726
f 2289/4096/718 2257/4058/718 2259/4060/706 2279/4083/706
f 2279/4083/706 2259/4060/706 2256/4057/705 2286/4093/705
f 2198/3991/846 2196/3989/846 2197/3990/845 2200/3993/845
f 2253/4054/716 2277/4081/716 2225/4018/715 2249/4048/715
f 2341/4169/709 1657/2787/709 1479/2480/709 2335/4162/709
f 2249/4048/715 2262/4063/730 2250/4049/730
f 1925/3266/868 1607/2680/730 2334/4161/730 1927/3272/868
s 0
f 2067/3691/714 2046/3629/714 2078/3724/714 2109/3817/714
s 1
f 2141/3888/724 1981/3434/724 1980/3431/724
f 2296/4106/732 2298/4109/732 2321/4139/732 2320/4137/732
f 2234/4032/716 2253/4054/716 2249/4048/715 2239/4037/715
f 2272/4074/1075 2268/4070/1076 2190/3983/1077 2194/3987/1052
f 1639/2751/1078 1625/2721/1078 1624/2718/907 1636/2744/907
f 1918/3244/919 2181/3970/918 2182/3972/1059 1916/3240/1060
s 0
f 1970/3400/714 2000/3490/714 1994/3473/714 1953/3350/714
s 1
f 2138/3882/724 2140/3886/724 1673/2810/724 2132/3870/724
f 1584/2637/704 1452/2426/704 1582/2633/704
f 1575/2618/1079 1489/2500/923 1491/2504/744 1490/2503/1080
f 2195/3988/871 2192/3985/871 2110/3821/870 2109/3818/870
f 2026/3569/870 2025/3565/870 1834/3060/871 2220/4013/871
f 2248/4047/901 2261/4062/901 2260/4061/899 2246/4045/899
f 2226/4020/751 2287/4094/751 2227/4021/751 2299/4110/751 2298/4108/751
f 2080/3731/724 2081/3734/724 2157/3921/724
s 0
f 2043/3620/713 2061/3673/713 2100/3790/713 2081/3733/713
s 1
f 1683/2825/751 1693/2846/751 1872/3149/751 1682/2823/751
f 2017/3542/1000 2029/3577/724 1881/3162/1001
f 2020/3550/870 1867/3140/1027 2223/4016/1029 2019/3547/870
f 1907/3219/1049 1833/3059/1031 1898/3201/1081 1911/3231/1049
f 1647/2767/724 1860/3123/724 1861/3125/724 1650/2770/724
f 1896/3196/1011 1835/3062/731 2322/4141/731 2309/4122/899
f 1897/3199/1082 1898/3201/1081 1833/3059/1031 1831/3057/846
f 1832/3058/845 2222/4015/1023 1897/3199/1082 1831/3057/846
f 1688/2837/1083 1686/2832/1007 1906/3217/1006 1905/3215/1084
s 0
f 2036/3599/714 2088/3754/714 2096/3778/714 2057/3661/714
s 1
f 2301/4113/914 2310/4123/914 2314/4129/914 2292/4099/914
f 2202/3995/1031 2333/4160/1049 1917/3243/1049 2201/3994/1031
s 0
f 2090/3760/714 2102/3796/714 2056/3657/714 2038/3604/714
s 1
f 1908/3221/1085 1679/2818/1086 1890/3182/1087 1920/3250/1085
f 1677/2815/861 1888/3178/860 1889/3180/1088 1890/3182/1087 1679/2818/1086
f 1991/3464/724 2167/3940/724 1992/3467/724
f 2083/3740/724 2078/3725/724 2168/3943/724
f 2328/4149/1049 2329/4152/1049 2210/4003/1031 2214/4007/1031
f 2329/4152/1049 2331/4156/1049 2206/3999/1031 2210/4003/1031
s 0
f 2059/3667/751 2039/3608/751 2038/3605/751 2056/3658/751
s 1
f 1807/3011/1046 1808/3013/1044 1849/3098/1043
f 2089/3758/724 2090/3761/724 2149/3904/724
f 1720/2893/948 1721/2894/945 1826/3044/1014 1718/2890/1089
f 2016/3539/868 1998/3485/868 2262/4063/730
f 2108/3815/870 2070/3701/870 2068/3694/870 2107/3812/870
f 2227/4022/731 2228/4023/899 2280/4084/899
f 2072/3707/724 2052/3647/724 1690/2839/724 1823/3037/724
f 1661/2795/751 1673/2809/751 2137/3880/751 1659/2791/751
f 1750/2925/751 1740/2913/751 1700/2857/751
f 1914/3237/1090 2183/3975/1091 2184/3976/916 1915/3238/915
f 1897/3198/1055 1900/3205/1092 1904/3212/1093 1905/3214/1056
s 0
f 2017/3541/713 2028/3574/713 2021/3554/713 2020/3551/713
f 1923/3259/709 1925/3264/709 1977/3420/709 1978/3424/709
f 2024/3561/751 2025/3566/751 2085/3745/751 2074/3711/751
s 1
f 2124/3853/709 1935/3296/709 2122/3849/709
f 1887/3176/709 1853/3107/709 1857/3117/709
f 1740/2913/751 1680/2820/751 1700/2857/751
f 1921/3254/925 1659/2792/924 2137/3881/724 1933/3290/724
f 1899/3202/1034 1910/3227/1094 1920/3251/1094 1890/3183/1035
f 2330/4154/1025 2301/4114/1025 2285/4092/1025 2332/4158/1025
f 2073/3710/724 2072/3707/724 2130/3867/724
f 2307/4120/726 2300/4112/719 2317/4133/719 2325/4144/726
f 1694/2848/896 1784/2967/895 1689/2838/751 1687/2835/751
f 2256/4057/705 2259/4060/706 2243/4042/706 2238/4036/705
f 2109/3818/870 2110/3821/870 2065/3685/870 2067/3692/870
f 1794/2985/709 1795/2987/709 1830/3056/709
s 0
f 1929/3277/713 1936/3298/713 1977/3421/713 1925/3265/713
s 1
f 1635/2743/850 1645/2764/850 1637/2747/751 1630/2732/751
s 0
f 1931/3284/709 1922/3257/709 1937/3301/709 1938/3304/709
s 1
f 2167/3940/724 1993/3470/724 1992/3467/724
s 0
f 2094/3772/751 2086/3748/751 2084/3742/751 2026/3568/751
s 1
f 1690/2840/751 1678/2817/751 1674/2811/751
f 1934/3293/724 1933/3290/724 1977/3422/724 1936/3299/724
f 2006/3509/868 2005/3506/868 1958/3365/868 1957/3362/868
s 0
f 2011/3523/714 1986/3448/714 1945/3325/714 1962/3376/714
s 1
f 1937/3302/724 1978/3425/724 1979/3428/724 1938/3305/724
f 2267/4069/815 2266/4068/815 2264/4066/874 2268/4070/1076
f 2224/4017/901 2261/4062/901 2270/4072/816 1914/3236/1095
f 1638/2749/724 1854/3109/724 1837/3066/724 1610/2686/724
f 2175/3956/724 1997/3482/724 1996/3479/724
f 2224/4017/901 1914/3236/1095 1915/3239/1019
f 1899/3203/1010 2318/4134/901 2314/4130/1019 1910/3228/1019
f 2247/4046/751 2263/4065/751 2233/4031/751 2230/4025/751 2252/4052/751
f 2308/4121/706 2290/4097/706 2302/4115/705 2311/4125/705
f 1882/3164/932 1883/3167/932 1893/3190/932 1887/3177/932
f 2270/4072/816 1913/3234/1096 1914/3236/1095
f 2223/4016/1029 2222/4015/1023 1832/3058/845 1834/3060/871
f 2222/4015/1023 1900/3204/1022 1897/3199/1082
f 2095/3776/870 2053/3650/870 2054/3653/870 2094/3773/870
f 2239/4037/715 2245/4044/730 2240/4038/730
f 2152/3911/724 2153/3912/724 2143/3892/724 2142/3890/724
f 2091/3764/724 2149/3904/724 2090/3761/724
f 2306/4119/717 2324/4143/717 2323/4142/716 2305/4118/716
s 0
f 1964/3382/709 1947/3331/709 1948/3334/709 1965/3385/709
s 1
f 2192/3985/871 2195/3988/871 2197/3990/845 2193/3986/845
f 2262/4063/730 1998/3485/868 1999/3488/868 2250/4049/730
f 2192/3985/871 2189/3982/871 2112/3827/870 2111/3824/870
f 2267/4069/815 2268/4070/1076 2272/4074/1075 2271/4073/815
f 2144/3894/724 2087/3752/724 2088/3755/724
f 2001/3494/868 2245/4044/730 2250/4049/730 2000/3491/868
f 1656/2785/709 1655/2784/709 2241/4040/709 2232/4029/709 1654/2781/709
f 2231/4027/901 2248/4047/901 2246/4045/899 2244/4043/899
f 2019/3547/870 2024/3562/870 2023/3559/870 2022/3556/870
f 2162/3931/751 2172/3951/751 2175/3957/751 2167/3941/751
f 2148/3902/724 1985/3446/724 1984/3443/724
f 2245/4044/730 2002/3497/868 2003/3500/868 2240/4038/730
f 2246/4045/899 2260/4061/899 2252/4053/731
f 1777/2960/999 1548/2571/806 1549/2572/807 1778/2961/911
f 2014/3533/868 2013/3530/868 2275/4078/730 2288/4095/730
f 1605/2678/751 1562/2590/751 1574/2615/751
s 0
f 2048/3635/714 2079/3728/714 2111/3823/714 2066/3688/714
s 1
f 2251/4051/725 2276/4080/725 2286/4093/705 2256/4057/705
f 2008/3515/868 2009/3518/868 2304/4117/730
f 2303/4116/901 2292/4100/1019 2314/4130/1019 2318/4134/901
f 1907/3218/826 1909/3225/826 2326/4145/826
f 2225/4018/715 2288/4095/730 2275/4078/730
f 2199/3992/871 2204/3997/871 2205/3998/845 2200/3993/845
s 0
f 1975/3415/714 2004/3503/714 1976/3419/714 1935/3295/714
s 1
f 2200/3993/845 2205/3998/845 2203/3996/846 2198/3991/846
f 1883/3168/934 1882/3165/934 1879/3160/871 1702/2861/871
f 2330/4154/1025 2327/4148/1025 2310/4124/1025 2301/4114/1025
f 2203/3996/846 2207/4000/846 2206/3999/1031 2202/3995/1031
f 1633/2738/811 1621/2714/811 1644/2763/880 1632/2736/880
f 2007/3512/868 2315/4131/730 2006/3509/868
f 2204/3997/871 2208/4001/871 2209/4002/845 2205/3998/845
f 2302/4115/705 2290/4097/706 2279/4083/706 2286/4093/705
f 1868/3142/1061 1891/3184/1062 1904/3212/1093 1900/3205/1092
s 0
f 1640/2756/830 1651/2774/830 1598/2658/830 1602/2667/830
s 1
f 2293/4101/715 2304/4117/730 2294/4102/730
f 2005/3506/868 2006/3509/868 2315/4131/730 2319/4135/730
f 2016/3539/868 2015/3536/868 1968/3395/868 1967/3392/868
f 2303/4116/901 2318/4134/901 2309/4122/899 2291/4098/899
f 2295/4104/725 2313/4128/725 2311/4125/705 2302/4115/705
f 2299/4111/731 2291/4098/899 2309/4122/899 2322/4141/731
f 2305/4118/716 2323/4142/716 2312/4126/715 2293/4101/715
f 2015/3536/868 2016/3539/868 2262/4063/730 2275/4078/730
f 2012/3527/868 2011/3524/868 1962/3377/868 1966/3389/868
f 2131/3869/709 2173/3953/709 2165/3937/709 2169/3945/709
f 2215/4008/846 2219/4012/846 2218/4011/1031 2214/4007/1031
f 1602/2668/858 2132/3870/724 1673/2810/724 1661/2796/906
f 1680/2820/751 1733/2906/751 1700/2857/751
f 2325/4144/726 2317/4133/719 2340/4168/719 2337/4165/726
f 2271/4073/815 1912/3233/1097 1913/3234/1096 2270/4072/816
f 2012/3527/868 2288/4095/730 2294/4102/730 2011/3524/868
f 2271/4073/815 2272/4074/1075 1916/3241/1098 1912/3233/1097
f 2214/4007/1031 2218/4011/1031 2326/4146/1049 2328/4149/1049
f 2328/4150/826 2326/4145/826 2327/4147/826
f 1999/3488/868 1998/3485/868 1971/3404/868 1969/3398/868
f 1459/2439/1074 1457/2436/1069 2115/3835/1068 2116/3837/1074
f 1833/3059/1031 1907/3219/1049 2326/4146/1049 2218/4011/1031
f 1456/2435/704 1688/2836/704 1862/3128/704 1651/2775/704
f 2096/3779/870 2095/3776/870 2216/4009/871
f 1471/2463/704 1470/2461/704 1577/2623/704
f 2087/3752/724 2144/3894/724 2086/3749/724
f 2091/3764/724 2092/3767/724 2149/3904/724
f 2011/3524/868 2294/4102/730 2010/3521/868
f 2164/3934/709 2168/3942/709 2130/3866/709 2171/3949/709
f 2245/4044/730 2001/3494/868 2002/3497/868
f 2216/4009/871 2212/4005/871 2097/3782/870 2096/3779/870
f 1979/3428/724 2141/3888/724 1980/3431/724
f 2137/3881/724 1978/3425/724 1977/3422/724
f 1446/2413/1072 1443/2407/1064 2121/3847/1064 2120/3845/1072
f 2193/3986/845 2191/3984/846 2185/3978/846 2188/3981/845
f 1700/2857/751 1733/2906/751 1678/2817/751 1690/2840/751
f 1862/3129/724 1824/3038/724 2135/3876/724
f 2189/3982/871 2188/3981/845 2187/3980/871
f 2193/3986/845 2197/3990/845 2196/3989/846 2191/3984/846
f 2013/3530/868 2014/3533/868 1964/3383/868 1965/3386/868
f 2012/3527/868 2014/3533/868 2288/4095/730
f 1565/2596/751 1563/2592/751 1613/2695/751
f 2237/4035/726 2255/4056/726 2254/4055/717 2236/4034/717
f 2246/4045/899 2252/4053/731 2230/4026/731 2244/4043/899
f 1720/2893/948 1718/2890/1089 1803/3005/1099 1719/2892/1100
s 0
f 2047/3632/713 2065/3686/713 2110/3820/713 2077/3721/713
s 1
f 2236/4034/717 2254/4055/717 2253/4054/716 2234/4032/716
f 2033/3590/724 2084/3743/724 2085/3746/724 2032/3587/724
f 2232/4028/725 2251/4051/725 2256/4057/705 2238/4036/705
f 2093/3770/724 2080/3731/724 2157/3921/724
f 2270/4072/816 2269/4071/816 2267/4069/815 2271/4073/815
f 2192/3985/871 2193/3986/845 2188/3981/845 2189/3982/871
f 2100/3791/870 2061/3674/870 2060/3671/870 2101/3794/870
f 1602/2669/751 1598/2659/751 2136/3879/751 2132/3871/751
f 2201/3994/1031 2194/3987/1052 2196/3989/846 2198/3991/846
f 2133/3873/709 2135/3877/709 1824/3039/709 1827/3045/709
f 1490/2503/1080 1491/2504/744 1432/2388/709 1433/2390/709
f 2257/4058/718 2242/4041/718 2243/4042/706 2259/4060/706
f 2185/3978/846 2191/3984/846 2190/3983/1077 2186/3979/873
f 2007/3512/868 2008/3515/868 2304/4117/730 2315/4131/730
f 1675/2812/751 1720/2893/948 1719/2892/1100 1676/2814/751
f 2267/4069/815 2269/4071/816 2265/4067/816 2266/4068/815
f 2296/4105/709 2295/4103/709 2276/4079/709 2283/4088/709
f 2268/4070/1076 2264/4066/874 2186/3979/873 2190/3983/1077
f 2270/4072/816 2261/4062/901 2248/4047/901 2269/4071/816
f 2191/3984/846 2196/3989/846 2194/3987/1052 2190/3983/1077
f 2239/4037/715 2249/4048/715 2250/4049/730 2245/4044/730
f 1983/3440/724 1942/3317/724 1941/3314/724 1982/3437/724
f 2078/3725/724 2077/3722/724 2168/3943/724
f 2112/3827/870 2069/3698/870 2066/3689/870 2111/3824/870
f 2202/3995/1031 2201/3994/1031 2198/3991/846 2203/3996/846
f 2208/4001/871 2212/4005/871 2213/4006/845 2209/4002/845
s 0
f 2063/3680/713 2098/3784/713 2083/3739/713 2045/3625/713
s 1
f 1984/3443/724 1983/3440/724 2148/3902/724
f 2282/4087/901 2303/4116/901 2291/4098/899 2280/4084/899
f 2229/4024/717 2306/4119/717 2305/4118/716 2277/4081/716
f 2300/4112/719 2307/4120/726 2278/4082/726 2284/4090/719
f 2296/4106/732 2283/4089/732 2226/4019/732 2298/4109/732
f 2154/3914/709 2146/3899/709 2149/3905/709 2157/3920/709
f 1632/2736/880 1644/2763/880 1646/2765/849 1634/2741/849
f 2183/3974/1025 2178/3963/1025 2179/3966/1025 2182/3973/1025 2181/3971/1025
f 1948/3335/724 1947/3332/724 1988/3455/724 1989/3458/724
f 2277/4081/716 2305/4118/716 2293/4101/715 2225/4018/715
f 2177/3961/1025 2180/3968/1025 2310/4124/1025 2327/4148/1025
f 2154/3915/724 2164/3935/724 2169/3944/724 2158/3922/724
f 2297/4107/718 2300/4112/719 2284/4090/719 2289/4096/718
f 2276/4080/725 2295/4104/725 2302/4115/705 2286/4093/705
f 1700/2858/870 2071/3704/870 2106/3809/870 2344/4174/870
f 2247/4046/751 2252/4052/751 2227/4021/751 2287/4094/751 2226/4020/751 2263/4065/751
f 1881/3162/1001 2074/3712/724 2085/3746/724
f 2207/4000/846 2211/4004/846 2210/4003/1031 2206/3999/1031
f 1462/2446/732 1657/2788/732 1695/2850/732 1691/2842/732
f 1632/2737/704 1484/2489/704 1485/2491/704 1633/2739/704
f 2149/3905/709 2146/3899/709 2139/3885/709 2144/3895/709
f 2211/4004/846 2215/4008/846 2214/4007/1031 2210/4003/1031
f 2316/4132/718 2297/4107/718 2290/4097/706 2308/4121/706
f 2096/3779/870 2097/3782/870 2055/3656/870 2057/3662/870
f 1846/3092/709 1860/3124/709 2173/3953/709 2131/3869/709
f 1579/2627/832 1590/2646/832 1624/2719/913 1625/2722/833
f 1993/3470/724 1952/3347/724 1951/3344/724 1992/3467/724
f 1984/3443/724 1985/3446/724 1944/3323/724 1943/3320/724
f 1881/3163/709 1876/3156/709 1875/3154/709
f 2157/3921/724 2081/3734/724 2082/3737/724
f 2219/4012/846 2215/4008/846 2217/4010/845 2221/4014/845
f 2335/4162/709 2313/4127/709 2320/4136/709 2341/4169/709
f 2216/4009/871 2220/4013/871 2221/4014/845 2217/4010/845
f 2083/3740/724 2082/3737/724 2044/3623/724 2045/3626/724
f 1855/3112/830 1850/3101/830 1626/2724/830
f 1606/2679/706 2339/4167/718 2316/4132/718 2308/4121/706
f 1925/3266/868 1923/3260/868 1607/2680/730
s 0
f 2076/3719/714 2107/3811/714 2068/3695/714 2050/3641/714
s 1
f 1627/2726/830 1639/2752/830 1626/2724/830
f 2324/4143/717 2338/4166/717 2342/4171/716 2323/4142/716
f 1817/3028/1046 1807/3011/1046 1849/3098/1043 1848/3095/1045
s 0
f 2029/3578/714 2019/3548/714 2022/3557/714 2030/3581/714
s 1
f 2227/4022/731 2252/4053/731 2260/4061/899 2228/4023/899
f 2059/3668/870 2056/3659/870 2102/3797/870 2103/3800/870
f 2255/4056/726 2278/4082/726 2229/4024/717 2254/4055/717
f 2257/4058/718 2289/4096/718 2284/4090/719 2258/4059/719
f 2261/4062/901 2224/4017/901 2228/4023/899 2260/4061/899
f 2254/4055/717 2229/4024/717 2277/4081/716 2253/4054/716
f 2200/3993/845 2197/3990/845 2195/3988/871 2199/3992/871
f 1862/3131/709 1688/2837/1083 1904/3213/1101 1891/3185/709
f 1848/3096/1048 1849/3099/1102 1855/3111/1102 1852/3105/1048
f 2163/3933/751 2166/3939/751 2174/3955/751 2170/3947/751
f 2278/4082/726 2307/4120/726 2306/4119/717 2229/4024/717
f 2209/4002/845 2207/4000/846 2203/3996/846 2205/3998/845
f 1895/3195/1103 1888/3179/1104 1885/3173/864 1902/3209/863
f 1889/3181/1036 1888/3179/1104 1895/3195/1103 1896/3197/1037
f 2026/3569/870 2220/4013/871 2094/3773/870
f 2312/4126/715 2319/4135/730 2315/4131/730
f 1458/2438/709 1589/2645/709 1587/2643/712 1557/2581/701
f 2095/3776/870 2094/3773/870 2220/4013/871 2216/4009/871
f 2204/3997/871 2199/3992/871 2100/3791/870 2101/3794/870
f 2145/3897/709 2142/3891/709 2135/3877/709 2133/3873/709
f 2139/3885/709 2134/3875/709 1881/3163/709 2144/3895/709
f 2169/3945/709 2165/3937/709 2155/3917/709 2158/3923/709
f 2313/4128/725 2335/4163/725 1608/2681/705 2311/4125/705
f 2336/4164/715 2334/4161/730 1607/2680/730
f 2009/3518/868 2010/3521/868 2294/4102/730 2304/4117/730
f 2204/3997/871 2105/3806/870 2104/3803/870 2208/4001/871
f 2015/3536/868 2275/4078/730 2013/3530/868
f 1598/2660/724 1651/2776/724 2136/3878/724
f 2212/4005/871 2102/3797/870 2097/3782/870
f 2153/3913/751 2156/3919/751 2159/3925/751 2151/3909/751
f 2111/3824/870 2110/3821/870 2192/3985/871
f 2105/3806/870 2062/3677/870 2058/3665/870 2104/3803/870
f 2140/3887/751 2147/3901/751 2148/3903/751 2141/3889/751
s 0
f 1827/3046/830 1824/3040/830 1862/3130/830 1856/3115/830
s 1
f 2107/3812/870 2112/3827/870 2189/3982/871
f 2195/3988/871 2098/3785/870 2099/3788/870 2199/3992/871
f 2187/3980/871 2106/3809/870 2108/3815/870
f 1927/3272/868 1928/3275/868 1929/3278/868 1925/3266/868
f 1926/3269/868 1927/3272/868 2334/4161/730
f 1946/3329/724 1945/3326/724 1986/3449/724 1987/3452/724
f 2002/3497/868 1972/3407/868 1974/3413/868 2003/3500/868
f 2293/4101/715 2312/4126/715 2315/4131/730 2304/4117/730
f 1990/3461/724 1991/3464/724 1950/3341/724 1949/3338/724
f 1567/2600/751 1566/2598/751 1605/2678/751
f 2224/4017/901 2282/4087/901 2280/4084/899 2228/4023/899
f 2001/3494/868 2000/3491/868 1970/3401/868 1973/3410/868
f 2160/3927/751 2162/3931/751 2167/3941/751 2161/3929/751
f 2136/3879/751 2143/3893/751 2138/3883/751 2132/3871/751
f 2258/4059/719 2255/4056/726 2237/4035/726 2235/4033/719
f 1996/3479/724 1997/3482/724 1956/3359/724 1955/3356/724
f 1980/3431/724 1981/3434/724 1940/3311/724 1939/3308/724
f 1487/2496/704 1629/2730/704 1628/2728/704
f 2232/4029/709 1652/2778/709 1653/2780/709
f 2114/3833/704 2113/3829/704 1461/2443/704 2117/3839/704
f 1434/2391/843 1437/2396/810 1648/2768/810 1649/2769/843
f 1656/2786/876 1654/2782/882 1865/3137/882 1873/3151/876
f 1766/2948/812 1711/2876/815 1712/2877/816 1770/2953/987
f 2183/3974/1025 2181/3971/1025 2176/3959/1025 2184/3977/1025
f 1913/3235/1040 2178/3964/1039 2183/3975/1091 1914/3237/1090
f 1717/2887/704 1487/2496/704 1462/2447/704 1691/2843/704
f 1442/2406/709 1924/3263/709 1445/2412/709
f 1663/2799/718 1478/2478/719 2340/4168/719 2339/4167/718
f 2320/4137/732 2321/4139/732 2343/4173/732 2341/4170/732
f 2272/4074/1075 2194/3987/1052 1918/3245/1053 1916/3241/1098
f 1529/2549/778 1533/2554/780 2347/4177/726 2350/4180/717
f 1537/2559/790 1541/2564/789 2345/4175/718 2348/4178/719
f 1541/2564/789 1473/2468/798 2352/4182/706 2345/4175/718
f 1466/2454/764 1525/2544/779 2351/4181/716 2346/4176/715
f 1537/2559/790 2348/4178/719 2347/4177/726 1533/2554/780
f 1473/2468/798 1475/2472/797 2349/4179/705 2352/4182/706
f 1525/2544/779 1529/2549/778 2350/4180/717 2351/4181/716
f 1475/2472/797 1474/2470/805 1476/2475/838 2349/4179/705
f 2240/4038/730 2129/3864/867 2353/4184/867 2354/4185/730
f 1466/2454/764 2346/4176/715 2354/4185/730 2360/4191/730
f 1453/2429/709 2358/4189/709 2359/4190/709 1451/2424/709
f 1457/2437/709 2357/4188/709 2358/4189/709 1453/2429/709
f 1435/2394/709 2357/4188/709 2356/4187/709 1431/2387/709
f 1459/2440/709 1461/2444/709 2355/4186/709 2356/4187/709
f 1429/2384/709 2355/4186/709 2353/4183/709 2129/3865/709
f 2359/4190/709 1446/2414/709 1448/2418/709
f 2360/4191/730 2354/4185/730 2353/4184/867 2113/3830/867
f 1467/2456/759 2360/4191/730 2113/3830/867
f 1467/2456/759 1466/2454/764 2360/4191/730
f 1586/2642/851 1452/2427/1105 1639/2753/1106 1636/2745/851
f 1822/3035/751 1814/3025/1005 1820/3032/839
f 1619/2711/751 1650/2771/751 1612/2690/751
s 0
f 1613/2694/910 1612/2691/910 1604/2675/910 1605/2677/910
s 1
f 1566/2598/751 1565/2596/751 1613/2695/751 1605/2678/751
f 1828/3050/709 1792/2981/709 1840/3076/709
f 1792/2981/709 1791/2979/709 1840/3076/709
f 1791/2979/709 1793/2983/709 1840/3076/709
f 1793/2983/709 1794/2985/709 1830/3056/709 1840/3076/709
f 1861/3126/709 1860/3124/709 1846/3092/709 1839/3073/709
s 0
f 1854/3110/830 1638/2750/830 1650/2772/830 1861/3127/830
s 1
f 1837/3067/709 1843/3084/709 1798/2993/709 1800/2997/709
s 0
f 1610/2687/830 1837/3068/830 1836/3065/830 1609/2684/830
s 1
f 1614/2697/724 1612/2692/724 1601/2666/724 1489/2501/724
f 1446/2414/709 2359/4190/709 1443/2408/709
f 1443/2408/709 2359/4190/709 1441/2404/709
f 1451/2424/709 2359/4190/709 1448/2418/709
f 1465/2452/877 1455/2433/709 1458/2438/709 1556/2580/700
f 2127/3859/709 2126/3857/709 1975/3416/709
f 2125/3855/709 2127/3859/709 1975/3416/709
f 2124/3853/709 2125/3855/709 1975/3416/709 1935/3296/709
f 2334/4161/730 1468/2457/730 1926/3269/868
f 1470/2461/704 1469/2459/704 1630/2733/704 1577/2623/704
s 0
f 2024/3563/713 2074/3713/713 2031/3584/713 2023/3560/713
s 1
f 2130/3867/724 2072/3707/724 1823/3037/724
f 2028/3575/1107 2017/3542/1000 1875/3155/1002 1681/2822/1108
f 2177/3962/704 1686/2833/704 1454/2431/704 1447/2416/704
f 1904/3213/1101 1688/2837/1083 1905/3215/1084
f 1856/3116/709 1862/3131/709 1891/3185/709 1859/3121/709
f 1908/3222/704 2180/3969/704 1679/2819/704
f 1679/2819/704 2180/3969/704 1677/2816/704
f 2180/3969/704 2177/3962/704 1447/2416/704 1444/2410/704
f 1677/2816/704 2180/3969/704 1444/2410/704 1437/2397/704
f 1428/2382/704 1677/2816/704 1437/2397/704 1434/2392/704
f 1717/2887/704 1884/3171/704 1894/3193/704 1629/2730/704
f 1487/2496/704 1717/2887/704 1629/2730/704
f 1876/3157/906 1827/3047/858 1859/3122/856 1875/3155/1002
f 1681/2822/1108 1875/3155/1002 1682/2824/855
f 1682/2824/855 1858/3120/855 1857/3118/823 1683/2826/823
f 1847/3094/830 1850/3101/830 1855/3112/830
f 1452/2427/1105 1685/2831/817 1855/3113/819 1639/2753/1106
f 2361/4192/1109 2362/4193/1110 2364/4195/1111 2363/4194/1112
f 2363/4194/1112 2364/4195/1111 2366/4197/1113 2365/4196/1114
f 2365/4196/1114 2366/4197/1113 2368/4201/1115 2367/4198/1116
f 2367/4199/1116 2368/4200/1115 2370/4203/1117 2369/4202/1118
f 2369/4202/1118 2370/4203/1117 2372/4205/1119 2371/4204/1120
f 2371/4204/1120 2372/4205/1119 2374/4207/1121 2373/4206/1122
f 2373/4206/1122 2374/4207/1121 2376/4209/1123 2375/4208/1124
f 2375/4208/1124 2376/4209/1123 2378/4211/1125 2377/4210/1126
f 2377/4210/1126 2378/4211/1125 2380/4213/1127 2379/4212/1128
f 2379/4212/1128 2380/4213/1127 2382/4215/1129 2381/4214/1130
f 2378/4211/1125 2376/4209/1123 2392/4226/1131 2393/4227/1132
f 2381/4214/1130 2382/4215/1129 2384/4217/1133 2383/4216/1134
f 2383/4216/1134 2384/4217/1133 2362/4193/1110 2361/4192/1109
f 2390/4224/1135 2389/4223/1136 2401/4236/1137 2402/4237/1138
f 2376/4209/1123 2374/4207/1121 2391/4225/1139 2392/4226/1131
f 2374/4207/1121 2372/4205/1119 2390/4224/1135 2391/4225/1139
f 2372/4205/1119 2370/4203/1117 2389/4223/1136 2390/4224/1135
f 2370/4203/1117 2368/4200/1115 2388/4222/1140 2389/4223/1136
f 2362/4193/1110 2384/4217/1133 2396/4230/1141 2385/4218/1142
f 2364/4195/1111 2362/4193/1110 2385/4218/1142 2386/4219/1143
f 2368/4201/1115 2366/4197/1113 2387/4220/1144 2388/4221/1140
f 2384/4217/1133 2382/4215/1129 2395/4229/1145 2396/4230/1141
f 2366/4197/1113 2364/4195/1111 2386/4219/1143 2387/4220/1144
f 2382/4215/1129 2380/4213/1127 2394/4228/1146 2395/4229/1145
f 2380/4213/1127 2378/4211/1125 2393/4227/1132 2394/4228/1146
f 2405/4240/1147 2404/4239/1148 2416/4252/1149 2417/4253/1150
f 2385/4218/1142 2396/4230/1141 2408/4243/1151 2397/4231/1152
f 2387/4220/1144 2386/4219/1143 2398/4232/1153 2399/4233/1154
f 2394/4228/1146 2393/4227/1132 2405/4240/1147 2406/4241/1155
f 2391/4225/1139 2390/4224/1135 2402/4237/1138 2403/4238/1156
f 2388/4221/1140 2387/4220/1144 2399/4233/1154 2400/4234/1157
f 2395/4229/1145 2394/4228/1146 2406/4241/1155 2407/4242/1158
f 2392/4226/1131 2391/4225/1139 2403/4238/1156 2404/4239/1148
f 2389/4223/1136 2388/4222/1140 2400/4235/1157 2401/4236/1137
f 2396/4230/1141 2395/4229/1145 2407/4242/1158 2408/4243/1151
f 2386/4219/1143 2385/4218/1142 2397/4231/1152 2398/4232/1153
f 2393/4227/1132 2392/4226/1131 2404/4239/1148 2405/4240/1147
f 2410/4245/1159 2409/4244/1160 2421/4257/1161 2422/4258/1162
f 2402/4237/1138 2401/4236/1137 2413/4249/1163 2414/4250/1164
f 2397/4231/1152 2408/4243/1151 2420/4256/1165 2409/4244/1160
f 2399/4233/1154 2398/4232/1153 2410/4245/1159 2411/4246/1166
f 2406/4241/1155 2405/4240/1147 2417/4253/1150 2418/4254/1167
f 2403/4238/1156 2402/4237/1138 2414/4250/1164 2415/4251/1168
f 2400/4234/1157 2399/4233/1154 2411/4246/1166 2412/4247/1169
f 2407/4242/1158 2406/4241/1155 2418/4254/1167 2419/4255/1170
f 2404/4239/1148 2403/4238/1156 2415/4251/1168 2416/4252/1149
f 2401/4236/1137 2400/4235/1157 2412/4248/1169 2413/4249/1163
f 2408/4243/1151 2407/4242/1158 2419/4255/1170 2420/4256/1165
f 2398/4232/1153 2397/4231/1152 2409/4244/1160 2410/4245/1159
f 2432/4269/1171 2431/4268/1172 2443/4281/1173 2444/4282/1174
f 2417/4253/1150 2416/4252/1149 2428/4265/1175 2429/4266/1176
f 2414/4250/1164 2413/4249/1163 2425/4262/1177 2426/4263/1178
f 2409/4244/1160 2420/4256/1165 2432/4269/1171 2421/4257/1161
f 2411/4246/1166 2410/4245/1159 2422/4258/1162 2423/4259/1179
f 2418/4254/1167 2417/4253/1150 2429/4266/1176 2430/4267/1180
f 2415/4251/1168 2414/4250/1164 2426/4263/1178 2427/4264/1181
f 2412/4247/1169 2411/4246/1166 2423/4259/1179 2424/4260/1182
f 2419/4255/1170 2418/4254/1167 2430/4267/1180 2431/4268/1172
f 2416/4252/1149 2415/4251/1168 2427/4264/1181 2428/4265/1175
f 2413/4249/1163 2412/4248/1169 2424/4261/1182 2425/4262/1177
f 2420/4256/1165 2419/4255/1170 2431/4268/1172 2432/4269/1171
f 2437/4275/1183 2436/4273/1184 2448/4287/1185 2449/4288/1186
f 2422/4258/1162 2421/4257/1161 2433/4270/1187 2434/4271/1188
f 2429/4266/1176 2428/4265/1175 2440/4278/1189 2441/4279/1190
f 2426/4263/1178 2425/4262/1177 2437/4275/1183 2438/4276/1191
f 2421/4257/1161 2432/4269/1171 2444/4282/1174 2433/4270/1187
f 2423/4259/1179 2422/4258/1162 2434/4271/1188 2435/4272/1192
f 2430/4267/1180 2429/4266/1176 2441/4279/1190 2442/4280/1193
f 2427/4264/1181 2426/4263/1178 2438/4276/1191 2439/4277/1194
f 2424/4260/1182 2423/4259/1179 2435/4272/1192 2436/4274/1184
f 2431/4268/1172 2430/4267/1180 2442/4280/1193 2443/4281/1173
f 2428/4265/1175 2427/4264/1181 2439/4277/1194 2440/4278/1189
f 2425/4262/1177 2424/4261/1182 2436/4273/1184 2437/4275/1183
f 2448/4286/1185 2447/4285/1195 2459/4298/1130 2460/4299/1128
f 2444/4282/1174 2443/4281/1173 2455/4294/1196 2456/4295/1197
f 2434/4271/1188 2433/4270/1187 2445/4283/1198 2446/4284/1199
f 2441/4279/1190 2440/4278/1189 2452/4291/1200 2453/4292/1201
f 2438/4276/1191 2437/4275/1183 2449/4288/1186 2450/4289/1202
f 2433/4270/1187 2444/4282/1174 2456/4295/1197 2445/4283/1198
f 2435/4272/1192 2434/4271/1188 2446/4284/1199 2447/4285/1195
f 2442/4280/1193 2441/4279/1190 2453/4292/1201 2454/4293/1203
f 2439/4277/1194 2438/4276/1191 2450/4289/1202 2451/4290/1204
f 2436/4274/1184 2435/4272/1192 2447/4285/1195 2448/4286/1185
f 2443/4281/1173 2442/4280/1193 2454/4293/1203 2455/4294/1196
f 2440/4278/1189 2439/4277/1194 2451/4290/1204 2452/4291/1200
f 2455/4294/1196 2454/4293/1203 2466/4306/1116 2467/4307/1114
f 2452/4291/1200 2451/4290/1204 2463/4303/1122 2464/4304/1120
f 2449/4288/1186 2448/4287/1185 2460/4300/1128 2461/4301/1126
f 2456/4295/1197 2455/4294/1196 2467/4307/1114 2468/4308/1112
f 2446/4284/1199 2445/4283/1198 2458/4297/1109 2457/4296/1134
f 2453/4292/1201 2452/4291/1200 2464/4304/1120 2465/4305/1118
f 2450/4289/1202 2449/4288/1186 2461/4301/1126 2462/4302/1124
f 2445/4283/1198 2456/4295/1197 2468/4308/1112 2458/4297/1109
f 2447/4285/1195 2446/4284/1199 2457/4296/1134 2459/4298/1130
f 2454/4293/1203 2453/4292/1201 2465/4305/1118 2466/4306/1116
f 2451/4290/1204 2450/4289/1202 2462/4302/1124 2463/4303/1122
f 2496/4365/830 2495/4364/1205 2494/4362/1205 2493/4359/830
f 2492/4358/1206 2491/4356/1207 2489/4352/1208 2490/4354/1209
f 2470/4311/1210 2493/4360/1211 2494/4361/1212
f 2469/4309/1213 2495/4363/1214 2496/4366/1215
f 2470/4311/1210 2494/4361/1212 2497/4367/1216 2472/4315/1217
f 2471/4313/1218 2498/4369/1219 2495/4363/1214 2469/4309/1213
f 2472/4315/1217 2497/4367/1216 2499/4371/1220
f 2471/4313/1218 2500/4373/1221 2498/4369/1219
f 2472/4315/1217 2499/4371/1220 2501/4375/1222 2474/4319/1223
f 2473/4317/1224 2502/4377/1225 2500/4373/1221 2471/4313/1218
f 2474/4319/1223 2501/4375/1222 2503/4379/1226
f 2473/4317/1224 2504/4381/1227 2502/4377/1225
f 2474/4319/1223 2503/4379/1226 2505/4383/1228 2476/4323/1229
f 2475/4321/1230 2506/4385/1231 2504/4381/1227 2473/4317/1224
f 2476/4323/1229 2505/4383/1228 2507/4387/1232
f 2475/4321/1230 2508/4389/1233 2506/4385/1231
f 2476/4323/1229 2507/4387/1232 2509/4391/1234 2478/4327/1235
f 2477/4325/1236 2510/4393/1237 2508/4389/1233 2475/4321/1230
f 2478/4327/1235 2509/4391/1234 2511/4395/1238
f 2477/4325/1236 2512/4397/1239 2510/4393/1237
f 2478/4327/1235 2511/4395/1238 2513/4399/1240 2480/4331/1241
f 2479/4329/1242 2514/4401/1243 2512/4397/1239 2477/4325/1236
f 2480/4331/1241 2513/4399/1240 2515/4403/1244
f 2479/4329/1242 2516/4405/1245 2514/4401/1243
f 2480/4331/1241 2515/4403/1244 2517/4407/1246 2482/4336/1247
f 2481/4333/1248 2518/4409/1249 2516/4405/1245 2479/4329/1242
f 2482/4336/1247 2517/4407/1246 2519/4411/1250
f 2481/4333/1248 2520/4413/1251 2518/4409/1249
f 2482/4336/1247 2519/4411/1250 2521/4415/1252 2484/4341/1253
f 2483/4339/1254 2522/4417/1255 2520/4413/1251 2481/4333/1248
f 2484/4341/1253 2521/4415/1252 2523/4419/1256
f 2483/4339/1254 2524/4421/1257 2522/4417/1255
f 2484/4341/1253 2523/4419/1256 2525/4423/1258 2486/4345/1259
f 2485/4343/1260 2526/4425/1261 2524/4421/1257 2483/4339/1254
f 2486/4345/1259 2525/4423/1258 2527/4427/1262
f 2485/4343/1260 2528/4429/1263 2526/4425/1261
f 2486/4345/1259 2527/4427/1262 2529/4431/1264 2488/4349/1265
f 2487/4347/1266 2530/4434/1267 2528/4429/1263 2485/4343/1260
f 2488/4349/1265 2529/4431/1264 2531/4437/1268
f 2487/4347/1266 2532/4439/1269 2530/4434/1267
f 2488/4349/1265 2531/4437/1268 2533/4441/1270 2490/4353/1271
f 2489/4351/1272 2534/4443/1273 2532/4439/1269 2487/4347/1266
f 2490/4353/1271 2533/4441/1270 2535/4445/1274
f 2489/4351/1272 2536/4447/1275 2534/4443/1273
f 2490/4353/1271 2535/4445/1274 2537/4449/1276 2492/4357/1277
f 2491/4355/1278 2538/4451/1279 2536/4447/1275 2489/4351/1272
f 2492/4357/1277 2537/4449/1276 2539/4454/1280
f 2491/4355/1278 2540/4456/1281 2538/4451/1279
f 2490/4354/1209 2489/4352/1208 2487/4348/1282 2488/4350/1283
f 2488/4350/1283 2487/4348/1282 2485/4344/1284 2486/4346/1285
f 2486/4346/1285 2485/4344/1284 2483/4340/1286 2484/4342/1287
f 2484/4342/1287 2483/4340/1286 2481/4334/1288 2482/4337/1289
f 2482/4338/1289 2481/4335/1288 2479/4330/1290 2480/4332/1291
f 2480/4332/1291 2479/4330/1290 2477/4326/1292 2478/4328/1293
f 2478/4328/1293 2477/4326/1292 2475/4322/1294 2476/4324/1295
f 2476/4324/1295 2475/4322/1294 2473/4318/1296 2474/4320/1297
f 2474/4320/1297 2473/4318/1296 2471/4314/1298 2472/4316/1299
f 2472/4316/1299 2471/4314/1298 2469/4310/1300 2470/4312/1301
f 2494/4362/1205 2495/4364/1205 2498/4370/1302 2497/4368/1302
f 2497/4368/1302 2498/4370/1302 2500/4374/1303 2499/4372/1303
f 2499/4372/1303 2500/4374/1303 2502/4378/1304 2501/4376/1304
f 2501/4376/1304 2502/4378/1304 2504/4382/1305 2503/4380/1305
f 2503/4380/1305 2504/4382/1305 2506/4386/724 2505/4384/724
f 2505/4384/724 2506/4386/724 2508/4390/1306 2507/4388/1306
f 2507/4388/1306 2508/4390/1306 2510/4394/1307 2509/4392/1307
f 2509/4392/1307 2510/4394/1307 2512/4398/1308 2511/4396/1308
f 2511/4396/1308 2512/4398/1308 2514/4402/1309 2513/4400/1309
f 2513/4400/1309 2514/4402/1309 2516/4406/1310 2515/4404/1310
f 2515/4404/1310 2516/4406/1310 2518/4410/704 2517/4408/704
f 2517/4408/704 2518/4410/704 2520/4414/1311 2519/4412/1311
f 2519/4412/1311 2520/4414/1311 2522/4418/1312 2521/4416/1312
f 2521/4416/1312 2522/4418/1312 2524/4422/1313 2523/4420/1313
f 2523/4420/1313 2524/4422/1313 2526/4426/1314 2525/4424/1314
f 2525/4424/1314 2526/4426/1314 2528/4430/1315 2527/4428/1315
f 2527/4428/1315 2528/4430/1315 2530/4435/732 2529/4432/732
f 2529/4433/732 2530/4436/732 2532/4440/1316 2531/4438/1316
f 2531/4438/1316 2532/4440/1316 2534/4444/1317 2533/4442/1317
f 2533/4442/1317 2534/4444/1317 2536/4448/1318 2535/4446/1318
f 2535/4446/1318 2536/4448/1318 2538/4452/1319 2537/4450/1319
f 2537/4450/1319 2538/4452/1319 2540/4455/1320 2539/4453/1320
f 2539/4453/1320 2540/4455/1320 2496/4365/830 2493/4359/830
f 2469/4309/1213 2496/4366/1215 2540/4456/1281 2491/4355/1278
f 2492/4357/1277 2539/4454/1280 2493/4360/1211 2470/4311/1210
f 2470/4312/1301 2469/4310/1300 2491/4356/1207 2492/4358/1206
f 2541/4457/830 2544/4463/830 2543/4461/1302 2542/4459/1302
f 2542/4459/1302 2543/4461/1302 2546/4468/1304 2545/4465/1304
f 2545/4466/1304 2546/4469/1304 2548/4473/724 2547/4471/724
f 2547/4471/724 2548/4473/724 2550/4477/1307 2549/4475/1307
f 2549/4475/1307 2550/4477/1307 2552/4481/1309 2551/4479/1309
f 2551/4479/1309 2552/4481/1309 2554/4485/704 2553/4483/704
f 2553/4483/704 2554/4485/704 2556/4489/1312 2555/4487/1312
f 2555/4487/1312 2556/4489/1312 2558/4493/1314 2557/4491/1314
f 2557/4491/1314 2558/4493/1314 2560/4497/732 2559/4495/732
f 2559/4495/732 2560/4497/732 2562/4501/1317 2561/4499/1317
f 2561/4499/1317 2562/4501/1317 2564/4505/1319 2563/4503/1319
f 2563/4503/1319 2564/4505/1319 2544/4463/830 2541/4457/830
f 2563/4504/751 2557/4492/751 2559/4496/751 2561/4500/751
f 2558/4494/709 2564/4506/709 2562/4502/709 2560/4498/709
f 2545/4467/751 2547/4472/751 2549/4476/751 2551/4480/751
f 2563/4504/751 2541/4458/751 2555/4488/751 2557/4492/751
f 2541/4458/751 2542/4460/751 2553/4484/751 2555/4488/751
f 2542/4460/751 2545/4467/751 2551/4480/751 2553/4484/751
f 2544/4464/709 2564/4506/709 2558/4494/709 2556/4490/709
f 2543/4462/709 2544/4464/709 2556/4490/709 2554/4486/709
f 2546/4470/709 2543/4462/709 2554/4486/709 2552/4482/709
f 2548/4474/709 2546/4470/709 2552/4482/709 2550/4478/709
f 2565/4507/830 2598/4560/830 2597/4557/1321 2567/4510/1321
f 2567/4510/1321 2597/4557/1321 2599/4561/1303 2569/4513/1303
f 2569/4513/1303 2599/4561/1303 2600/4563/1322 2571/4516/1322
f 2571/4516/1322 2600/4563/1322 2601/4565/724 2573/4519/724
f 2573/4520/724 2601/4566/724 2602/4568/1323 2575/4524/1323
f 2575/4524/1323 2602/4568/1323 2603/4570/1308 2577/4527/1308
f 2577/4527/1308 2603/4570/1308 2604/4572/1324 2579/4530/1324
f 2579/4530/1324 2604/4572/1324 2605/4574/704 2581/4533/704
f 2581/4533/704 2605/4574/704 2606/4576/1325 2583/4536/1325
f 2583/4536/1325 2606/4576/1325 2607/4578/1313 2585/4539/1313
f 2585/4539/1313 2607/4578/1313 2608/4580/1326 2587/4542/1326
f 2587/4542/1326 2608/4580/1326 2609/4582/732 2589/4545/732
f 2589/4545/732 2609/4582/732 2610/4584/1327 2591/4548/1327
f 2591/4548/1327 2610/4584/1327 2611/4586/1318 2593/4551/1318
f 2593/4551/1318 2611/4586/1318 2612/4589/1328 2595/4554/1328
f 2597/4558/1329 2598/4559/1330 2566/4509/1330 2568/4512/1329
f 2568/4511/1321 2566/4508/830 2615/4593/1331 2613/4590/1332
f 2570/4514/1303 2568/4511/1321 2613/4590/1332 2617/4596/1333
f 2572/4517/1322 2570/4514/1303 2617/4596/1333 2619/4599/1334
f 2574/4521/724 2572/4517/1322 2619/4599/1334 2621/4602/1335
f 2576/4525/1323 2574/4522/724 2621/4603/1335 2623/4607/1336
f 2578/4528/1308 2576/4525/1323 2623/4607/1336 2625/4610/1337
f 2580/4531/1324 2578/4528/1308 2625/4610/1337 2627/4613/1338
f 2582/4534/704 2580/4531/1324 2627/4613/1338 2629/4616/1339
f 2584/4537/1325 2582/4534/704 2629/4616/1339 2631/4619/1340
f 2586/4540/1313 2584/4537/1325 2631/4619/1340 2633/4622/1341
f 2588/4543/1326 2586/4540/1313 2633/4622/1341 2635/4625/1342
f 2590/4546/732 2588/4543/1326 2635/4625/1342 2637/4628/1343
f 2592/4549/1327 2590/4546/732 2637/4628/1343 2639/4631/1344
f 2594/4552/1318 2592/4549/1327 2639/4631/1344 2641/4634/1345
f 2596/4555/1328 2594/4552/1318 2641/4634/1345 2643/4637/1346
f 2566/4508/830 2596/4555/1328 2643/4637/1346 2615/4593/1331
f 2613/4590/1332 2615/4593/1331 2616/4594/1347 2614/4591/1348
f 2614/4592/1348 2616/4595/1347 2645/4640/1349 2658/4653/1350
f 2617/4596/1333 2613/4590/1332 2614/4591/1348 2618/4597/1351
f 2618/4598/1351 2614/4592/1348 2658/4653/1350 2651/4646/1352
f 2619/4599/1334 2617/4596/1333 2618/4597/1351 2620/4600/1353
f 2620/4601/1353 2618/4598/1351 2651/4646/1352 2650/4645/1354
f 2621/4602/1335 2619/4599/1334 2620/4600/1353 2622/4604/1355
f 2622/4606/1355 2620/4601/1353 2650/4645/1354 2659/4654/1356
f 2623/4607/1336 2621/4603/1335 2622/4605/1355 2624/4608/1357
f 2624/4609/1357 2622/4606/1355 2659/4654/1356 2660/4655/1358
f 2625/4610/1337 2623/4607/1336 2624/4608/1357 2626/4611/1359
f 2626/4612/1359 2624/4609/1357 2660/4655/1358 2657/4652/1360
f 2627/4613/1338 2625/4610/1337 2626/4611/1359 2628/4614/1361
f 2628/4615/1361 2626/4612/1359 2657/4652/1360 2649/4644/1362
f 2629/4616/1339 2627/4613/1338 2628/4614/1361 2630/4617/1363
f 2630/4618/1363 2628/4615/1361 2649/4644/1362 2648/4643/1364
f 2631/4619/1340 2629/4616/1339 2630/4617/1363 2632/4620/1365
f 2632/4621/1365 2630/4618/1363 2648/4643/1364 2647/4642/1366
f 2633/4622/1341 2631/4619/1340 2632/4620/1365 2634/4623/1367
f 2634/4624/1367 2632/4621/1365 2647/4642/1366 2654/4649/1368
f 2635/4625/1342 2633/4622/1341 2634/4623/1367 2636/4626/1369
f 2636/4627/1369 2634/4624/1367 2654/4649/1368 2655/4650/1370
f 2637/4628/1343 2635/4625/1342 2636/4626/1369 2638/4629/1371
f 2638/4630/1371 2636/4627/1369 2655/4650/1370 2656/4651/1372
f 2639/4631/1344 2637/4628/1343 2638/4629/1371 2640/4632/1373
f 2640/4633/1373 2638/4630/1371 2656/4651/1372 2653/4648/1374
f 2641/4634/1345 2639/4631/1344 2640/4632/1373 2642/4635/1375
f 2642/4636/1375 2640/4633/1373 2653/4648/1374 2652/4647/1376
f 2643/4637/1346 2641/4634/1345 2642/4635/1375 2644/4638/1377
f 2644/4639/1377 2642/4636/1375 2652/4647/1376 2646/4641/1378
f 2615/4593/1331 2643/4637/1346 2644/4638/1377 2616/4594/1347
f 2616/4595/1347 2644/4639/1377 2646/4641/1378 2645/4640/1349
f 2599/4562/1379 2597/4558/1329 2568/4512/1329 2570/4515/1379
f 2600/4564/1380 2599/4562/1379 2570/4515/1379 2572/4518/1380
f 2601/4567/1381 2600/4564/1380 2572/4518/1380 2574/4523/1381
f 2602/4569/1382 2601/4567/1381 2574/4523/1381 2576/4526/1382
f 2603/4571/1383 2602/4569/1382 2576/4526/1382 2578/4529/1383
f 2604/4573/1384 2603/4571/1383 2578/4529/1383 2580/4532/1384
f 2605/4575/1385 2604/4573/1384 2580/4532/1384 2582/4535/1385
f 2606/4577/1386 2605/4575/1385 2582/4535/1385 2584/4538/1386
f 2607/4579/1387 2606/4577/1386 2584/4538/1386 2586/4541/1387
f 2608/4581/1388 2607/4579/1387 2586/4541/1387 2588/4544/1388
f 2609/4583/1389 2608/4581/1388 2588/4544/1388 2590/4547/1389
f 2610/4585/1390 2609/4583/1389 2590/4547/1389 2592/4550/1390
f 2611/4587/1391 2610/4585/1390 2592/4550/1390 2594/4553/1391
f 2612/4588/1392 2611/4587/1391 2594/4553/1391 2596/4556/1392
f 2566/4509/1330 2598/4559/1330 2612/4588/1392 2596/4556/1392
f 2655/4650/1370 2652/4647/1376 2653/4648/1374 2656/4651/1372
f 2595/4554/1328 2612/4589/1328 2598/4560/830 2565/4507/830
f 2646/4641/1378 2652/4647/1376 2655/4650/1370 2654/4649/1368
f 2645/4640/1349 2646/4641/1378 2654/4649/1368 2647/4642/1366
f 2658/4653/1350 2645/4640/1349 2647/4642/1366 2648/4643/1364
f 2651/4646/1352 2658/4653/1350 2648/4643/1364 2649/4644/1362
f 2650/4645/1354 2651/4646/1352 2649/4644/1362 2657/4652/1360
f 2659/4654/1356 2650/4645/1354 2657/4652/1360 2660/4655/1358
f 2672/4668/1393 2696/4716/1393 2674/4671/1394 2661/4656/1394
f 2663/4658/1395 2678/4680/1395 2680/4683/1396 2664/4659/1396
f 2664/4659/1396 2680/4683/1396 2682/4687/1397 2665/4660/1397
f 2665/4660/1397 2682/4687/1397 2684/4691/1398 2666/4661/1398
f 2666/4661/1398 2684/4691/1398 2686/4695/1399 2667/4662/1399
f 2667/4662/1399 2686/4695/1399 2688/4699/1400 2668/4663/1400
f 2668/4664/1400 2688/4700/1400 2690/4704/1401 2669/4665/1401
f 2669/4665/1401 2690/4704/1401 2692/4708/1402 2670/4666/1402
f 2670/4666/1402 2692/4708/1402 2694/4712/1403 2671/4667/1403
f 2671/4667/1403 2694/4712/1403 2696/4716/1393 2672/4668/1393
f 2661/4656/1394 2674/4671/1394 2676/4676/1404 2662/4657/1404
f 2676/4675/1405 2674/4672/1406 2673/4669/1406 2675/4673/1405
f 2678/4679/1407 2676/4675/1405 2675/4673/1405 2677/4677/1407
f 2680/4684/1408 2678/4679/1407 2677/4677/1407 2679/4681/1408
f 2682/4688/1409 2680/4684/1408 2679/4681/1408 2681/4685/1409
f 2684/4692/1410 2682/4688/1409 2681/4685/1409 2683/4689/1410
f 2686/4696/1411 2684/4692/1410 2683/4689/1410 2685/4693/1411
f 2688/4701/1412 2686/4696/1411 2685/4693/1411 2687/4697/1412
f 2690/4705/1413 2688/4701/1412 2687/4697/1412 2689/4702/1413
f 2692/4709/1414 2690/4705/1413 2689/4702/1413 2691/4706/1414
f 2694/4713/1415 2692/4709/1414 2691/4706/1414 2693/4710/1415
f 2696/4717/1416 2694/4713/1415 2693/4710/1415 2695/4714/1416
f 2674/4672/1406 2696/4717/1416 2695/4714/1416 2673/4669/1406
f 2677/4678/1417 2695/4715/1417 2693/4711/1417 2679/4682/1417
f 2693/4711/1417 2691/4707/1417 2681/4686/1417 2679/4682/1417
f 2683/4690/1417 2689/4703/1417 2687/4698/1417 2685/4694/1417
f 2681/4686/1417 2691/4707/1417 2689/4703/1417 2683/4690/1417
f 2662/4657/1404 2676/4676/1404 2678/4680/1395 2663/4658/1395
f 2675/4674/1417 2673/4670/1417 2695/4715/1417 2677/4678/1417
f 2856/5018/830 2855/5016/830 2720/4766/830
f 2768/4840/704 2767/4838/704 2791/4886/704 2792/4888/704
f 2825/4956/1418 2824/4954/1419 2713/4750/1420 2712/4748/1421
f 2834/4974/1422 2833/4973/1423 2704/4733/1424 2703/4730/1425
f 2827/4960/1426 2826/4958/1427 2711/4746/1428 2710/4744/1429
f 2837/4980/1430 2836/4978/1431 2701/4726/1432 2700/4724/1433
f 2832/4971/1434 2831/4968/1435 2706/4736/1436 2705/4735/1437
f 2819/4944/1438 2817/4939/1439 2720/4765/1440 2718/4760/1441
f 2822/4950/1442 2821/4948/1443 2716/4756/1444 2715/4754/1445
f 2839/4984/1446 2838/4982/1447 2699/4722/1448 2698/4720/1449
f 2818/4941/1450 2840/4986/1451 2697/4718/1452 2719/4762/1450
f 2829/4964/1453 2828/4962/1454 2709/4742/1455 2708/4740/1453
f 2824/4954/1419 2823/4952/1456 2714/4752/892 2713/4750/1420
f 2826/4958/1427 2825/4956/1418 2712/4748/1421 2711/4746/1428
f 2836/4978/1431 2835/4976/1457 2702/4728/879 2701/4726/1432
f 2831/4968/1435 2830/4966/1458 2707/4738/1459 2706/4736/1436
f 2821/4948/1443 2820/4946/1460 2717/4758/1461 2716/4756/1444
f 2838/4982/1447 2837/4980/1430 2700/4724/1433 2699/4722/1448
f 2817/4939/1439 2818/4942/1450 2719/4763/1450 2720/4765/1440
f 2828/4962/1454 2827/4960/1426 2710/4744/1429 2709/4742/1455
f 2823/4952/1456 2822/4950/1442 2715/4754/1445 2714/4752/892
f 2840/4986/1451 2839/4984/1446 2698/4720/1449 2697/4718/1452
f 2835/4976/1457 2834/4974/1422 2703/4730/1425 2702/4728/879
f 2820/4946/1460 2819/4944/1438 2718/4760/1441 2717/4758/1461
f 2734/4781/843 2733/4780/724 2757/4817/724 2758/4819/843
f 2727/4774/709 2726/4773/1462 2750/4803/1462 2751/4805/709
f 2742/4789/1463 2741/4788/1464 2765/4834/1464 2766/4835/1463
f 2735/4782/810 2734/4781/843 2758/4819/843 2759/4821/810
f 2728/4775/1007 2727/4774/709 2751/4805/709 2752/4807/1007
f 2743/4790/1465 2742/4789/1463 2766/4835/1463 2767/4837/1465
f 2736/4783/811 2735/4782/810 2759/4821/810 2760/4823/811
f 2729/4776/1466 2728/4775/1007 2752/4807/1007 2753/4809/1466
f 2744/4791/1467 2743/4790/1465 2767/4837/1465 2768/4839/1467
f 2721/4767/1468 2722/4768/732 2746/4794/732 2745/4792/1468
f 2737/4784/880 2736/4783/811 2760/4823/811 2761/4825/880
f 2730/4777/1469 2729/4776/1466 2753/4809/1466 2754/4811/1469
f 2722/4769/732 2744/4791/1467 2768/4839/1467 2746/4795/732
f 2723/4770/1470 2721/4767/1468 2745/4792/1468 2747/4797/1470
f 2738/4785/849 2737/4784/880 2761/4825/880 2762/4827/849
f 2731/4778/1086 2730/4777/1469 2754/4811/1469 2755/4813/1086
f 2724/4771/1471 2723/4770/1470 2747/4797/1470 2748/4799/1471
f 2739/4786/751 2738/4785/849 2762/4827/849 2763/4829/751
f 2732/4779/1472 2731/4778/1086 2755/4813/1086 2756/4815/1472
f 2725/4772/1473 2724/4771/1471 2748/4799/1471 2749/4801/1473
f 2740/4787/1474 2739/4786/751 2763/4829/751 2764/4832/1474
f 2733/4780/724 2732/4779/1472 2756/4815/1472 2757/4817/724
f 2726/4773/1462 2725/4772/1473 2749/4801/1473 2750/4803/1462
f 2745/4793/704 2746/4796/704 2770/4843/704 2769/4841/704
f 2761/4826/704 2760/4824/704 2784/4872/704 2785/4874/704
f 2754/4812/704 2753/4810/704 2777/4858/704 2778/4860/704
f 2746/4796/704 2768/4840/704 2792/4888/704 2770/4843/704
f 2747/4798/704 2745/4793/704 2769/4841/704 2771/4846/704
f 2762/4828/704 2761/4826/704 2785/4874/704 2786/4876/704
f 2755/4814/704 2754/4812/704 2778/4860/704 2779/4862/704
f 2748/4800/704 2747/4798/704 2771/4846/704 2772/4848/704
f 2763/4830/704 2762/4828/704 2786/4876/704 2787/4878/704
f 2756/4816/704 2755/4814/704 2779/4862/704 2780/4864/704
f 2749/4802/704 2748/4800/704 2772/4848/704 2773/4850/704
f 2764/4831/704 2763/4830/704 2787/4878/704 2788/4880/704
f 2757/4818/704 2756/4816/704 2780/4864/704 2781/4866/704
f 2750/4804/704 2749/4802/704 2773/4850/704 2774/4852/704
f 2765/4833/704 2764/4831/704 2788/4880/704 2789/4882/704
f 2758/4820/704 2757/4818/704 2781/4866/704 2782/4868/704
f 2751/4806/704 2750/4804/704 2774/4852/704 2775/4854/704
f 2766/4836/704 2765/4833/704 2789/4882/704 2790/4884/704
f 2759/4822/704 2758/4820/704 2782/4868/704 2783/4870/704
f 2752/4808/704 2751/4806/704 2775/4854/704 2776/4856/704
f 2767/4838/704 2766/4836/704 2790/4884/704 2791/4886/704
f 2760/4824/704 2759/4822/704 2783/4870/704 2784/4872/704
f 2753/4810/704 2752/4808/704 2776/4856/704 2777/4858/704
f 3030/5336/1475 3026/5327/1471 2808/4921/1471 2809/4923/1473
f 3001/5278/1474 3002/5279/751 2799/4903/751 2800/4905/1474
f 3018/5309/1086 3016/5304/1469 2814/4933/1469 2815/4935/1086
f 3041/5362/1470 2807/4920/1470 2808/4921/1471 3026/5327/1471
f 3001/5278/1474 2800/4905/1474 2801/4907/1464 3027/5329/1476
f 3019/5311/1472 3018/5309/1086 2815/4935/1086 2816/4937/1472
f 3020/5313/843 3017/5306/724 2794/4892/724 2793/4890/843
f 2802/4909/1463 3031/5339/1463 3027/5329/1476 2801/4907/1464
f 3017/5307/724 3019/5311/1472 2816/4937/1472 2794/4893/724
f 3021/5315/810 3020/5313/843 2793/4890/843 2795/4895/810
f 2810/4925/1462 3008/5292/1462 3030/5336/1475 2809/4923/1473
f 2803/4911/1465 3033/5343/1465 3031/5339/1463 2802/4909/1463
f 3022/5317/811 3021/5315/810 2795/4895/810 2796/4897/811
f 3010/5295/709 3008/5292/1462 2810/4925/1462 2811/4927/709
f 2804/4913/1467 3035/5347/1467 3033/5343/1465 2803/4911/1465
f 3023/5319/1477 3022/5317/811 2796/4897/811 2797/4899/880
f 3012/5298/1007 3010/5295/709 2811/4927/709 2812/4929/1007
f 2805/4915/732 3037/5352/732 3035/5347/1467 2804/4913/1467
f 3014/5301/849 3023/5319/1477 2797/4899/880 2798/4901/849
f 3024/5322/1478 3012/5298/1007 2812/4929/1007 2813/4931/1466
f 2806/4918/1468 3039/5358/1468 3037/5352/732 2805/4915/732
f 3002/5279/751 3014/5301/849 2798/4901/849 2799/4903/751
f 3016/5304/1469 3024/5322/1478 2813/4931/1466 2814/4933/1469
f 2834/4975/704 2835/4977/704 2811/4928/704 2810/4926/704
f 2846/4999/1479 2847/5001/1008 2882/5071/1008 2880/5067/1479
f 2830/4966/1458 2829/4964/1453 2708/4740/1453 2707/4738/1459
f 2855/5016/830 2854/5014/830 2718/4761/830 2720/4766/830
f 2866/5038/830 2867/5040/830 2701/4727/830
f 2845/4996/830 2844/4994/830 2710/4745/830 2711/4747/830
f 2852/5010/830 2851/5008/830 2716/4757/830
f 2843/4992/830 2842/4990/830 2709/4743/830 2710/4745/830
f 2850/5006/830 2849/5004/830 2714/4753/830 2715/4755/830
f 2871/5048/830 2872/5050/830 2697/4719/830
f 2862/5030/830 2863/5032/830 2704/4732/830
f 2848/5002/830 2713/4751/830 2714/4753/830 2849/5004/830
f 2841/4988/830 2858/5023/830 2707/4739/830 2708/4741/830
f 2867/5040/830 2868/5042/830 2700/4725/830 2701/4727/830
f 2868/5042/830 2869/5044/830 2699/4723/830 2700/4725/830
f 2853/5012/830 2852/5010/830 2716/4757/830 2717/4759/830
f 2870/5046/830 2871/5048/830 2697/4719/830 2698/4721/830
f 2869/5044/830 2870/5046/830 2698/4721/830 2699/4723/830
f 2863/5032/830 2864/5034/830 2703/4731/830 2704/4732/830
f 2846/4998/830 2845/4996/830 2711/4747/830 2712/4749/830
f 2844/4994/830 2843/4992/830 2710/4745/830
f 2854/5014/830 2853/5012/830 2717/4759/830 2718/4761/830
f 2865/5036/830 2866/5038/830 2701/4727/830 2702/4729/830
f 2842/4990/830 2841/4988/830 2708/4741/830 2709/4743/830
f 2915/5137/1480 2916/5139/1481 2948/5192/1481 2947/5191/1480
f 2882/5070/704 2914/5134/704 2912/5130/704 2880/5066/704
f 2876/5058/704 2908/5122/704 2907/5120/704 2875/5056/704
f 2894/5094/704 2926/5159/704 2935/5177/704 2903/5112/704
f 2879/5064/704 2911/5128/704 2921/5148/704 2889/5084/704
f 2878/5062/704 2910/5126/704 2909/5124/704 2877/5060/704
f 2903/5112/704 2935/5177/704 2936/5179/704 2904/5114/704
f 2890/5086/704 2922/5150/704 2923/5153/704 2891/5088/704
f 2880/5066/704 2912/5130/704 2911/5128/704 2879/5064/704
f 2896/5098/704 2928/5163/704 2930/5167/704 2898/5102/704
f 2892/5090/704 2924/5155/704 2925/5158/704 2893/5093/704
f 2875/5056/704 2907/5120/704 2913/5132/704 2881/5068/704
f 2904/5114/704 2936/5179/704 2927/5161/704 2895/5096/704
f 2877/5060/704 2909/5124/704 2926/5159/704 2894/5094/704
f 2862/5031/1482 2861/5029/811 2895/5097/811 2896/5099/1482
f 2873/5052/704 2905/5116/704 2914/5134/704 2882/5070/704
f 2884/5074/704 2916/5138/704 2915/5136/704 2883/5072/704
f 2897/5100/704 2929/5165/704 2924/5155/704 2892/5090/704
f 2885/5076/704 2917/5140/704 2916/5138/704 2884/5074/704
f 2898/5102/704 2930/5167/704 2922/5150/704 2890/5086/704
f 2887/5080/704 2919/5144/704 2918/5142/704 2886/5078/704
f 2899/5104/704 2931/5169/704 2932/5171/704 2900/5106/704
f 2883/5072/704 2915/5136/704 2906/5118/704 2874/5054/704
f 2900/5106/704 2932/5171/704 2933/5173/704 2901/5108/704
f 2881/5068/704 2913/5132/704 2917/5140/704 2885/5076/704
f 2902/5111/704 2934/5176/704 2919/5144/704 2887/5080/704
f 2886/5078/704 2918/5142/704 2908/5122/704 2876/5058/704
f 2891/5088/704 2923/5153/704 2931/5169/704 2899/5104/704
f 2888/5082/704 2920/5146/704 2910/5126/704 2878/5062/704
f 2901/5108/704 2933/5173/704 2929/5165/704 2897/5100/704
f 2889/5084/704 2921/5148/704 2920/5146/704 2888/5082/704
f 2874/5054/704 2906/5118/704 2905/5116/704 2873/5052/704
f 2862/5030/830 2704/4732/830 2705/4734/830 2861/5028/830
f 2924/5156/1483 2929/5166/1463 2961/5206/1463 2956/5201/1483
f 2916/5139/1481 2917/5141/1484 2949/5193/1484 2948/5192/1481
f 2922/5151/1485 2930/5168/1486 2962/5207/1486 2954/5198/1485
f 2918/5143/912 2919/5145/732 2951/5195/732 2950/5194/912
f 2932/5172/1487 2931/5170/1488 2963/5208/1488 2964/5209/1487
f 2906/5119/709 2915/5137/1480 2947/5191/1480 2938/5182/709
f 2933/5174/1489 2932/5172/1487 2964/5209/1487 2965/5210/1489
f 2917/5141/1484 2913/5133/1471 2945/5189/1471 2949/5193/1484
f 2919/5145/732 2934/5175/821 2966/5211/821 2951/5195/732
f 2908/5123/1490 2918/5143/912 2950/5194/912 2940/5184/1490
f 2931/5170/1488 2923/5154/751 2955/5200/751 2963/5208/1488
f 2910/5127/1491 2920/5147/1088 2952/5196/1088 2942/5186/1491
f 2929/5166/1463 2933/5174/1489 2965/5210/1489 2961/5206/1463
f 2920/5147/1088 2921/5149/1492 2953/5197/1492 2952/5196/1088
f 2905/5117/1493 2906/5119/709 2938/5182/709 2937/5181/1493
f 2934/5175/821 2925/5157/1494 2957/5202/1494 2966/5211/821
f 2912/5131/1479 2914/5135/1008 2946/5190/1008 2944/5188/1479
f 2907/5121/1495 2908/5123/1490 2940/5184/1490 2939/5183/1495
f 2935/5178/1496 2926/5160/1497 2958/5203/1497 2967/5212/1496
f 2921/5149/1492 2911/5129/1469 2943/5187/1469 2953/5197/1492
f 2909/5125/724 2910/5127/1491 2942/5186/1491 2941/5185/724
f 2936/5180/1498 2935/5178/1496 2967/5212/1496 2968/5213/1498
f 2923/5154/751 2922/5152/1485 2954/5199/1485 2955/5200/751
f 2911/5129/1469 2912/5131/1479 2944/5188/1479 2943/5187/1469
f 2930/5168/1486 2928/5164/1482 2960/5205/1482 2962/5207/1486
f 2925/5157/1494 2924/5156/1483 2956/5201/1483 2957/5202/1494
f 2913/5133/1471 2907/5121/1495 2939/5183/1495 2945/5189/1471
f 2927/5162/811 2936/5180/1498 2968/5213/1498 2959/5204/811
f 2926/5160/1497 2909/5125/724 2941/5185/724 2958/5203/1497
f 2895/5096/704 2927/5161/704 2928/5163/704 2896/5098/704
f 2914/5135/1008 2905/5117/1493 2937/5181/1493 2946/5190/1008
f 3038/5354/704 2994/5265/704 3040/5360/704
f 2971/5218/1497 2970/5216/1496 2985/5246/1496 2986/5248/1497
f 2970/5216/1496 2969/5214/1498 2984/5244/1498 2985/5246/1496
f 2972/5220/724 2971/5218/1497 2986/5248/1497 2978/5232/724
f 2980/5236/821 2977/5230/821 2983/5242/1494 2974/5224/1494
f 2974/5224/1494 2983/5242/1494 3043/5366/1483 2975/5226/1483
f 2975/5226/1483 3043/5366/1483 2976/5228/1499 2981/5239/1499
f 2969/5214/1498 2973/5222/1500 2979/5234/1500 2984/5244/1498
f 2989/5254/1491 3000/5276/1491 2999/5274/1088 2988/5252/1088
f 2988/5252/1088 2999/5274/1088 2998/5272/1492 2987/5250/1492
f 2972/5220/724 2978/5232/724 3000/5276/1491 2989/5254/1491
f 2982/5241/732 3044/5368/732 2977/5230/821 2980/5236/821
f 2990/5256/1490 3045/5370/1490 2993/5262/912 2996/5269/912
f 2991/5258/1495 3046/5372/1495 3045/5370/1490 2990/5256/1490
f 2997/5271/1501 2992/5260/1501 3046/5372/1495 2991/5258/1495
f 2782/4869/1468 3015/5302/1468 3004/5282/1470 2783/4871/1470
f 2774/4853/849 3014/5301/849 3002/5279/751 2775/4855/751
f 2781/4867/732 3013/5299/732 3015/5302/1468 2782/4869/1468
f 2773/4851/880 3036/5349/1477 3014/5301/849 2774/4853/849
f 2772/4849/811 3034/5345/811 3036/5349/1477 2773/4851/880
f 2780/4865/1467 3011/5296/1467 3013/5299/732 2781/4867/732
f 2787/4879/709 3010/5295/709 3012/5298/1007 2788/4881/1007
f 2779/4863/1465 3009/5293/1465 3011/5296/1467 2780/4865/1467
f 2786/4877/1462 3008/5292/1462 3010/5295/709 2787/4879/709
f 2778/4861/1463 3007/5290/1463 3009/5293/1465 2779/4863/1465
f 2785/4875/1473 3006/5287/1475 3008/5292/1462 2786/4877/1462
f 2777/4859/1464 3005/5284/1476 3007/5290/1463 2778/4861/1463
f 2784/4873/1471 3003/5280/1471 3006/5287/1475 2785/4875/1473
f 2776/4857/1474 3001/5278/1474 3005/5284/1476 2777/4859/1464
f 2783/4871/1470 3004/5282/1470 3003/5280/1471 2784/4873/1471
f 2987/5250/1492 2998/5272/1492 2994/5264/1502 2995/5266/1502
f 3038/5356/1478 3012/5298/1007 3024/5322/1478
f 3014/5301/849 3036/5349/1477 3023/5319/1477
f 3009/5294/704 3043/5367/704 2983/5243/704
f 3041/5361/830 2991/5259/830 2990/5257/830
f 3025/5326/704 2999/5275/704 3000/5277/704 3028/5332/704
f 2864/5034/830 2865/5036/830 2702/4729/830 2703/4731/830
f 2847/5000/830 2846/4998/830 2712/4749/830
f 2859/5025/830 2860/5026/830 2706/4737/830 2707/4739/830
f 2860/5026/830 2861/5028/830 2705/4734/830 2706/4737/830
f 2872/5050/830 2857/5020/830 2719/4764/830 2697/4719/830
f 2848/5002/830 2847/5000/830 2712/4749/830 2713/4751/830
f 2857/5020/830 2856/5018/830 2720/4766/830 2719/4764/830
f 2851/5008/830 2850/5006/830 2715/4755/830 2716/4757/830
f 2854/5015/1495 2855/5017/1490 2876/5059/1490 2875/5057/1495
f 2903/5113/1496 2859/5024/1496 2858/5022/1497 2894/5095/1497
f 2844/4995/1492 2845/4997/1469 2879/5065/1469 2889/5085/1492
f 2841/4989/724 2842/4991/1491 2878/5063/1491 2877/5061/724
f 2904/5115/1498 2860/5027/1498 2859/5024/1496 2903/5113/1496
f 2891/5089/751 2865/5037/751 2864/5035/1485 2890/5087/1485
f 2879/5065/1469 2845/4997/1469 2846/4999/1479 2880/5067/1479
f 2898/5103/1486 2863/5033/1486 2862/5031/1482 2896/5099/1482
f 2893/5092/1494 2871/5049/1494 2870/5047/1483 2892/5091/1483
f 2853/5013/1471 2854/5015/1495 2875/5057/1495 2881/5069/1471
f 2895/5097/811 2861/5029/811 2860/5027/1498 2904/5115/1498
f 2858/5022/1497 2841/4989/724 2877/5061/724 2894/5095/1497
f 2882/5071/1008 2847/5001/1008 2848/5003/1493 2873/5053/1493
f 2850/5007/1480 2851/5009/1481 2884/5075/1481 2883/5073/1480
f 2870/5047/1483 2869/5045/1463 2897/5101/1463 2892/5091/1483
f 2884/5075/1481 2851/5009/1481 2852/5011/1484 2885/5077/1484
f 2864/5035/1485 2863/5033/1486 2898/5103/1486 2890/5087/1485
f 2856/5019/912 2857/5021/732 2887/5081/732 2886/5079/912
f 2900/5107/1487 2867/5041/1487 2866/5039/1488 2899/5105/1488
f 2849/5005/709 2850/5007/1480 2883/5073/1480 2874/5055/709
f 2901/5109/1489 2868/5043/1489 2867/5041/1487 2900/5107/1487
f 2885/5077/1484 2852/5011/1484 2853/5013/1471 2881/5069/1471
f 2887/5081/732 2857/5021/732 2872/5051/821 2902/5110/821
f 2876/5059/1490 2855/5017/1490 2856/5019/912 2886/5079/912
f 2866/5039/1488 2865/5037/751 2891/5089/751 2899/5105/1488
f 2878/5063/1491 2842/4991/1491 2843/4993/1088 2888/5083/1088
f 2869/5045/1463 2868/5043/1489 2901/5109/1489 2897/5101/1463
f 2888/5083/1088 2843/4993/1088 2844/4995/1492 2889/5085/1492
f 2873/5053/1493 2848/5003/1493 2849/5005/709 2874/5055/709
f 2872/5051/821 2871/5049/1494 2893/5092/1494 2902/5110/821
f 2928/5164/1482 2927/5162/811 2959/5204/811 2960/5205/1482
f 2893/5093/704 2925/5158/704 2934/5176/704 2902/5111/704
f 2741/4788/1464 2740/4787/1474 2764/4832/1474 2765/4834/1464
f 2999/5275/704 3025/5326/704 2998/5273/704
f 2978/5233/704 3042/5363/704 3028/5332/704 3000/5277/704
f 2986/5249/704 3029/5335/704 3042/5363/704 2978/5233/704
f 3036/5350/1503 2979/5234/1500 2973/5222/1500 3023/5320/1503
f 2984/5245/704 3032/5342/704 2985/5247/704
f 3015/5303/704 2993/5263/704 3045/5371/704 3004/5283/704
f 3004/5283/704 3046/5373/704 2992/5261/704 3003/5281/704
f 2994/5264/1502 3038/5355/1504 3024/5323/1504 2995/5266/1502
f 2987/5251/830 3018/5310/830 2988/5253/830
f 3041/5361/830 2990/5257/830 2996/5268/830 3039/5357/830
f 3009/5294/704 3007/5291/704 2976/5229/704 3043/5367/704
f 3039/5357/830 2996/5268/830 2982/5240/830 3037/5353/830
f 3026/5328/830 2997/5270/830 2991/5259/830 3041/5361/830
f 3037/5353/830 2982/5240/830 2980/5237/830 3035/5348/830
f 3035/5348/830 2980/5237/830 2974/5225/830 3033/5344/830
f 3033/5344/830 2975/5227/830 2981/5238/830 3031/5340/830
f 3001/5278/1474 3027/5329/1476 3005/5284/1476
f 2790/4885/1469 3040/5359/1469 3025/5325/1086 2791/4887/1086
f 2791/4887/1086 3025/5325/1086 3028/5333/1472 2792/4889/1472
f 2770/4844/724 3042/5364/724 3029/5334/843 2769/4842/843
f 2792/4889/1472 3028/5333/1472 3042/5365/724 2770/4845/724
f 3006/5287/1475 3030/5336/1475 3008/5292/1462
f 2769/4842/843 3029/5334/843 3032/5341/810 2771/4847/810
f 2771/4847/810 3032/5341/810 3034/5345/811 2772/4849/811
f 2789/4883/1466 3038/5356/1478 3040/5359/1469 2790/4885/1469
f 3012/5298/1007 3038/5356/1478 2789/4883/1466 2788/4881/1007
f 2827/4961/704 2828/4963/704 2804/4914/704 2803/4912/704
f 2820/4947/704 2821/4949/704 2797/4900/704 2796/4898/704
f 2811/4928/704 2835/4977/704 2836/4979/704 2812/4930/704
f 2804/4914/704 2828/4963/704 2829/4965/704 2805/4916/704
f 2797/4900/704 2821/4949/704 2822/4951/704 2798/4902/704
f 2812/4930/704 2836/4979/704 2837/4981/704 2813/4932/704
f 2805/4916/704 2829/4965/704 2830/4967/704 2806/4917/704
f 2798/4902/704 2822/4951/704 2823/4953/704 2799/4904/704
f 2813/4932/704 2837/4981/704 2838/4983/704 2814/4934/704
f 2806/4917/704 2830/4967/704 2831/4969/704 2807/4919/704
f 2799/4904/704 2823/4953/704 2824/4955/704 2800/4906/704
f 2814/4934/704 2838/4983/704 2839/4985/704 2815/4936/704
f 2807/4919/704 2831/4969/704 2832/4970/704 2808/4922/704
f 2800/4906/704 2824/4955/704 2825/4957/704 2801/4908/704
f 2815/4936/704 2839/4985/704 2840/4987/704 2816/4938/704
f 2818/4943/704 2817/4940/704 2793/4891/704 2794/4894/704
f 2801/4908/704 2825/4957/704 2826/4959/704 2802/4910/704
f 2809/4924/704 2808/4922/704 2832/4970/704 2833/4972/704
f 2816/4938/704 2840/4987/704 2818/4943/704 2794/4894/704
f 2793/4891/704 2817/4940/704 2819/4945/704 2795/4896/704
f 2809/4924/704 2833/4972/704 2834/4975/704 2810/4926/704
f 2802/4910/704 2826/4959/704 2827/4961/704 2803/4912/704
f 2795/4896/704 2819/4945/704 2820/4947/704 2796/4898/704
f 2807/4920/1470 3041/5362/1470 3039/5358/1468 2806/4918/1468
f 2775/4855/751 3002/5279/751 3001/5278/1474 2776/4857/1474
f 3030/5337/830 2997/5270/830 3026/5328/830
f 3023/5321/830 2973/5223/830 3022/5318/830
f 3004/5283/704 3045/5371/704 3046/5373/704
f 3018/5310/830 2987/5251/830 2995/5267/830 3016/5305/830
f 3016/5305/830 2995/5267/830 3024/5324/830
f 2998/5273/704 3025/5326/704 3040/5360/704 2994/5265/704
f 3032/5342/704 2984/5245/704 2979/5235/704 3034/5346/704
f 3022/5318/830 2973/5223/830 2969/5215/830 3021/5316/830
f 2979/5235/704 3036/5351/704 3034/5346/704
f 3020/5314/830 2971/5219/830 2972/5221/830 3017/5308/830
f 3017/5308/830 2972/5221/830 2989/5255/830 3019/5312/830
f 3031/5340/830 2981/5238/830 3027/5330/830
f 3019/5312/830 2989/5255/830 2988/5253/830 3018/5310/830
f 2970/5217/830 2971/5219/830 3020/5314/830 3021/5316/830
f 2985/5247/704 3032/5342/704 3029/5335/704 2986/5249/704
f 2970/5217/830 3021/5316/830 2969/5215/830
f 3006/5288/1505 2992/5260/1501 2997/5271/1501 3030/5338/1505
f 2833/4973/1423 2832/4971/1434 2705/4735/1437 2704/4733/1424
f 2996/5269/912 2993/5262/912 3044/5368/732 2982/5241/732
f 3011/5297/704 3009/5294/704 2983/5243/704 2977/5231/704
f 3015/5303/704 3013/5300/704 3044/5369/704 2993/5263/704
f 3013/5300/704 3011/5297/704 2977/5231/704 3044/5369/704
f 3005/5285/1506 3027/5331/1506 2981/5239/1499 2976/5228/1499
f 3033/5344/830 2974/5225/830 2975/5227/830
f 3005/5286/704 2976/5229/704 3007/5291/704
f 3003/5281/704 2992/5261/704 3006/5289/704
f 2858/5023/830 2859/5025/830 2707/4739/830
f 3135/5577/1507 3069/5420/1507 3070/5422/1508 3136/5579/1508
f 3051/5382/1302 3117/5539/1302 3113/5531/1205 3047/5374/1205
f 3052/5384/1303 3118/5541/1303 3117/5539/1302 3051/5382/1302
f 3053/5386/1509 3119/5543/1509 3118/5541/1303 3052/5384/1303
f 3054/5388/1510 3120/5545/1510 3119/5543/1509 3053/5386/1509
f 3078/5441/1511 3144/5598/1511 3121/5547/1314 3055/5390/1314
f 3140/5589/1512 3141/5591/1513 3075/5434/1513 3074/5432/1512
f 3075/5434/1513 3141/5591/1513 3137/5582/1514 3071/5425/1514
s 0
f 3159/5641/1515 3093/5484/1515 3097/5496/1515 3163/5653/1515
s 1
f 3110/5528/709 3057/5395/709 3072/5429/709
s 0
f 3093/5485/1516 3159/5642/1516 3145/5600/1516 3079/5443/1516
f 3153/5623/1318 3152/5620/1318 3086/5463/1318 3087/5466/1318
f 3162/5650/1517 3153/5624/1517 3087/5467/1517 3096/5493/1517
f 3160/5644/1518 3161/5647/1518 3095/5490/1518 3094/5487/1518
s 1
f 3047/5374/1205 3113/5531/1205 3143/5596/1519 3077/5439/1519
f 3139/5587/1520 3140/5589/1512 3074/5432/1512 3073/5430/1520
f 3116/5537/1521 3050/5380/1521 3069/5420/1507 3135/5577/1507
f 3064/5409/709 3063/5406/709 3062/5404/709 3049/5378/709
f 3136/5580/1522 3070/5423/1522 3071/5425/1514 3137/5582/1514
f 3134/5575/1523 3068/5418/1523 3050/5380/1521 3116/5537/1521
f 3133/5573/1524 3067/5416/1524 3068/5418/1523 3134/5575/1523
f 3132/5571/1525 3066/5414/1525 3067/5416/1524 3133/5573/1524
f 3131/5569/1526 3065/5412/1526 3066/5414/1525 3132/5571/1525
f 3115/5535/1527 3049/5379/1527 3065/5412/1526 3131/5569/1526
f 3127/5559/1528 3061/5402/1528 3062/5405/1529 3128/5561/1529
s 0
f 3129/5563/1530 3063/5407/1530 3064/5410/1530 3130/5566/1530
s 1
f 3126/5557/1531 3060/5400/1531 3061/5402/1528 3127/5559/1528
f 3125/5555/1532 3059/5398/1532 3060/5400/1531 3126/5557/1531
f 3124/5553/1533 3058/5396/1533 3059/5398/1532 3125/5555/1532
f 3123/5551/1534 3057/5394/1534 3058/5396/1533 3124/5553/1533
f 3120/5545/1510 3054/5388/1510 3057/5394/1534 3123/5551/1534
f 3055/5390/1314 3121/5547/1314 3172/5679/1535 3106/5522/1535
f 3084/5457/709 3101/5509/709 3092/5482/709 3085/5460/709
s 0
f 3103/5513/1536 3169/5670/1536 3158/5638/1536 3092/5481/1536
s 1
f 3109/5527/709 3108/5526/709 3066/5415/709 3065/5413/709
f 3053/5387/709 3052/5385/709 3048/5377/709
f 3110/5528/709 3059/5399/709 3058/5397/709
f 3110/5528/709 3060/5401/709 3059/5399/709
f 3110/5528/709 3109/5527/709 3061/5403/709 3060/5401/709
f 3109/5527/709 3049/5378/709 3062/5404/709 3061/5403/709
f 3109/5527/709 3065/5413/709 3049/5378/709
f 3108/5526/709 3067/5417/709 3066/5415/709
f 3108/5526/709 3050/5381/709 3068/5419/709
f 3047/5375/709 3048/5377/709 3051/5383/709
f 3112/5530/709 3073/5431/709 3074/5433/709 3111/5529/709
f 3072/5427/732 3138/5584/732 3139/5587/1520 3073/5430/1520
f 3130/5567/704 3064/5411/704 3049/5379/1527 3115/5535/1527
f 3111/5529/709 3074/5433/709 3075/5435/709
f 3111/5529/709 3075/5435/709 3071/5426/709
f 3077/5440/709 3076/5436/709 3100/5506/709
f 3052/5385/709 3051/5383/709 3048/5377/709
f 3086/5464/709 3103/5515/709 3096/5495/709 3087/5468/709
f 3050/5381/709 3111/5529/709 3069/5421/709
f 3128/5561/1529 3062/5405/1529 3063/5408/1537 3129/5564/1537
s 0
f 3157/5635/1320 3156/5632/1320 3090/5475/1320 3091/5478/1320
s 1
f 3111/5529/709 3071/5426/709 3070/5424/709 3069/5421/709
f 3104/5518/709 3091/5479/709 3090/5476/709 3105/5521/709
s 0
f 3166/5661/1538 3170/5673/1538 3104/5516/1538 3100/5504/1538
f 3076/5437/1539 3142/5593/1539 3166/5662/1539 3100/5505/1539
s 1
f 3143/5596/1519 3142/5594/830 3076/5438/830 3077/5439/1519
s 0
f 3157/5636/1540 3091/5480/1540 3104/5517/1540 3170/5674/1540
f 3155/5629/1319 3154/5626/1319 3088/5469/1319 3089/5472/1319
f 3098/5498/1541 3164/5655/1541 3155/5630/1541 3089/5473/1541
f 3090/5477/1542 3156/5633/1542 3171/5676/1542 3105/5519/1542
f 3086/5465/1543 3152/5621/1543 3169/5671/1543 3103/5514/1543
f 3154/5627/1544 3165/5658/1544 3099/5501/1544 3088/5470/1544
f 3105/5520/1328 3171/5677/1328 3164/5656/1328 3098/5499/1328
s 1
f 3082/5451/709 3094/5489/709 3102/5512/709 3083/5454/709
s 0
f 3151/5617/1317 3150/5614/1317 3084/5458/1317 3085/5461/1317
f 3150/5615/1545 3167/5664/1545 3101/5507/1545 3084/5459/1545
f 3167/5665/1327 3168/5667/1327 3102/5510/1327 3101/5508/1327
f 3168/5668/1546 3149/5611/1546 3083/5455/1546 3102/5511/1546
f 3099/5502/1547 3165/5659/1547 3162/5651/1547 3096/5494/1547
f 3081/5448/732 3147/5605/732 3146/5603/732 3080/5446/732
f 3149/5612/1316 3148/5608/1316 3082/5452/1316 3083/5456/1316
f 3082/5453/1548 3148/5609/1548 3160/5645/1548 3094/5488/1548
f 3147/5606/1549 3081/5449/1549 3095/5491/1549 3161/5648/1549
s 1
f 3057/5395/709 3054/5389/709 3048/5377/709 3072/5429/709
s 0
f 3146/5603/1550 3163/5653/1550 3097/5496/1550 3080/5446/1550
s 1
f 3099/5503/709 3098/5500/709 3089/5474/709 3088/5471/709
f 3079/5444/1315 3145/5601/1315 3144/5598/1511 3078/5441/1511
f 3106/5522/1535 3172/5679/1535 3122/5549/1551 3056/5392/1551
f 3110/5528/709 3058/5397/709 3057/5395/709
f 3122/5549/1551 3173/5681/1311 3107/5524/1311 3056/5392/1551
f 3048/5376/1552 3114/5533/1552 3138/5585/1553 3072/5428/1553
f 3110/5528/709 3112/5530/709 3108/5526/709 3109/5527/709
f 3093/5486/709 3100/5506/709 3104/5518/709 3097/5497/709
f 3108/5526/709 3112/5530/709 3111/5529/709 3050/5381/709
f 3048/5377/709 3047/5375/709 3100/5506/709
f 3067/5417/709 3108/5526/709 3068/5419/709
f 3047/5375/709 3077/5440/709 3100/5506/709
f 3101/5509/709 3096/5495/709 3103/5515/709 3092/5482/709
f 3095/5492/709 3081/5450/709 3080/5447/709 3097/5497/709
f 3072/5429/709 3073/5431/709 3112/5530/709 3110/5528/709
s 0
f 3092/5483/1554 3158/5639/1554 3151/5618/1554 3085/5462/1554
s 1
f 3056/5393/709 3107/5525/709 3093/5486/709
f 3054/5389/709 3053/5387/709 3048/5377/709
f 3106/5523/709 3056/5393/709 3093/5486/709
f 3055/5391/709 3106/5523/709 3093/5486/709
f 3078/5442/709 3055/5391/709 3093/5486/709
f 3079/5445/709 3078/5442/709 3093/5486/709
f 3097/5497/709 3104/5518/709 3105/5521/709 3095/5492/709
f 3095/5492/709 3105/5521/709 3098/5500/709 3094/5489/709
f 3094/5489/709 3098/5500/709 3099/5503/709 3102/5512/709
f 3102/5512/709 3099/5503/709 3096/5495/709 3101/5509/709
f 3176/5685/751 3138/5586/751 3123/5552/751
f 3130/5568/751 3115/5536/751 3128/5562/751 3129/5565/751
f 3150/5616/751 3151/5619/751 3158/5640/751 3167/5666/751
f 3175/5684/751 3131/5570/751 3132/5572/751 3174/5683/751
f 3119/5544/751 3114/5534/751 3118/5542/751
f 3176/5685/751 3124/5554/751 3125/5556/751
f 3176/5685/751 3125/5556/751 3126/5558/751
f 3176/5685/751 3126/5558/751 3127/5560/751 3175/5684/751
f 3175/5684/751 3127/5560/751 3128/5562/751 3115/5536/751
f 3175/5684/751 3115/5536/751 3131/5570/751
f 3174/5683/751 3132/5572/751 3133/5574/751
f 3174/5683/751 3134/5576/751 3116/5538/751
f 3113/5532/751 3117/5540/751 3114/5534/751
f 3178/5687/751 3177/5686/751 3140/5590/751 3139/5588/751
f 3177/5686/751 3141/5592/751 3140/5590/751
f 3177/5686/751 3137/5583/751 3141/5592/751
f 3143/5597/751 3166/5663/751 3142/5595/751
f 3118/5542/751 3114/5534/751 3117/5540/751
f 3152/5622/751 3153/5625/751 3162/5652/751 3169/5672/751
f 3116/5538/751 3135/5578/751 3177/5686/751
f 3177/5686/751 3135/5578/751 3136/5581/751 3137/5583/751
f 3170/5675/751 3171/5678/751 3156/5634/751 3157/5637/751
f 3148/5610/751 3149/5613/751 3168/5669/751 3160/5646/751
f 3123/5552/751 3138/5586/751 3114/5534/751 3120/5546/751
f 3165/5660/751 3154/5628/751 3155/5631/751 3164/5657/751
f 3176/5685/751 3123/5552/751 3124/5554/751
f 3176/5685/751 3175/5684/751 3174/5683/751 3178/5687/751
f 3159/5643/751 3163/5654/751 3170/5675/751 3166/5663/751
f 3174/5683/751 3116/5538/751 3177/5686/751 3178/5687/751
f 3173/5682/751 3159/5643/751 3166/5663/751
f 3133/5574/751 3134/5576/751 3174/5683/751
f 3113/5532/751 3166/5663/751 3143/5597/751
f 3167/5666/751 3158/5640/751 3169/5672/751 3162/5652/751
f 3161/5649/751 3163/5654/751 3146/5604/751 3147/5607/751
f 3138/5586/751 3176/5685/751 3178/5687/751 3139/5588/751
f 3122/5550/751 3159/5643/751 3173/5682/751
f 3120/5546/751 3114/5534/751 3119/5544/751
f 3172/5680/751 3159/5643/751 3122/5550/751
f 3121/5548/751 3159/5643/751 3172/5680/751
f 3144/5599/751 3159/5643/751 3121/5548/751
f 3145/5602/751 3159/5643/751 3144/5599/751
f 3163/5654/751 3161/5649/751 3171/5678/751 3170/5675/751
f 3161/5649/751 3160/5646/751 3164/5657/751 3171/5678/751
f 3160/5646/751 3168/5669/751 3165/5660/751 3164/5657/751
f 3168/5669/751 3167/5666/751 3162/5652/751 3165/5660/751
f 3173/5681/1311 3114/5533/1552 3048/5376/1552 3107/5524/1311
f 3107/5525/709 3048/5377/709 3100/5506/709
f 3093/5486/709 3107/5525/709 3100/5506/709
f 3173/5682/751 3166/5663/751 3113/5532/751
f 3114/5534/751 3173/5682/751 3113/5532/751
f 3186/5696/732 3185/5695/1555 3196/5711/1555 3189/5702/732
f 3185/5695/1555 3184/5694/1556 3195/5710/1556 3196/5711/1555
f 3184/5694/1556 3183/5693/1473 3194/5709/1473 3195/5710/1556
f 3183/5693/1473 3182/5692/1557 3193/5708/1557 3194/5709/1473
f 3182/5692/1557 3181/5691/1558 3192/5707/1558 3193/5708/1557
f 3181/5691/1558 3180/5690/1466 3190/5703/1466 3192/5707/1558
f 3191/5706/830 3198/5715/830 3201/5723/830
f 3187/5698/709 3188/5699/709 3199/5717/709
f 3203/5726/751 3202/5725/751 3200/5719/751 3201/5722/751
f 3179/5688/709 3197/5712/709 3199/5717/709 3188/5699/709
f 3180/5690/1466 3179/5689/1559 3188/5700/1559 3190/5703/1466
f 3202/5724/1560 3204/5727/732 3188/5701/732 3187/5697/1560
f 3202/5724/1560 3187/5697/1560 3191/5704/1561 3200/5720/1561
f 3204/5728/751 3202/5725/751 3203/5726/751 3205/5729/751
f 3187/5698/709 3199/5717/709 3198/5714/709 3191/5705/709
f 3226/5763/830 3201/5723/830 3198/5715/830 3223/5755/830
f 3200/5721/830 3191/5706/830 3201/5723/830
f 3223/5754/724 3198/5716/724 3199/5718/724 3224/5757/724
f 3186/5696/732 3189/5702/732 3221/5751/1562 3212/5737/1562
f 3212/5737/1562 3221/5751/1562 3220/5750/1563 3211/5736/1563
f 3211/5736/1563 3220/5750/1563 3219/5749/1464 3210/5735/1464
f 3210/5735/1464 3219/5749/1464 3218/5748/1564 3209/5734/1564
f 3209/5734/1564 3218/5748/1564 3217/5747/1565 3208/5733/1565
f 3208/5733/1565 3217/5747/1565 3215/5743/880 3207/5732/880
f 3216/5746/830 3226/5763/830 3223/5755/830
f 3213/5739/751 3224/5758/751 3214/5740/751
f 3228/5766/709 3226/5762/709 3225/5759/709 3227/5765/709
f 3206/5730/751 3214/5740/751 3224/5758/751 3222/5752/751
f 3207/5732/880 3215/5743/880 3214/5741/1566 3206/5731/1566
f 3227/5764/1560 3213/5738/1560 3214/5742/732 3229/5767/732
f 3227/5764/1560 3225/5760/1561 3216/5744/1561 3213/5738/1560
f 3224/5757/724 3199/5718/724 3197/5713/724 3222/5753/724
f 3229/5768/709 3230/5769/709 3228/5766/709 3227/5765/709
f 3213/5739/751 3216/5745/751 3223/5756/751 3224/5758/751
f 3225/5761/830 3226/5763/830 3216/5746/830
f 3235/5776/1471 3236/5777/1471 3238/5780/1481 3237/5779/1481
f 3233/5773/1490 3234/5775/1490 3236/5777/1471 3235/5776/1471
f 3239/5782/709 3240/5783/709 3242/5786/1008 3241/5785/1008
f 3236/5778/830 3234/5774/830 3249/5799/830
f 3241/5785/1008 3242/5786/1008 3244/5789/1469 3243/5788/1469
f 3243/5788/1469 3244/5789/1469 3246/5792/1088 3245/5791/1088
f 3246/5792/1088 3248/5796/724 3247/5794/724 3245/5791/1088
f 3246/5793/830 3244/5790/830 3252/5806/830 3253/5807/830
f 3242/5787/830 3240/5784/830 3250/5801/830 3251/5804/830
f 3248/5798/830 3246/5793/830 3253/5807/830 3254/5810/830
f 3237/5779/1481 3238/5780/1481 3240/5783/709 3239/5782/709
f 3252/5805/1567 3261/5826/1568 3259/5822/1569 3253/5808/1570
f 3260/5824/1571 3251/5803/1572 3250/5802/1573 3255/5813/1574
f 3253/5808/1570 3259/5822/1569 3258/5819/1575 3254/5809/1575
f 3251/5803/1572 3260/5824/1571 3261/5826/1568 3252/5805/1567
f 3257/5817/732 3262/5828/732 3256/5816/732 3249/5800/732
f 3234/5774/830 3232/5771/1576 3257/5818/1576 3249/5799/830
f 3249/5799/830 3250/5801/830 3240/5784/830 3238/5781/830
f 3263/5830/704 3255/5812/704 3256/5815/704 3262/5829/704
f 3231/5770/732 3232/5772/732 3234/5775/1490 3233/5773/1490
f 3249/5799/830 3238/5781/830 3236/5778/830
f 3244/5790/830 3242/5787/830 3251/5804/830 3252/5806/830
f 3256/5816/709 3255/5813/1574 3250/5802/1573 3249/5800/709
f 3263/5831/1577 3264/5832/1577 3260/5825/1577 3255/5814/1577
f 3261/5827/1577 3260/5825/1577 3264/5832/1577 3289/5875/1577
f 3267/5836/1463 3269/5839/1487 3270/5840/1487 3268/5837/1463
f 3265/5833/1494 3267/5836/1463 3268/5837/1463 3266/5835/1494
f 3271/5842/751 3273/5845/1486 3274/5846/1486 3272/5843/751
f 3268/5838/830 3279/5854/830 3266/5834/830
f 3273/5845/1486 3275/5848/811 3276/5849/811 3274/5846/1486
f 3275/5848/811 3277/5851/1496 3278/5852/1496 3276/5849/811
f 3278/5852/1496 3277/5851/1496 3247/5795/724 3248/5797/724
f 3278/5853/830 3283/5862/830 3282/5861/830 3276/5850/830
f 3274/5847/830 3281/5859/830 3280/5856/830 3272/5844/830
f 3248/5798/830 3254/5810/830 3283/5862/830 3278/5853/830
f 3269/5839/1487 3271/5842/751 3272/5843/751 3270/5840/1487
f 3282/5860/1578 3283/5863/1579 3286/5869/1580 3288/5873/1581
f 3287/5871/1582 3284/5865/1583 3280/5857/1584 3281/5858/1585
f 3283/5863/1579 3254/5811/1575 3258/5820/1575 3286/5869/1580
f 3281/5858/1585 3282/5860/1578 3288/5873/1581 3287/5871/1582
f 3257/5817/732 3279/5855/732 3285/5868/732 3262/5828/732
f 3266/5834/830 3279/5854/830 3257/5818/1576 3232/5771/1576
f 3279/5854/830 3270/5841/830 3272/5844/830 3280/5856/830
f 3263/5830/704 3262/5829/704 3285/5867/704 3284/5864/704
f 3231/5770/732 3265/5833/1494 3266/5835/1494 3232/5772/732
f 3279/5854/830 3268/5838/830 3270/5841/830
f 3276/5850/830 3282/5861/830 3281/5859/830 3274/5847/830
f 3285/5868/751 3279/5855/751 3280/5857/1584 3284/5865/1583
f 3263/5831/1577 3284/5866/1577 3287/5872/1577 3264/5832/1577
f 3288/5874/1577 3289/5875/1577 3264/5832/1577 3287/5872/1577
f 3286/5870/1577 3258/5821/1577 3289/5875/1577
f 3259/5823/1577 3261/5827/1577 3289/5875/1577
f 3258/5821/1577 3259/5823/1577 3289/5875/1577
f 3288/5874/1577 3286/5870/1577 3289/5875/1577
f 3292/5882/732 3293/5884/732 3295/5888/1562 3294/5886/1562
f 3294/5886/1562 3295/5888/1562 3297/5892/1563 3296/5890/1563
f 3296/5890/1563 3297/5892/1563 3299/5896/1464 3298/5894/1464
f 3298/5894/1464 3299/5896/1464 3301/5900/1564 3300/5898/1564
f 3300/5898/1564 3301/5900/1564 3303/5904/1565 3302/5902/1565
f 3302/5902/1565 3303/5904/1565 3305/5908/880 3304/5906/880
f 3304/5906/880 3305/5908/880 3307/5912/1586 3306/5910/1586
f 3306/5910/1586 3307/5912/1586 3309/5916/1587 3308/5915/1587
f 3378/6052/830 3327/5955/830 3328/5956/830
f 3317/5932/830 3326/5952/830 3327/5955/830 3318/5935/830
f 3331/5962/1562 3330/5960/732 3311/5920/732 3312/5922/1562
f 3333/5967/1563 3331/5962/1562 3312/5922/1562 3313/5924/1563
f 3334/5969/1464 3333/5967/1563 3313/5924/1563 3314/5926/1464
f 3335/5971/1564 3334/5969/1464 3314/5926/1464 3315/5928/1564
f 3336/5973/1565 3335/5971/1564 3315/5928/1564 3316/5930/1565
f 3337/5975/880 3336/5973/1565 3316/5930/1565 3317/5933/880
f 3319/5936/830 3378/6052/830 3328/5956/830
f 3311/5921/830 3320/5940/830 3321/5942/830 3312/5923/830
f 3312/5923/830 3321/5942/830 3322/5944/830 3313/5925/830
f 3313/5925/830 3322/5944/830 3323/5946/830 3314/5927/830
f 3314/5927/830 3323/5946/830 3324/5948/830 3315/5929/830
f 3315/5929/830 3324/5948/830 3325/5950/830 3316/5931/830
f 3316/5931/830 3325/5950/830 3326/5952/830 3317/5932/830
f 3362/6029/1466 3363/6031/1558 3353/6010/1558 3352/6008/1466
f 3368/6040/1588 3369/6041/1589 3342/5987/1466 3343/5988/1558
f 3370/6042/1590 3368/6040/1588 3343/5988/1558 3344/5990/1557
f 3371/6043/1591 3370/6042/1590 3344/5990/1557 3345/5992/1473
f 3373/6045/1592 3371/6043/1591 3345/5992/1473 3346/5994/1556
f 3375/6048/1593 3373/6045/1592 3346/5994/1556 3347/5996/1555
f 3376/6049/1594 3374/6046/1595 3339/5979/724 3340/5982/1596
f 3372/6044/1597 3375/6048/1593 3347/5996/1555 3338/5977/732
f 3377/6050/1598 3376/6049/1594 3340/5982/1596 3341/5985/1599
f 3342/5986/830 3341/5984/830 3351/6005/830 3352/6007/830
f 3343/5989/830 3342/5986/830 3352/6007/830 3353/6009/830
f 3344/5991/830 3343/5989/830 3353/6009/830 3354/6011/830
f 3345/5993/830 3344/5991/830 3354/6011/830 3355/6013/830
f 3346/5995/830 3345/5993/830 3355/6013/830 3356/6015/830
f 3347/5997/830 3346/5995/830 3356/6015/830 3357/6017/830
f 3340/5983/830 3339/5981/830 3349/6001/830 3350/6003/830
f 3338/5978/830 3347/5997/830 3357/6017/830 3348/5999/830
f 3341/5984/830 3340/5983/830 3350/6003/830 3351/6005/830
f 3360/6024/704 3359/6022/704 3292/5883/704 3294/5887/704
f 3329/5959/1600 3337/5975/880 3317/5933/880 3318/5934/1600
f 3369/6041/1589 3377/6050/1598 3341/5985/1599 3342/5987/1466
f 3323/5947/1601 3322/5945/1602 3377/6050/1598 3369/6041/1589
f 3322/5945/1602 3321/5943/1603 3376/6049/1594 3377/6050/1598
f 3319/5937/1604 3328/5957/1605 3375/6048/1593 3372/6044/1597
f 3321/5943/1603 3320/5939/1606 3374/6046/1595 3376/6049/1594
f 3328/5957/1605 3327/5954/1607 3373/6045/1592 3375/6048/1593
f 3327/5954/1607 3326/5953/1608 3371/6043/1591 3373/6045/1592
f 3326/5953/1608 3325/5951/1609 3370/6042/1590 3371/6043/1591
f 3325/5951/1609 3324/5949/1610 3368/6040/1588 3370/6042/1590
f 3361/6026/704 3360/6024/704 3294/5887/704 3296/5891/704
f 3362/6028/704 3361/6026/704 3296/5891/704 3298/5895/704
f 3363/6030/704 3362/6028/704 3298/5895/704 3300/5899/704
f 3364/6032/704 3363/6030/704 3300/5899/704 3302/5903/704
f 3365/6034/704 3364/6032/704 3302/5903/704 3304/5907/704
f 3366/6036/704 3365/6034/704 3304/5907/704 3306/5911/704
f 3367/6038/704 3366/6036/704 3306/5911/704 3308/5914/704
f 3358/6020/704 3367/6038/704 3308/5914/704 3290/5877/704
f 3308/5915/1587 3309/5916/1587 3291/5879/724 3290/5876/724
f 3295/5889/704 3293/5885/704 3330/5961/704 3331/5963/704
f 3297/5893/704 3295/5889/704 3331/5963/704 3333/5968/704
f 3299/5897/704 3297/5893/704 3333/5968/704 3334/5970/704
f 3301/5901/704 3299/5897/704 3334/5970/704 3335/5972/704
f 3303/5905/704 3301/5901/704 3335/5972/704 3336/5974/704
f 3305/5909/704 3303/5905/704 3336/5974/704 3337/5976/704
f 3307/5913/704 3305/5909/704 3337/5976/704 3329/5958/704
f 3307/5913/704 3329/5958/704 3381/6060/704 3309/5917/704
f 3380/6057/830 3332/5964/830 3310/5918/830 3382/6062/830
f 3329/5959/1600 3318/5934/1600 3378/6051/1611 3381/6059/1611
f 3309/5917/704 3381/6060/704 3379/6056/704
f 3318/5935/830 3327/5955/830 3378/6052/830
f 3380/6058/751 3379/6055/751 3378/6053/751 3332/5965/751
f 3379/6055/751 3381/6061/751 3378/6053/751
f 3310/5919/1612 3332/5966/1613 3378/6054/1613 3319/5938/1612
f 3309/5917/704 3379/6056/704 3383/6063/704 3291/5881/704
f 3324/5949/1610 3323/5947/1601 3369/6041/1589 3368/6040/1588
f 3353/6010/1558 3363/6031/1558 3364/6033/1557 3354/6012/1557
f 3354/6012/1557 3364/6033/1557 3365/6035/1473 3355/6014/1473
f 3355/6014/1473 3365/6035/1473 3366/6037/1556 3356/6016/1556
f 3356/6016/1556 3366/6037/1556 3367/6039/1555 3357/6018/1555
f 3349/6002/724 3359/6023/724 3360/6025/1596 3350/6004/1596
f 3357/6018/1555 3367/6039/1555 3358/6019/732 3348/5998/732
f 3350/6004/1596 3360/6025/1596 3361/6027/1599 3351/6006/1599
f 3351/6006/1599 3361/6027/1599 3362/6029/1466 3352/6008/1466
f 3292/5882/732 3384/6064/1555 3385/6066/1555 3293/5884/732
f 3384/6064/1555 3386/6068/1556 3387/6070/1556 3385/6066/1555
f 3386/6068/1556 3388/6072/1473 3389/6074/1473 3387/6070/1556
f 3388/6072/1473 3390/6076/1557 3391/6078/1557 3389/6074/1473
f 3390/6076/1557 3392/6080/1558 3393/6082/1558 3391/6078/1557
f 3392/6080/1558 3394/6084/1466 3395/6086/1466 3393/6082/1558
f 3394/6084/1466 3396/6088/1599 3397/6090/1599 3395/6086/1466
f 3396/6088/1599 3398/6093/1596 3399/6094/1596 3397/6090/1599
f 3455/6200/830 3414/6124/830 3413/6123/830
f 3405/6106/830 3406/6109/830 3413/6123/830 3412/6120/830
f 3416/6128/1555 3400/6096/1555 3311/5920/732 3330/5960/732
f 3418/6133/1556 3401/6098/1556 3400/6096/1555 3416/6128/1555
f 3419/6135/1473 3402/6100/1473 3401/6098/1556 3418/6133/1556
f 3420/6137/1557 3403/6102/1557 3402/6100/1473 3419/6135/1473
f 3421/6139/1558 3404/6104/1558 3403/6102/1557 3420/6137/1557
f 3422/6141/1466 3405/6107/1466 3404/6104/1558 3421/6139/1558
f 3319/5936/830 3414/6124/830 3455/6200/830
f 3311/5921/830 3400/6097/830 3407/6110/830 3320/5940/830
f 3400/6097/830 3401/6099/830 3408/6112/830 3407/6110/830
f 3401/6099/830 3402/6101/830 3409/6114/830 3408/6112/830
f 3402/6101/830 3403/6103/830 3410/6116/830 3409/6114/830
f 3403/6103/830 3404/6105/830 3411/6118/830 3410/6116/830
f 3404/6105/830 3405/6106/830 3412/6120/830 3411/6118/830
f 3441/6180/880 3433/6164/880 3434/6166/1565 3442/6182/1565
f 3447/6191/1614 3426/6149/1565 3425/6148/880 3448/6192/1615
f 3449/6193/1616 3427/6151/1564 3426/6149/1565 3447/6191/1614
f 3450/6194/1617 3428/6153/1464 3427/6151/1564 3449/6193/1616
f 3451/6195/1618 3429/6155/1563 3428/6153/1464 3450/6194/1617
f 3452/6196/1619 3430/6157/1562 3429/6155/1563 3451/6195/1618
f 3453/6197/1620 3423/6143/1587 3339/5980/724 3374/6047/1595
f 3372/6044/1597 3338/5977/732 3430/6157/1562 3452/6196/1619
f 3454/6198/1621 3424/6146/1586 3423/6143/1587 3453/6197/1620
f 3425/6147/830 3433/6163/830 3432/6161/830 3424/6145/830
f 3426/6150/830 3434/6165/830 3433/6163/830 3425/6147/830
f 3427/6152/830 3435/6167/830 3434/6165/830 3426/6150/830
f 3428/6154/830 3436/6169/830 3435/6167/830 3427/6152/830
f 3429/6156/830 3437/6171/830 3436/6169/830 3428/6154/830
f 3430/6158/830 3438/6173/830 3437/6171/830 3429/6156/830
f 3423/6144/830 3431/6159/830 3349/6001/830 3339/5981/830
f 3338/5978/830 3348/5999/830 3438/6173/830 3430/6158/830
f 3424/6145/830 3432/6161/830 3431/6159/830 3423/6144/830
f 3439/6175/704 3384/6065/704 3292/5883/704 3359/6022/704
f 3415/6127/1622 3406/6108/1622 3405/6107/1466 3422/6141/1466
f 3448/6192/1615 3425/6148/880 3424/6146/1586 3454/6198/1621
f 3409/6115/1623 3448/6192/1615 3454/6198/1621 3408/6113/1624
f 3408/6113/1624 3454/6198/1621 3453/6197/1620 3407/6111/1625
f 3319/5937/1604 3372/6044/1597 3452/6196/1619 3414/6125/1626
f 3407/6111/1625 3453/6197/1620 3374/6047/1595 3320/5941/1606
f 3414/6125/1626 3452/6196/1619 3451/6195/1618 3413/6122/1627
f 3413/6122/1627 3451/6195/1618 3450/6194/1617 3412/6121/1628
f 3412/6121/1628 3450/6194/1617 3449/6193/1616 3411/6119/1629
f 3411/6119/1629 3449/6193/1616 3447/6191/1614 3410/6117/1630
f 3440/6177/704 3386/6069/704 3384/6065/704 3439/6175/704
f 3441/6179/704 3388/6073/704 3386/6069/704 3440/6177/704
f 3442/6181/704 3390/6077/704 3388/6073/704 3441/6179/704
f 3443/6183/704 3392/6081/704 3390/6077/704 3442/6181/704
f 3444/6185/704 3394/6085/704 3392/6081/704 3443/6183/704
f 3445/6187/704 3396/6089/704 3394/6085/704 3444/6185/704
f 3446/6189/704 3398/6092/704 3396/6089/704 3445/6187/704
f 3358/6020/704 3290/5877/704 3398/6092/704 3446/6189/704
f 3398/6093/1596 3290/5878/724 3291/5880/724 3399/6094/1596
f 3385/6067/704 3416/6129/704 3330/5961/704 3293/5885/704
f 3387/6071/704 3418/6134/704 3416/6129/704 3385/6067/704
f 3389/6075/704 3419/6136/704 3418/6134/704 3387/6071/704
f 3391/6079/704 3420/6138/704 3419/6136/704 3389/6075/704
f 3393/6083/704 3421/6140/704 3420/6138/704 3391/6079/704
f 3395/6087/704 3422/6142/704 3421/6140/704 3393/6083/704
f 3397/6091/704 3415/6126/704 3422/6142/704 3395/6087/704
f 3397/6091/704 3399/6095/704 3458/6208/704 3415/6126/704
f 3457/6205/830 3382/6062/830 3310/5918/830 3417/6130/830
f 3415/6127/1622 3458/6207/1631 3455/6199/1631 3406/6108/1622
f 3399/6095/704 3456/6204/704 3458/6208/704
f 3406/6109/830 3455/6200/830 3413/6123/830
f 3457/6206/709 3417/6131/709 3455/6201/709 3456/6203/709
f 3456/6203/709 3455/6201/709 3458/6209/709
f 3310/5919/1612 3319/5938/1612 3455/6202/1632 3417/6132/1632
f 3399/6095/704 3291/5881/704 3383/6063/704 3456/6204/704
f 3410/6117/1630 3447/6191/1614 3448/6192/1615 3409/6115/1623
f 3434/6166/1565 3435/6168/1564 3443/6184/1564 3442/6182/1565
f 3435/6168/1564 3436/6170/1464 3444/6186/1464 3443/6184/1564
f 3436/6170/1464 3437/6172/1563 3445/6188/1563 3444/6186/1464
f 3437/6172/1563 3438/6174/1562 3446/6190/1562 3445/6188/1563
f 3349/6002/724 3431/6160/1587 3439/6176/1587 3359/6023/724
f 3438/6174/1562 3348/6000/732 3358/6021/732 3446/6190/1562
f 3431/6160/1587 3432/6162/1586 3440/6178/1586 3439/6176/1587
f 3432/6162/1586 3433/6164/880 3441/6180/880 3440/6178/1586
f 3577/6453/1471 3584/6460/1495 3518/6337/1495 3514/6327/1471
f 3574/6447/1633 3466/6226/1491 3538/6381/1491
f 3591/6468/1469 3589/6465/1479 3485/6267/1479 3481/6258/1469
f 3590/6466/1480 3580/6456/1481 3507/6313/1481 3503/6305/1480
f 3578/6454/1008 3579/6455/1493 3495/6287/1493 3490/6277/1008
f 3586/6462/1088 3581/6457/1492 3479/6254/1492 3473/6240/1088
f 3587/6463/709 3590/6466/1480 3503/6305/1480 3499/6296/709
f 3588/6464/1490 3583/6459/912 3525/6351/912 3522/6345/1490
f 3579/6455/1493 3587/6463/709 3499/6296/709 3495/6287/1493
f 3582/6458/1484 3577/6453/1471 3514/6327/1471 3512/6323/1484
f 3581/6457/1492 3591/6467/1469 3481/6259/1469 3479/6254/1492
f 3537/6379/724 3538/6381/1491 3466/6226/1491 3461/6215/724
f 3580/6456/1481 3582/6458/1484 3512/6323/1484 3507/6313/1481
f 3583/6459/912 3585/6461/732 3528/6357/732 3525/6351/912
f 3589/6465/1479 3578/6454/1008 3490/6277/1008 3485/6267/1479
f 3583/6459/912 3540/6385/1634 3539/6383/732 3585/6461/732
f 3588/6464/1490 3704/6662/912 3583/6459/912
f 3704/6662/912 3541/6390/1634 3540/6385/1634 3583/6459/912
f 3606/6485/1635 3621/6506/1636 3574/6447/1633 3484/6265/1637
f 3586/6462/1088 3574/6447/1633 3621/6506/1636 3601/6480/1638
f 3541/6388/830 3542/6391/830 3569/6435/830 3478/6251/830
f 3520/6340/1490 3524/6349/912 3545/6395/912 3597/6476/1490
f 3517/6334/1495 3520/6340/1490 3597/6476/1490 3603/6482/1495
f 3513/6325/1471 3517/6334/1495 3603/6482/1495 3605/6484/1471
f 3510/6319/1484 3513/6325/1471 3605/6484/1471 3598/6477/1484
f 3505/6309/1481 3510/6319/1484 3598/6477/1484 3600/6479/1481
f 3501/6300/1480 3505/6309/1481 3600/6479/1481 3544/6394/1480
f 3497/6291/709 3501/6300/1480 3544/6394/1480 3547/6397/709
f 3493/6283/1493 3497/6291/709 3547/6397/709 3594/6473/1493
f 3489/6275/1008 3493/6283/1493 3594/6473/1493 3546/6396/1639
f 3545/6395/912 3524/6349/912 3527/6355/732 3702/6660/732
f 3483/6263/1479 3489/6275/1008 3546/6396/1639 3543/6393/1479
f 3543/6393/1479 3557/6409/1640 3480/6257/1469 3483/6263/1479
f 3487/6271/1641 3477/6249/1642 3469/6231/1642 3500/6298/1643
f 3572/6442/830 3567/6431/830 3535/6376/830
f 3487/6272/704 3521/6342/704 3570/6437/704
f 3592/6470/830 3555/6405/830 3554/6404/830 3531/6367/830
f 3575/6448/830 3576/6452/830 3536/6378/830
f 3531/6367/830 3533/6372/830 3509/6317/830 3486/6269/830
f 3575/6449/1644 3536/6377/1645 3533/6371/1645 3531/6365/1644
f 3535/6375/940 3534/6373/940 3533/6371/1645 3536/6377/1645
s 0
f 3475/6244/709 3540/6386/709 3541/6389/709 3478/6252/709
s 1
f 3631/6519/1646 3707/6665/1647 3629/6515/1648 3628/6513/1649
f 3628/6513/1649 3629/6515/1648 3488/6274/1650 3592/6469/1651
f 3604/6483/1088 3595/6474/724 3462/6217/724 3465/6223/1088
f 3596/6475/1469 3604/6483/1088 3465/6223/1088 3468/6229/1469
f 3562/6419/1652 3475/6245/1652 3478/6253/1652 3569/6436/1652
f 3596/6475/1469 3468/6229/1469 3472/6238/1008 3599/6478/1008
f 3608/6488/1653 3482/6261/1654 3474/6241/1655 3607/6486/1656
f 3553/6403/830 3532/6369/830 3573/6444/830 3492/6281/830
f 3622/6507/1657 3491/6279/704 3494/6285/704 3609/6489/1658
f 3468/6230/830 3465/6224/830 3462/6218/830 3703/6661/830
f 3486/6270/1659 3593/6472/1659 3628/6513/1649 3592/6469/1651
f 3472/6237/830 3468/6230/830 3703/6661/830 3613/6496/830
f 3616/6501/1660 3612/6493/1661 3591/6467/1469 3581/6457/1492
f 3463/6219/1088 3459/6210/724 3595/6474/724 3604/6483/1088
f 3467/6228/1469 3463/6219/1088 3604/6483/1088 3596/6475/1469
f 3467/6227/704 3552/6402/704 3459/6211/704 3463/6220/704
f 3467/6227/704 3470/6233/704 3551/6401/704 3552/6402/704
f 3573/6445/1662 3532/6368/1663 3571/6439/1663 3570/6438/1664
f 3472/6237/830 3613/6496/830 3556/6406/830 3488/6273/830
f 3470/6233/704 3474/6242/704 3550/6400/704 3551/6401/704
f 3474/6242/704 3482/6262/704 3549/6399/704 3550/6400/704
f 3470/6234/1008 3467/6228/1469 3596/6475/1469 3599/6478/1008
f 3628/6514/1649 3593/6471/704 3625/6510/1665
f 3611/6492/1666 3496/6289/704 3498/6293/704 3610/6490/1667
f 3622/6507/1657 3624/6509/1668 3626/6511/1669 3625/6510/1665
f 3624/6509/1668 3623/6508/1670 3627/6512/1671 3626/6511/1669
f 3623/6508/1670 3621/6506/1636 3606/6485/1635 3627/6512/1671
f 3601/6480/1638 3620/6505/1672 3617/6502/1673 3616/6501/1660
f 3620/6505/1672 3619/6504/1674 3618/6503/1675 3617/6502/1673
f 3619/6504/1674 3609/6489/1658 3611/6492/1666 3618/6503/1675
f 3609/6489/1658 3619/6504/1674 3624/6509/1668 3622/6507/1657
f 3619/6504/1674 3620/6505/1672 3623/6508/1670 3624/6509/1668
f 3620/6505/1672 3601/6480/1638 3621/6506/1636 3623/6508/1670
f 3610/6490/1667 3614/6497/1676 3618/6503/1675 3611/6492/1666
f 3614/6497/1676 3615/6499/1677 3617/6502/1673 3618/6503/1675
f 3615/6499/1677 3612/6493/1661 3616/6501/1660 3617/6502/1673
f 3625/6510/1665 3626/6511/1669 3632/6520/1678 3628/6514/1649
f 3626/6511/1669 3627/6512/1671 3633/6521/1679 3632/6520/1678
f 3627/6512/1671 3606/6485/1635 3608/6488/1653 3633/6521/1679
f 3628/6514/1649 3632/6520/1678 3631/6518/1646
f 3632/6520/1678 3633/6521/1679 3630/6516/1680 3631/6518/1646
f 3633/6521/1679 3608/6488/1653 3607/6486/1656 3630/6516/1680
f 3529/6359/732 3534/6373/940 3535/6375/940 3530/6362/732
f 3707/6665/1647 3599/6478/1008 3629/6515/1648
f 3661/6577/1486 3660/6575/1485 3694/6644/1485 3695/6646/1486
f 3696/6648/1482 3662/6579/1482 3661/6577/1486 3695/6646/1486
f 3701/6658/724 3667/6589/724 3666/6587/1497 3700/6656/1497
f 3660/6575/1485 3659/6573/751 3693/6642/751 3694/6644/1485
f 3697/6650/811 3663/6582/811 3662/6579/1482 3696/6648/1482
f 3666/6587/1497 3665/6585/1496 3699/6654/1496 3700/6656/1497
f 3687/6630/1494 3653/6561/1494 3652/6559/821 3686/6628/821
f 3688/6632/1483 3654/6563/1483 3653/6561/1494 3687/6630/1494
f 3659/6573/751 3658/6572/1488 3692/6640/1488 3693/6642/751
f 3691/6638/1487 3657/6570/1487 3656/6568/1489 3690/6636/1489
f 3665/6585/1496 3664/6584/1498 3698/6652/1498 3699/6654/1496
f 3689/6634/1463 3655/6566/1463 3654/6563/1483 3688/6632/1483
f 3652/6559/821 3651/6556/732 3685/6625/732 3686/6628/821
f 3514/6328/704 3518/6336/704 3647/6548/704 3646/6546/704
f 3485/6268/704 3490/6278/704 3640/6534/704 3639/6532/704
f 3512/6324/704 3514/6328/704 3646/6546/704 3645/6544/704
f 3481/6260/704 3485/6268/704 3639/6532/704 3638/6530/704
f 3640/6534/704 3490/6278/704 3495/6288/704 3641/6536/704
f 3525/6352/704 3528/6358/704 3650/6554/704 3649/6553/704
f 3479/6255/704 3481/6260/704 3638/6530/704 3637/6528/704
f 3495/6288/704 3499/6297/704 3642/6538/704 3641/6536/704
f 3499/6297/704 3503/6306/704 3643/6540/704 3642/6538/704
f 3503/6306/704 3507/6314/704 3644/6542/704 3643/6540/704
f 3507/6314/704 3512/6324/704 3645/6544/704 3644/6542/704
f 3466/6225/704 3473/6239/704 3636/6526/704 3635/6524/704
f 3461/6216/704 3466/6225/704 3635/6524/704 3634/6522/704
f 3473/6239/704 3479/6255/704 3637/6528/704 3636/6526/704
f 3647/6548/704 3518/6336/704 3522/6344/704 3648/6551/704
f 3483/6264/830 3480/6256/830 3655/6565/830 3656/6567/830
f 3527/6356/830 3524/6350/830 3666/6588/830 3667/6590/830
f 3497/6292/830 3493/6284/830 3658/6571/830 3659/6574/830
f 3493/6284/830 3489/6276/830 3657/6569/830 3658/6571/830
f 3501/6301/830 3497/6292/830 3659/6574/830 3660/6576/830
f 3489/6276/830 3483/6264/830 3656/6567/830 3657/6569/830
f 3505/6310/830 3501/6301/830 3660/6576/830 3661/6578/830
f 3513/6326/830 3510/6320/830 3662/6580/830 3663/6581/830
f 3520/6341/830 3517/6335/830 3664/6583/830 3665/6586/830
f 3464/6221/830 3460/6213/830 3651/6558/830 3652/6560/830
f 3510/6320/830 3505/6310/830 3661/6578/830 3662/6580/830
f 3517/6335/830 3513/6326/830 3663/6581/830 3664/6583/830
f 3471/6235/830 3464/6221/830 3652/6560/830 3653/6562/830
f 3476/6247/830 3471/6235/830 3653/6562/830 3654/6564/830
f 3480/6256/830 3476/6247/830 3654/6564/830 3655/6565/830
f 3642/6539/751 3643/6541/1485 3677/6609/1485 3676/6607/751
f 3643/6541/1485 3644/6543/1486 3678/6611/1486 3677/6609/1485
f 3648/6550/1496 3649/6552/1497 3683/6621/1497 3682/6619/1496
f 3645/6545/1482 3646/6547/811 3680/6615/811 3679/6613/1482
f 3634/6523/732 3635/6525/821 3669/6593/821 3668/6591/732
f 3647/6549/1498 3648/6550/1496 3682/6619/1496 3681/6617/1498
f 3641/6537/1488 3642/6539/751 3676/6607/751 3675/6605/1488
f 3638/6531/1463 3639/6533/1489 3673/6602/1489 3672/6599/1463
f 3646/6547/811 3647/6549/1498 3681/6617/1498 3680/6615/811
f 3640/6535/1487 3641/6537/1488 3675/6605/1488 3674/6604/1487
f 3649/6552/1497 3650/6555/724 3684/6623/724 3683/6621/1497
f 3635/6525/821 3636/6527/1494 3670/6595/1494 3669/6593/821
f 3637/6529/1483 3638/6531/1463 3672/6599/1463 3671/6597/1483
f 3636/6527/1494 3637/6529/1483 3671/6597/1483 3670/6595/1494
f 3644/6543/1486 3645/6545/1482 3679/6613/1482 3678/6611/1486
f 3656/6568/1489 3655/6566/1463 3689/6634/1463 3690/6636/1489
f 3697/6650/811 3698/6652/1498 3664/6584/1498 3663/6582/811
f 3691/6638/1487 3692/6640/1488 3658/6572/1488 3657/6570/1487
f 3683/6622/830 3684/6624/830 3701/6659/830 3700/6657/830
f 3682/6620/830 3683/6622/830 3700/6657/830 3699/6655/830
f 3681/6618/830 3682/6620/830 3699/6655/830 3698/6653/830
f 3680/6616/830 3681/6618/830 3698/6653/830 3697/6651/830
f 3679/6614/830 3680/6616/830 3697/6651/830 3696/6649/830
f 3678/6612/830 3679/6614/830 3696/6649/830 3695/6647/830
f 3677/6610/830 3678/6612/830 3695/6647/830 3694/6645/830
f 3676/6608/830 3677/6610/830 3694/6645/830 3693/6643/830
f 3675/6606/830 3676/6608/830 3693/6643/830 3692/6641/830
f 3674/6603/830 3675/6606/830 3692/6641/830 3691/6639/830
f 3673/6601/830 3674/6603/830 3691/6639/830 3690/6637/830
f 3672/6600/830 3673/6601/830 3690/6637/830 3689/6635/830
f 3671/6598/830 3672/6600/830 3689/6635/830 3688/6633/830
f 3670/6596/830 3671/6598/830 3688/6633/830 3687/6631/830
f 3669/6594/830 3670/6596/830 3687/6631/830 3686/6629/830
f 3516/6332/1681 3519/6338/1682 3506/6311/1683 3504/6307/1684
f 3488/6273/830 3556/6406/830 3555/6405/830 3592/6470/830
f 3531/6367/830 3554/6404/830 3553/6403/830 3492/6281/830
f 3559/6412/1088 3560/6414/1491 3464/6222/1491 3471/6236/1088
f 3476/6248/1492 3558/6410/1492 3559/6412/1088 3471/6236/1088
f 3480/6257/1469 3557/6409/1640 3558/6410/1492 3476/6248/1492
f 3464/6222/1491 3560/6414/1491 3561/6416/724 3460/6212/724
f 3524/6350/830 3520/6341/830 3665/6586/830 3666/6588/830
f 3545/6395/912 3702/6660/732 3705/6663/732 3704/6662/912
f 3570/6437/704 3521/6342/704 3519/6339/704 3568/6433/704
f 3560/6415/830 3500/6299/830 3469/6232/830 3561/6418/830
f 3504/6308/830 3506/6312/830 3559/6413/830 3558/6411/830
f 3565/6428/830 3523/6348/830 3526/6353/830 3567/6431/830
f 3602/6481/1479 3543/6393/1479 3546/6396/1639
f 3564/6424/1685 3565/6427/1492 3566/6430/1492 3563/6423/1685
f 3516/6332/1681 3504/6307/1684 3502/6302/1686 3515/6329/1686
f 3521/6343/1687 3508/6315/1688 3506/6311/1683 3519/6338/1682
f 3500/6298/1643 3508/6315/1688 3521/6343/1687 3487/6271/1641
f 3519/6339/704 3516/6333/704 3566/6429/704 3568/6433/704
f 3566/6429/704 3516/6333/704 3515/6330/704 3563/6421/704
s 0
f 3515/6331/1689 3502/6303/1689 3557/6407/1690 3563/6422/1689
s 1
f 3502/6304/830 3504/6308/830 3558/6411/830 3557/6408/1691
f 3570/6437/704 3571/6441/704 3477/6250/704 3487/6272/704
f 3508/6316/830 3500/6299/830 3560/6415/830 3559/6413/830
f 3506/6312/830 3508/6316/830 3559/6413/830
f 3522/6344/704 3525/6352/704 3649/6553/704 3648/6551/704
f 3639/6533/1489 3640/6535/1487 3674/6604/1487 3673/6602/1489
f 3668/6592/830 3669/6594/830 3686/6629/830 3685/6627/830
f 3562/6420/704 3539/6384/704 3540/6387/704 3475/6246/704
f 3608/6488/1653 3606/6485/1635 3484/6265/1637 3482/6261/1654
f 3601/6480/1638 3616/6501/1660 3581/6457/1492 3586/6462/1088
f 3597/6476/1490 3545/6395/912 3704/6662/912 3588/6464/1490
f 3603/6482/1495 3597/6476/1490 3588/6464/1490 3584/6460/1495
f 3605/6484/1471 3603/6482/1495 3584/6460/1495 3577/6453/1471
f 3598/6477/1484 3605/6484/1471 3577/6453/1471 3582/6458/1484
f 3600/6479/1481 3598/6477/1484 3582/6458/1484 3580/6456/1481
f 3544/6394/1480 3600/6479/1481 3580/6456/1481 3590/6466/1480
f 3547/6397/709 3544/6394/1480 3590/6466/1480 3587/6463/709
f 3594/6473/1493 3547/6397/709 3587/6463/709 3579/6455/1493
f 3546/6396/1639 3594/6473/1493 3579/6455/1493 3578/6454/1008
f 3602/6481/1479 3589/6465/1479 3591/6468/1469 3612/6495/1661
f 3705/6663/732 3542/6392/732 3541/6390/1634 3704/6662/912
f 3576/6451/1692 3575/6450/1693 3531/6366/1693 3492/6282/1692
f 3511/6322/1694 3529/6360/1695 3530/6364/1696 3494/6286/1697
f 3568/6434/1088 3567/6432/1088 3573/6445/1662 3570/6438/1664
f 3572/6443/1698 3576/6451/1692 3492/6282/1692 3573/6445/1662
f 3564/6424/1685 3563/6423/1685 3543/6393/1479 3602/6481/1479
f 3536/6378/830 3576/6452/830 3572/6442/830 3535/6376/830
f 3622/6507/1657 3625/6510/1665 3593/6471/704 3491/6279/704
f 3535/6376/830 3567/6431/830 3526/6353/830 3530/6363/830
f 3615/6500/1699 3614/6498/1699 3564/6425/1700
f 3629/6515/1648 3599/6478/1008 3472/6238/1008 3488/6274/1650
f 3494/6286/1697 3530/6364/1696 3526/6354/1701 3496/6290/1702
f 3612/6494/1699 3615/6500/1699 3564/6425/1700
f 3494/6285/704 3496/6289/704 3611/6492/1666 3609/6489/1658
f 3533/6372/830 3534/6374/830 3511/6321/830 3509/6317/830
f 3486/6269/830 3592/6470/830 3531/6367/830
f 3534/6374/830 3529/6361/830 3511/6321/830
f 3610/6491/1703 3498/6294/1704 3523/6346/1704 3564/6425/1700
f 3526/6354/1701 3523/6347/1705 3498/6295/1705 3496/6290/1702
f 3607/6487/1656 3599/6478/1008 3706/6664/1706
f 3607/6487/1656 3706/6664/1706 3630/6517/1680
f 3706/6664/1706 3599/6478/1008 3707/6665/1647
f 3630/6517/1680 3706/6664/1706 3707/6665/1647 3631/6519/1646
f 3564/6424/1685 3602/6481/1479 3612/6495/1661
f 3614/6498/1699 3610/6491/1703 3564/6425/1700
f 3602/6481/1479 3546/6396/1639 3578/6454/1008 3589/6465/1479
f 3484/6266/704 3538/6382/704 3537/6380/704 3548/6398/704
f 3584/6460/1495 3588/6464/1490 3522/6345/1490 3518/6337/1495
f 3563/6423/1685 3557/6409/1640 3543/6393/1479
f 3486/6270/1659 3509/6318/1707 3491/6280/1708 3593/6472/1659
f 3509/6318/1707 3511/6322/1694 3494/6286/1697 3491/6280/1708
f 3572/6443/1698 3573/6445/1662 3567/6432/1088
f 3567/6432/1088 3568/6434/1088 3566/6430/1492 3565/6427/1492
f 3574/6446/704 3538/6382/704 3484/6266/704
f 3586/6462/1088 3473/6240/1088 3466/6226/1491 3574/6447/1633
f 3482/6262/704 3484/6266/704 3548/6398/704 3549/6399/704
f 3474/6243/1655 3470/6234/1008 3599/6478/1008 3607/6487/1656
f 3801/6864/1463 3757/6770/1463 3761/6780/1483 3808/6871/1483
f 3798/6858/1709 3777/6815/1497 3711/6673/1497
f 3814/6878/811 3724/6701/811 3728/6710/1482 3812/6875/1482
f 3813/6876/1488 3746/6748/1488 3750/6756/1487 3804/6867/1487
f 3802/6865/1486 3733/6720/1486 3738/6730/1485 3803/6866/1485
f 3809/6872/1496 3717/6685/1496 3722/6697/1498 3805/6868/1498
f 3810/6873/751 3742/6739/751 3746/6748/1488 3813/6876/1488
f 3811/6874/1494 3765/6788/1494 3768/6794/821 3807/6870/821
f 3803/6866/1485 3738/6730/1485 3742/6739/751 3810/6873/751
f 3806/6869/1489 3755/6766/1489 3757/6770/1463 3801/6864/1463
f 3805/6868/1498 3722/6697/1498 3724/6702/811 3814/6877/811
f 3537/6379/724 3461/6215/724 3711/6673/1497 3777/6815/1497
f 3804/6867/1487 3750/6756/1487 3755/6766/1489 3806/6869/1489
f 3807/6870/821 3768/6794/821 3528/6357/732 3585/6461/732
f 3812/6875/1482 3728/6710/1482 3733/6720/1486 3802/6865/1486
f 3807/6870/821 3585/6461/732 3539/6383/732 3778/6817/1710
f 3811/6874/1494 3807/6870/821 3915/7052/821
f 3915/7052/821 3807/6870/821 3778/6817/1710 3779/6822/1710
f 3828/6894/1711 3727/6708/1712 3798/6858/1709 3842/6914/1713
f 3809/6872/1496 3823/6889/1714 3842/6914/1713 3798/6858/1709
f 3779/6820/830 3721/6694/830 3569/6435/830 3542/6391/830
f 3763/6783/1494 3819/6885/1494 3782/6825/821 3767/6792/821
f 3760/6777/1483 3825/6891/1483 3819/6885/1494 3763/6783/1494
f 3756/6768/1463 3827/6893/1463 3825/6891/1483 3760/6777/1483
f 3753/6762/1489 3821/6887/1489 3827/6893/1463 3756/6768/1463
f 3748/6752/1487 3784/6827/1487 3821/6887/1489 3753/6762/1489
f 3744/6743/1488 3820/6886/1488 3784/6827/1487 3748/6752/1487
f 3740/6734/751 3783/6826/751 3820/6886/1488 3744/6743/1488
f 3736/6726/1485 3781/6824/1485 3783/6826/751 3740/6734/751
f 3732/6718/1486 3818/6884/1715 3781/6824/1485 3736/6726/1485
f 3782/6825/821 3702/6660/732 3527/6355/732 3767/6792/821
f 3726/6706/1482 3780/6823/1482 3818/6884/1715 3732/6718/1486
f 3780/6823/1482 3726/6706/1482 3723/6700/811 3785/6830/1716
f 3730/6714/1717 3743/6741/1718 3469/6231/1642 3477/6249/1642
f 3796/6853/830 3775/6812/830 3793/6847/830
f 3730/6715/704 3795/6851/704 3764/6785/704
f 3815/6880/830 3772/6806/830 3554/6404/830 3555/6405/830
f 3799/6859/830 3776/6814/830 3800/6863/830
f 3772/6806/830 3729/6712/830 3752/6760/830 3773/6808/830
f 3799/6860/1719 3772/6804/1719 3773/6807/1720 3776/6813/1720
f 3775/6811/878 3776/6813/1720 3773/6807/1720 3774/6809/878
s 0
f 3719/6689/751 3721/6695/751 3779/6821/751 3778/6818/751
s 1
f 3852/6927/1721 3849/6921/1722 3850/6923/1723 3917/7054/1724
f 3849/6921/1722 3815/6879/1725 3731/6717/1726 3850/6923/1723
f 3826/6892/1496 3710/6670/1496 3462/6217/724 3595/6474/724
f 3817/6883/811 3713/6676/811 3710/6670/1496 3826/6892/1496
f 3562/6419/1652 3569/6436/1652 3721/6696/1652 3719/6690/1652
f 3817/6883/811 3822/6888/1486 3716/6683/1486 3713/6676/811
f 3830/6897/1727 3829/6895/1728 3718/6686/1729 3725/6704/1730
f 3553/6403/830 3735/6724/830 3797/6855/830 3532/6369/830
f 3843/6915/1731 3831/6898/1732 3737/6728/704 3734/6722/704
f 3713/6677/830 3703/6661/830 3462/6218/830 3710/6671/830
f 3729/6713/1733 3815/6879/1725 3849/6921/1722 3816/6882/1733
f 3716/6682/830 3613/6496/830 3703/6661/830 3713/6677/830
f 3837/6909/1734 3805/6868/1498 3814/6877/811 3834/6902/1735
f 3708/6666/1496 3826/6892/1496 3595/6474/724 3459/6210/724
f 3712/6675/811 3817/6883/811 3826/6892/1496 3708/6666/1496
f 3712/6674/704 3708/6667/704 3459/6211/704 3552/6402/704
f 3712/6674/704 3552/6402/704 3551/6401/704 3714/6678/704
f 3797/6856/1736 3795/6852/1737 3571/6440/1663 3532/6370/1663
f 3716/6682/830 3731/6716/830 3556/6406/830 3613/6496/830
f 3714/6678/704 3551/6401/704 3550/6400/704 3718/6687/704
f 3718/6687/704 3550/6400/704 3549/6399/704 3725/6705/704
f 3714/6679/1486 3822/6888/1486 3817/6883/811 3712/6675/811
f 3849/6922/1722 3846/6918/1738 3816/6881/704
f 3833/6901/1739 3832/6899/1740 3741/6736/704 3739/6732/704
f 3843/6915/1731 3846/6918/1738 3847/6919/1741 3845/6917/1742
f 3845/6917/1742 3847/6919/1741 3848/6920/1743 3844/6916/1744
f 3844/6916/1744 3848/6920/1743 3828/6894/1711 3842/6914/1713
f 3823/6889/1714 3837/6909/1734 3838/6910/1745 3841/6913/1746
f 3841/6913/1746 3838/6910/1745 3839/6911/1747 3840/6912/1748
f 3840/6912/1748 3839/6911/1747 3833/6901/1739 3831/6898/1732
f 3831/6898/1732 3843/6915/1731 3845/6917/1742 3840/6912/1748
f 3840/6912/1748 3845/6917/1742 3844/6916/1744 3841/6913/1746
f 3841/6913/1746 3844/6916/1744 3842/6914/1713 3823/6889/1714
f 3832/6899/1740 3833/6901/1739 3839/6911/1747 3835/6905/1749
f 3835/6905/1749 3839/6911/1747 3838/6910/1745 3836/6907/1750
f 3836/6907/1750 3838/6910/1745 3837/6909/1734 3834/6902/1735
f 3846/6918/1738 3849/6922/1722 3853/6928/1751 3847/6919/1741
f 3847/6919/1741 3853/6928/1751 3854/6929/1752 3848/6920/1743
f 3848/6920/1743 3854/6929/1752 3830/6897/1727 3828/6894/1711
f 3849/6922/1722 3852/6926/1721 3853/6928/1751
f 3853/6928/1751 3852/6926/1721 3851/6924/1753 3854/6929/1752
f 3854/6929/1752 3851/6924/1753 3829/6895/1728 3830/6897/1727
f 3770/6798/732 3771/6801/732 3775/6811/878 3774/6809/878
f 3917/7054/1724 3850/6923/1723 3822/6888/1486
f 3879/6979/1008 3909/7040/1008 3908/7038/1493 3878/6977/1493
f 3909/7040/1008 3879/6979/1008 3880/6981/1479 3910/7042/1479
f 3884/6989/1491 3667/6589/724 3701/6658/724 3914/7050/1491
f 3877/6975/709 3878/6977/1493 3908/7038/1493 3907/7036/709
f 3910/7042/1479 3880/6981/1479 3881/6984/1469 3911/7044/1469
f 3883/6987/1088 3884/6989/1491 3914/7050/1491 3913/7048/1088
f 3870/6961/912 3871/6963/1490 3901/7024/1490 3900/7022/912
f 3901/7024/1490 3871/6963/1490 3872/6965/1495 3902/7026/1495
f 3876/6974/1480 3877/6975/709 3907/7036/709 3906/7034/1480
f 3874/6970/1484 3875/6972/1481 3905/7032/1481 3904/7030/1484
f 3882/6986/1492 3883/6987/1088 3913/7048/1088 3912/7046/1492
f 3902/7026/1495 3872/6965/1495 3873/6968/1471 3903/7028/1471
f 3651/6557/732 3870/6961/912 3900/7022/912 3685/6626/732
f 3757/6771/704 3866/6953/704 3867/6955/704 3761/6779/704
f 3728/6711/704 3859/6938/704 3860/6940/704 3733/6721/704
f 3755/6767/704 3865/6951/704 3866/6953/704 3757/6771/704
f 3724/6703/704 3858/6936/704 3859/6938/704 3728/6711/704
f 3860/6940/704 3861/6942/704 3738/6731/704 3733/6721/704
f 3768/6795/704 3869/6960/704 3650/6554/704 3528/6358/704
f 3722/6698/704 3857/6934/704 3858/6936/704 3724/6703/704
f 3738/6731/704 3861/6942/704 3862/6945/704 3742/6740/704
f 3742/6740/704 3862/6945/704 3863/6947/704 3746/6749/704
f 3746/6749/704 3863/6947/704 3864/6949/704 3750/6757/704
f 3750/6757/704 3864/6949/704 3865/6951/704 3755/6767/704
f 3711/6672/704 3855/6930/704 3856/6932/704 3717/6684/704
f 3461/6216/704 3634/6522/704 3855/6930/704 3711/6672/704
f 3717/6684/704 3856/6932/704 3857/6934/704 3722/6698/704
f 3867/6955/704 3868/6958/704 3765/6787/704 3761/6779/704
f 3726/6707/830 3874/6969/830 3873/6967/830 3723/6699/830
f 3527/6356/830 3667/6590/830 3884/6990/830 3767/6793/830
f 3740/6735/830 3877/6976/830 3876/6973/830 3736/6727/830
f 3736/6727/830 3876/6973/830 3875/6971/830 3732/6719/830
f 3744/6744/830 3878/6978/830 3877/6976/830 3740/6735/830
f 3732/6719/830 3875/6971/830 3874/6969/830 3726/6707/830
f 3748/6753/830 3879/6980/830 3878/6978/830 3744/6744/830
f 3756/6769/830 3881/6983/830 3880/6982/830 3753/6763/830
f 3763/6784/830 3883/6988/830 3882/6985/830 3760/6778/830
f 3709/6668/830 3870/6962/830 3651/6558/830 3460/6213/830
f 3753/6763/830 3880/6982/830 3879/6980/830 3748/6753/830
f 3760/6778/830 3882/6985/830 3881/6983/830 3756/6769/830
f 3715/6680/830 3871/6964/830 3870/6962/830 3709/6668/830
f 3720/6692/830 3872/6966/830 3871/6964/830 3715/6680/830
f 3723/6699/830 3873/6967/830 3872/6966/830 3720/6692/830
f 3863/6948/1493 3862/6946/709 3892/7006/709 3893/7008/1493
f 3864/6950/1008 3863/6948/1493 3893/7008/1493 3894/7010/1008
f 3869/6959/1491 3868/6957/1088 3898/7018/1088 3899/7020/1491
f 3866/6954/1469 3865/6952/1479 3895/7012/1479 3896/7014/1469
f 3855/6931/912 3634/6523/732 3668/6591/732 3885/6991/912
f 3868/6957/1088 3867/6956/1492 3897/7016/1492 3898/7018/1088
f 3862/6946/709 3861/6943/1480 3891/7003/1480 3892/7006/709
f 3859/6939/1484 3858/6937/1471 3888/6997/1471 3889/7000/1484
f 3867/6956/1492 3866/6954/1469 3896/7014/1469 3897/7016/1492
f 3861/6944/1480 3860/6941/1481 3890/7002/1481 3891/7004/1480
f 3650/6555/724 3869/6959/1491 3899/7020/1491 3684/6623/724
f 3856/6933/1490 3855/6931/912 3885/6991/912 3886/6993/1490
f 3858/6937/1471 3857/6935/1495 3887/6995/1495 3888/6997/1471
f 3857/6935/1495 3856/6933/1490 3886/6993/1490 3887/6995/1495
f 3865/6952/1479 3864/6950/1008 3894/7010/1008 3895/7012/1479
f 3903/7028/1471 3873/6968/1471 3874/6970/1484 3904/7030/1484
f 3882/6986/1492 3912/7046/1492 3911/7044/1469 3881/6984/1469
f 3876/6974/1480 3906/7034/1480 3905/7032/1481 3875/6972/1481
f 3684/6624/830 3899/7021/830 3914/7051/830 3701/6659/830
f 3899/7021/830 3898/7019/830 3913/7049/830 3914/7051/830
f 3898/7019/830 3897/7017/830 3912/7047/830 3913/7049/830
f 3897/7017/830 3896/7015/830 3911/7045/830 3912/7047/830
f 3896/7015/830 3895/7013/830 3910/7043/830 3911/7045/830
f 3895/7013/830 3894/7011/830 3909/7041/830 3910/7043/830
f 3894/7011/830 3893/7009/830 3908/7039/830 3909/7041/830
f 3893/7009/830 3892/7007/830 3907/7037/830 3908/7039/830
f 3892/7007/830 3891/7005/830 3906/7035/830 3907/7037/830
f 3891/7005/830 3890/7001/830 3905/7033/830 3906/7035/830
f 3890/7001/830 3889/6999/830 3904/7031/830 3905/7033/830
f 3889/6999/830 3888/6998/830 3903/7029/830 3904/7031/830
f 3888/6998/830 3887/6996/830 3902/7027/830 3903/7029/830
f 3887/6996/830 3886/6994/830 3901/7025/830 3902/7027/830
f 3886/6994/830 3885/6992/830 3900/7023/830 3901/7025/830
f 3759/6775/1754 3747/6750/1755 3749/6754/1756 3762/6781/1757
f 3731/6716/830 3815/6880/830 3555/6405/830 3556/6406/830
f 3772/6806/830 3735/6724/830 3553/6403/830 3554/6404/830
f 3787/6833/1496 3715/6681/1496 3709/6669/1497 3788/6835/1497
f 3720/6693/1498 3715/6681/1496 3787/6833/1496 3786/6831/1498
f 3723/6700/811 3720/6693/1498 3786/6831/1498 3785/6830/1716
f 3709/6669/1497 3460/6214/724 3561/6417/724 3788/6835/1497
f 3767/6793/830 3884/6990/830 3883/6988/830 3763/6784/830
f 3782/6825/821 3915/7052/821 3705/6663/732 3702/6660/732
f 3795/6851/704 3794/6849/704 3762/6782/704 3764/6785/704
f 3788/6836/830 3561/6418/830 3469/6232/830 3743/6742/830
f 3747/6751/830 3786/6832/830 3787/6834/830 3749/6755/830
f 3791/6844/830 3793/6847/830 3769/6796/830 3766/6791/830
f 3824/6890/1482 3818/6884/1715 3780/6823/1482
f 3790/6840/1716 3789/6839/1758 3792/6846/1498 3791/6843/1498
f 3759/6775/1754 3758/6772/1759 3745/6745/1759 3747/6750/1755
f 3764/6786/1760 3762/6781/1757 3749/6754/1756 3751/6758/1761
f 3743/6741/1718 3730/6714/1717 3764/6786/1760 3751/6758/1761
f 3762/6782/704 3794/6849/704 3792/6845/704 3759/6776/704
f 3792/6845/704 3789/6837/1762 3758/6773/704 3759/6776/704
s 0
f 3758/6774/1763 3789/6838/1764 3785/6828/1763 3745/6746/1763
s 1
f 3745/6747/830 3785/6829/830 3786/6832/830 3747/6751/830
f 3795/6851/704 3730/6715/704 3477/6250/704 3571/6441/704
f 3751/6759/830 3787/6834/830 3788/6836/830 3743/6742/830
f 3749/6755/830 3787/6834/830 3751/6759/830
f 3765/6787/704 3868/6958/704 3869/6960/704 3768/6795/704
f 3860/6941/1481 3859/6939/1484 3889/7000/1484 3890/7002/1481
f 3885/6992/830 3668/6592/830 3685/6627/830 3900/7023/830
f 3562/6420/704 3719/6691/704 3778/6819/704 3539/6384/704
f 3830/6897/1727 3725/6704/1730 3727/6708/1712 3828/6894/1711
f 3823/6889/1714 3809/6872/1496 3805/6868/1498 3837/6909/1734
f 3819/6885/1494 3811/6874/1494 3915/7052/821 3782/6825/821
f 3825/6891/1483 3808/6871/1483 3811/6874/1494 3819/6885/1494
f 3827/6893/1463 3801/6864/1463 3808/6871/1483 3825/6891/1483
f 3821/6887/1489 3806/6869/1489 3801/6864/1463 3827/6893/1463
f 3784/6827/1487 3804/6867/1487 3806/6869/1489 3821/6887/1489
f 3820/6886/1488 3813/6876/1488 3804/6867/1487 3784/6827/1487
f 3783/6826/751 3810/6873/751 3813/6876/1488 3820/6886/1488
f 3781/6824/1485 3803/6866/1485 3810/6873/751 3783/6826/751
f 3818/6884/1715 3802/6865/1486 3803/6866/1485 3781/6824/1485
f 3824/6890/1482 3834/6904/1735 3814/6878/811 3812/6875/1482
f 3705/6663/732 3915/7052/821 3779/6822/1710 3542/6392/732
f 3800/6862/1765 3735/6725/1765 3772/6805/1766 3799/6861/1766
f 3754/6765/1767 3737/6729/1768 3771/6803/1769 3770/6799/1770
f 3794/6850/1496 3795/6852/1737 3797/6856/1736 3793/6848/1496
f 3796/6854/1771 3797/6856/1736 3735/6725/1765 3800/6862/1765
f 3790/6840/1716 3824/6890/1482 3780/6823/1482 3789/6839/1758
f 3776/6814/830 3775/6812/830 3796/6853/830 3800/6863/830
f 3843/6915/1731 3734/6722/704 3816/6881/704 3846/6918/1738
f 3775/6812/830 3771/6802/830 3769/6796/830 3793/6847/830
f 3836/6908/1772 3790/6841/1773 3835/6906/1772
f 3850/6923/1723 3731/6717/1726 3716/6683/1486 3822/6888/1486
f 3737/6729/1768 3739/6733/1774 3769/6797/1775 3771/6803/1769
f 3834/6903/1772 3790/6841/1773 3836/6908/1772
f 3737/6728/704 3831/6898/1732 3833/6901/1739 3739/6732/704
f 3773/6808/830 3752/6760/830 3754/6764/830 3774/6810/830
f 3729/6712/830 3772/6806/830 3815/6880/830
f 3774/6810/830 3754/6764/830 3770/6800/830
f 3832/6900/1776 3790/6841/1773 3766/6789/1777 3741/6737/1777
f 3769/6797/1775 3739/6733/1774 3741/6738/1778 3766/6790/1778
f 3829/6896/1728 3916/7053/1779 3822/6888/1486
f 3829/6896/1728 3851/6925/1753 3916/7053/1779
f 3916/7053/1779 3917/7054/1724 3822/6888/1486
f 3851/6925/1753 3852/6927/1721 3917/7054/1724 3916/7053/1779
f 3790/6840/1716 3834/6904/1735 3824/6890/1482
f 3835/6906/1772 3790/6841/1773 3832/6900/1776
f 3824/6890/1482 3812/6875/1482 3802/6865/1486 3818/6884/1715
f 3727/6709/704 3548/6398/704 3537/6380/704 3777/6816/704
f 3808/6871/1483 3761/6780/1483 3765/6788/1494 3811/6874/1494
f 3789/6839/1758 3780/6823/1482 3785/6830/1716
f 3729/6713/1733 3816/6882/1733 3734/6723/1780 3752/6761/1781
f 3752/6761/1781 3734/6723/1780 3737/6729/1768 3754/6765/1767
f 3796/6854/1771 3793/6848/1496 3797/6856/1736
f 3793/6848/1496 3791/6843/1498 3792/6846/1498 3794/6850/1496
f 3798/6857/704 3727/6709/704 3777/6816/704
f 3809/6872/1496 3798/6858/1709 3711/6673/1497 3717/6685/1496
f 3725/6705/704 3549/6399/704 3548/6398/704 3727/6709/704
f 3718/6688/1729 3829/6896/1728 3822/6888/1486 3714/6679/1486
f 3791/6844/830 3766/6791/830 3790/6842/830
f 3565/6428/830 3564/6426/830 3523/6348/830
f 4059/7269/1782 3997/7184/1783 3995/7180/1784 4056/7265/1785
f 3938/7076/704 3957/7101/1786 3956/7099/1787 3937/7075/1311
f 3926/7064/732 3976/7140/732 3975/7138/1788 3925/7063/1788
f 3939/7077/1310 3958/7103/1789 3957/7101/1786 3938/7076/704
f 3927/7065/1790 3977/7142/1790 3976/7140/732 3926/7064/732
f 3940/7078/1309 3959/7105/1791 3958/7103/1789 3939/7077/1310
f 3928/7066/1326 3978/7144/1326 3977/7142/1790 3927/7065/1790
f 3941/7080/1308 3960/7109/1792 3959/7106/1791 3940/7079/1309
f 3929/7067/1793 3979/7146/1793 3978/7144/1326 3928/7066/1326
f 3942/7081/1307 3961/7111/1794 3960/7109/1792 3941/7080/1308
f 3931/7069/1795 3980/7148/1795 3981/7150/1796 3930/7068/1796
f 3943/7082/1306 3962/7113/1797 3961/7111/1794 3942/7081/1307
f 3932/7070/1321 3982/7152/1321 3980/7148/1795 3931/7069/1795
f 3944/7083/1798 3990/7169/1799 3962/7113/1797 3943/7082/1306
f 3933/7071/1800 3983/7154/1800 3982/7152/1321 3932/7070/1321
f 3919/7056/1801 3968/7123/1801 3969/7125/830 3918/7055/830
f 3946/7085/1802 3950/7089/1802 3951/7091/1803 3947/7086/1803
f 3918/7055/830 3969/7125/830 3983/7154/1800 3933/7071/1800
f 3920/7057/1328 3970/7127/1328 3968/7123/1801 3919/7056/1801
f 3947/7086/1803 3951/7091/1803 3952/7093/1804 3948/7087/1804
f 3930/7068/1796 3981/7150/1796 3984/7156/1805 3934/7072/1805
f 3921/7058/1806 3971/7129/1806 3970/7127/1328 3920/7057/1328
f 3948/7087/1804 3952/7093/1804 3990/7169/1799 3944/7083/1798
f 3934/7072/1805 3984/7156/1805 3985/7158/1807 3945/7084/1807
f 3922/7060/1318 3972/7132/1318 3971/7130/1806 3921/7059/1806
f 3949/7088/1808 3953/7095/1808 3986/7160/1809 3967/7122/1809
f 3945/7084/1807 3985/7158/1807 3950/7089/1802 3946/7085/1802
f 3923/7061/1810 3973/7134/1810 3972/7132/1318 3922/7060/1318
f 4028/7228/1811 4038/7241/1812 3965/7118/1813 3989/7167/1814
f 3936/7074/1312 3955/7097/1815 3987/7164/1816 3935/7073/1817
f 3924/7062/1327 3974/7136/1327 3973/7134/1810 3923/7061/1810
f 3937/7075/1311 3956/7099/1787 3955/7097/1815 3936/7074/1312
f 3925/7063/1788 3975/7138/1788 3974/7136/1327 3924/7062/1327
f 3990/7170/709 3952/7094/709 3991/7173/709
f 3987/7162/709 3989/7168/709 3988/7166/709
f 4002/7191/1818 4028/7228/1811 3989/7167/1814 3987/7163/1816
f 3998/7186/1819 4002/7191/1818 3987/7163/1816 3955/7098/1815
f 4010/7202/1820 4007/7198/1821 3957/7102/1786 3958/7104/1789
f 4013/7206/1822 4010/7202/1820 3958/7104/1789 3959/7107/1791
f 4016/7212/1823 4013/7207/1822 3959/7108/1791 3960/7110/1792
f 4019/7216/1824 4016/7212/1823 3960/7110/1792 3961/7112/1794
f 4022/7220/1825 4019/7216/1824 3961/7112/1794 3962/7114/1797
f 4025/7224/1826 4022/7220/1825 3962/7114/1797 3990/7171/1799
f 4035/7237/1827 4025/7224/1826 3990/7171/1799 3991/7172/1828
f 4041/7245/1829 4061/7272/709 4063/7274/709 4031/7232/1830
f 4038/7241/1812 4047/7253/1831 3992/7174/1832 3965/7118/1813
f 4032/7233/1833 3963/7115/1834 3966/7120/1835 4040/7244/1836
f 3967/7122/1809 3986/7160/1809 3979/7146/1793 3929/7067/1793
f 4007/7198/1821 4004/7194/1837 3956/7100/1787 3957/7102/1786
f 3964/7117/1838 3988/7165/1838 3953/7095/1808 3949/7088/1808
f 4032/7233/1833 4035/7237/1827 3991/7172/1828 3963/7115/1834
f 4053/7261/1839 4040/7244/1836 3966/7120/1835 3996/7182/1840
f 3977/7143/709 3978/7145/709 3980/7149/709 3982/7153/709
f 3935/7073/1817 3987/7164/1816 3988/7165/1838 3964/7117/1838
f 3994/7178/1841 4050/7257/1842 4044/7249/1843 3993/7176/1844
f 3992/7174/1832 4047/7253/1831 4050/7257/1842 3994/7178/1841
f 4052/7260/1845 4058/7268/1846 4055/7264/1847 4043/7248/1848 4049/7256/1849 4046/7252/1850 4062/7273/709
f 3979/7147/709 3986/7161/709 3994/7179/709 3993/7177/709
f 3984/7157/709 3997/7185/709 3985/7159/709
f 3963/7116/709 3951/7092/709 3966/7121/709
f 4038/7241/1812 4028/7228/1811 4030/7231/1851 4039/7243/1852
f 3952/7094/709 3963/7116/709 3991/7173/709
f 3985/7159/709 3997/7185/709 3996/7183/709
f 4004/7194/1837 3998/7186/1819 3955/7098/1815 3956/7100/1787
f 4053/7261/1839 3996/7182/1840 3997/7184/1783 4059/7269/1782
f 4044/7249/1843 4056/7265/1785 3995/7180/1784 3993/7176/1844
f 3986/7161/709 3992/7175/709 3994/7179/709
f 3999/7187/1853 4001/7190/1854 4003/7192/1855 4000/7188/1856
f 4000/7189/1856 4003/7193/1855 4002/7191/1818 3998/7186/1819
f 4005/7195/1857 3999/7187/1853 4000/7188/1856 4006/7196/1858
f 4006/7197/1858 4000/7189/1856 3998/7186/1819 4004/7194/1837
f 4008/7199/1859 4005/7195/1857 4006/7196/1858 4009/7200/1860
f 4009/7201/1860 4006/7197/1858 4004/7194/1837 4007/7198/1821
f 4011/7203/1861 4008/7199/1859 4009/7200/1860 4012/7204/1862
f 4012/7205/1862 4009/7201/1860 4007/7198/1821 4010/7202/1820
f 4014/7208/1863 4011/7203/1861 4012/7204/1862 4015/7210/1864
f 4015/7209/1864 4012/7205/1862 4010/7202/1820 4013/7206/1822
f 4017/7213/1865 4014/7208/1863 4015/7210/1864 4018/7214/1866
f 4018/7215/1866 4015/7211/1864 4013/7207/1822 4016/7212/1823
f 4020/7217/1867 4017/7213/1865 4018/7214/1866 4021/7218/1868
f 4021/7219/1868 4018/7215/1866 4016/7212/1823 4019/7216/1824
f 4023/7221/1869 4020/7217/1867 4021/7218/1868 4024/7222/1870
f 4024/7223/1870 4021/7219/1868 4019/7216/1824 4022/7220/1825
f 4026/7225/1871 4023/7221/1869 4024/7222/1870 4027/7227/1872
f 4027/7226/1872 4024/7223/1870 4022/7220/1825 4025/7224/1826
f 4039/7242/1852 4030/7230/1851 4029/7229/1873 4037/7240/1874
f 4041/7245/1829 4031/7232/1830 4033/7234/1875 4042/7246/1876
f 4042/7247/1876 4033/7235/1875 4032/7233/1833 4040/7244/1836
f 4029/7229/1873 4063/7274/709 4061/7272/709 4037/7240/1874
f 4031/7232/1830 4034/7236/1877 4036/7239/1878 4033/7234/1875
f 4033/7235/1875 4036/7238/1878 4035/7237/1827 4032/7233/1833
f 4025/7224/1826 4035/7237/1827 4036/7238/1878 4027/7226/1872
f 4027/7227/1872 4036/7239/1878 4034/7236/1877 4026/7225/1871
f 4001/7190/1854 4029/7229/1873 4030/7230/1851 4003/7192/1855
f 4003/7193/1855 4030/7231/1851 4028/7228/1811 4002/7191/1818
f 4046/7252/1850 4049/7256/1849 4051/7258/1879 4048/7254/1880
f 4048/7255/1880 4051/7259/1879 4050/7257/1842 4047/7253/1831
f 4049/7256/1849 4043/7248/1848 4045/7250/1881 4051/7258/1879
f 4051/7259/1879 4045/7251/1881 4044/7249/1843 4050/7257/1842
f 4058/7268/1846 4052/7260/1845 4054/7262/1882 4060/7270/1883
f 4060/7271/1883 4054/7263/1882 4053/7261/1839 4059/7269/1782
f 4055/7264/1847 4058/7268/1846 4060/7270/1883 4057/7266/1884
f 4057/7267/1884 4060/7271/1883 4059/7269/1782 4056/7265/1785
f 4037/7240/1874 4046/7252/1850 4048/7254/1880 4039/7242/1852
f 4039/7243/1852 4048/7255/1880 4047/7253/1831 4038/7241/1812
f 4043/7248/1848 4055/7264/1847 4057/7266/1884 4045/7250/1881
f 4045/7251/1881 4057/7267/1884 4056/7265/1785 4044/7249/1843
f 4052/7260/1845 4041/7245/1829 4042/7246/1876 4054/7262/1882
f 4054/7263/1882 4042/7247/1876 4040/7244/1836 4053/7261/1839
f 3950/7090/709 3985/7159/709 3996/7183/709 3966/7121/709
f 4061/7272/709 4062/7273/709 4046/7252/1850 4037/7240/1874
f 4067/7278/709 4014/7208/1863 4017/7213/1865 4066/7277/709
f 4063/7274/709 4064/7275/709 4034/7236/1877 4031/7232/1830
f 4064/7275/709 4065/7276/709 4026/7225/1871 4034/7236/1877
f 4001/7190/1854 3999/7187/1853 4065/7276/709 4064/7275/709
f 4029/7229/1873 4001/7190/1854 4064/7275/709 4063/7274/709
f 4041/7245/1829 4052/7260/1845 4062/7273/709 4061/7272/709
f 3978/7145/709 3979/7147/709 3981/7151/709 3980/7149/709
f 4068/7279/709 4011/7203/1861 4014/7208/1863 4067/7278/709
f 4005/7195/1857 4008/7199/1859 4011/7203/1861 4068/7279/709
f 4023/7221/1869 4066/7277/709 4017/7213/1865 4020/7217/1867
f 4065/7276/709 4068/7279/709 4067/7278/709
f 4065/7276/709 4067/7278/709 4066/7277/709
f 4026/7225/1871 4065/7276/709 4066/7277/709 4023/7221/1869
f 3999/7187/1853 4005/7195/1857 4068/7279/709 4065/7276/709
f 3952/7094/709 3951/7092/709 3963/7116/709
f 3950/7090/709 3966/7121/709 3951/7092/709
f 3988/7166/709 3989/7168/709 3965/7119/709 3953/7096/709
f 3976/7141/709 3977/7143/709 3982/7153/709 3983/7155/709
f 3975/7139/709 3976/7141/709 3983/7155/709 3969/7126/709
f 3974/7137/709 3975/7139/709 3969/7126/709 3968/7124/709
f 3973/7135/709 3974/7137/709 3968/7124/709 3970/7128/709
f 3972/7133/709 3973/7135/709 3970/7128/709 3971/7131/709
f 3953/7096/709 3965/7119/709 3992/7175/709 3986/7161/709
f 3981/7151/709 3979/7147/709 3993/7177/709 3995/7181/709
f 3984/7157/709 3981/7151/709 3995/7181/709 3997/7185/709
f 4094/7331/1885 4081/7304/1885 4083/7309/1885 4096/7335/1885
f 4070/7282/830 4072/7286/830 4104/7350/830 4107/7356/830
f 4108/7358/830 4105/7352/830 4083/7308/1886 4084/7310/1887
f 4073/7288/1888 4077/7296/1885 4090/7323/1885 4088/7319/1888
f 4075/7292/1889 4074/7291/1890 4087/7316/1891 4086/7314/1892
f 4086/7314/1892 4087/7316/1891 4088/7318/1893 4085/7312/1894
f 4085/7312/1894 4088/7318/1893 4090/7322/1895 4089/7320/1896
f 4089/7320/1896 4090/7322/1895 4092/7326/1897 4091/7324/1898
f 4091/7324/1898 4092/7326/1897 4094/7330/1899 4093/7328/1900
f 4093/7328/1900 4094/7330/1899 4096/7334/1901 4095/7332/1902
f 4107/7356/830 4104/7350/830 4103/7348/830 4106/7354/830
f 4098/7339/1903 4097/7337/1904 4103/7349/1904 4104/7351/1903
f 4074/7290/1888 4073/7288/1888 4088/7319/1888 4087/7317/1888
f 4090/7323/1885 4077/7296/1885 4079/7300/1885 4092/7327/1885
f 4092/7327/1885 4079/7300/1885 4081/7304/1885 4094/7331/1885
f 4075/7292/1889 4076/7294/1905 4073/7289/1906 4074/7291/1890
f 4073/7289/1906 4076/7294/1905 4078/7298/1907 4077/7297/1908
f 4077/7297/1908 4078/7298/1907 4080/7302/1909 4079/7301/1910
f 4079/7301/1910 4080/7302/1909 4082/7306/1911 4081/7305/1912
f 4081/7305/1912 4082/7306/1911 4084/7310/1887 4083/7308/1886
f 4101/7344/704 4102/7346/704 4095/7332/1902 4096/7334/1901
f 4099/7340/704 4100/7342/704 4097/7336/704 4098/7338/704
f 4097/7336/704 4100/7342/704 4102/7346/704 4101/7344/704
f 4069/7280/704 4099/7340/704 4098/7338/704 4071/7284/704
f 4106/7354/830 4103/7348/830 4105/7352/830 4108/7358/830
f 4097/7337/1904 4101/7345/1913 4105/7353/1913 4103/7349/1904
f 4106/7355/1914 4100/7343/1914 4099/7341/1915 4107/7357/1915
f 4108/7359/1916 4102/7347/1916 4100/7343/1914 4106/7355/1914
f 4084/7311/1917 4095/7333/1917 4102/7347/1916 4108/7359/1916
f 4107/7357/1915 4099/7341/1915 4069/7281/751 4070/7283/751
f 4072/7287/709 4071/7285/709 4098/7339/1903 4104/7351/1903
f 4096/7335/1885 4083/7309/1885 4105/7353/1913 4101/7345/1913
f 4082/7307/1917 4093/7329/1917 4095/7333/1917 4084/7311/1917
f 4080/7303/1917 4091/7325/1917 4093/7329/1917 4082/7307/1917
f 4078/7299/1917 4089/7321/1917 4091/7325/1917 4080/7303/1917
f 4076/7295/1917 4075/7293/1917 4086/7315/1917 4085/7313/1917
f 4078/7299/1917 4076/7295/1917 4085/7313/1917 4089/7321/1917
f 4142/7432/1918 4133/7415/1918 4114/7369/1918 4118/7378/1918
s 0
f 4115/7372/830 4124/7394/830 4127/7401/830 4119/7381/830
f 4119/7382/1919 4127/7402/1919 4126/7398/1919 4113/7366/1919
s 1
f 4133/7414/1920 4128/7404/1920 4113/7367/704 4114/7371/704
f 4132/7412/1921 4116/7374/1921 4131/7410/1922 4134/7416/1922
f 4134/7416/1922 4131/7410/1922 4130/7408/1923 4135/7418/1923
f 4135/7418/1923 4130/7408/1923 4129/7406/1924 4136/7420/1924
f 4136/7420/1924 4129/7406/1924 4128/7404/1920 4133/7414/1920
s 0
f 4126/7399/1925 4127/7403/1925 4124/7395/1925 4125/7396/1925
s 1
f 4134/7417/1918 4135/7419/1918 4145/7439/1918 4146/7441/1918
f 4113/7367/704 4126/7400/704 4125/7397/704 4109/7360/704
f 4112/7364/1918 4142/7432/1918 4118/7378/1918 4117/7376/1918
f 4143/7434/1926 4137/7422/1926 4116/7374/1921 4132/7412/1921
f 4143/7434/1926 4146/7440/1927 4139/7426/1927 4137/7422/1926
f 4139/7426/1927 4146/7440/1927 4145/7438/1928 4140/7428/1928
f 4140/7428/1928 4145/7438/1928 4144/7436/1929 4141/7430/1929
f 4141/7430/1929 4144/7436/1929 4142/7433/1930 4138/7425/1930
f 4138/7424/1925 4110/7361/1925 4115/7373/1925 4119/7383/1925
f 4114/7371/704 4113/7367/704 4109/7360/704 4111/7363/704
f 4135/7419/1918 4136/7421/1918 4144/7437/1918 4145/7439/1918
s 0
f 4120/7384/1919 4122/7389/1919 4118/7379/1919 4114/7370/1919
s 1
f 4132/7413/1931 4134/7417/1918 4146/7441/1918 4143/7435/1931
f 4111/7363/704 4121/7387/704 4120/7385/704 4114/7371/704
s 0
f 4120/7386/1918 4121/7388/1918 4123/7392/1918 4122/7390/1918
f 4122/7391/830 4123/7393/830 4117/7377/830 4118/7380/830
s 1
f 4116/7375/1925 4137/7423/1925 4139/7427/1925 4131/7411/1925
f 4131/7411/1925 4139/7427/1925 4140/7429/1925 4130/7409/1925
f 4130/7409/1925 4140/7429/1925 4141/7431/1925 4129/7407/1925
f 4129/7407/1925 4141/7431/1925 4138/7424/1925 4128/7405/1925
f 4144/7437/1918 4136/7421/1918 4133/7415/1918 4142/7432/1918
f 4128/7405/1925 4138/7424/1925 4119/7383/1925 4113/7368/1925
f 4138/7425/1930 4142/7433/1930 4112/7365/830 4110/7362/830
f 4195/7552/732 4246/7669/732 4244/7665/732 4193/7548/732
f 4152/7452/1932 4203/7569/1932 4202/7567/1933 4151/7450/1933
f 4148/7444/1934 4199/7561/1934 4200/7563/1935 4149/7446/1935
f 4151/7450/1933 4202/7567/1933 4198/7559/1936 4147/7442/1936
f 4153/7454/1937 4204/7571/1937 4203/7569/1932 4152/7452/1932
f 4147/7442/1936 4198/7559/1936 4199/7561/1934 4148/7444/1934
f 4154/7456/1938 4205/7573/1938 4204/7571/1937 4153/7454/1937
f 4155/7458/1939 4206/7575/1939 4205/7573/1938 4154/7456/1938
f 4156/7460/1940 4207/7577/1940 4206/7575/1939 4155/7458/1939
f 4157/7462/1941 4208/7579/1941 4207/7577/1940 4156/7460/1940
f 4158/7464/1942 4209/7581/1942 4208/7579/1941 4157/7462/1941
f 4159/7466/1943 4210/7583/1943 4209/7581/1942 4158/7464/1942
f 4160/7468/1944 4211/7585/1944 4210/7583/1943 4159/7466/1943
f 4161/7470/1945 4212/7587/1945 4211/7585/1944 4160/7468/1944
f 4186/7527/724 4194/7550/724 4196/7555/724 4182/7515/724
f 4236/7643/1946 4231/7626/1947 4180/7509/1947 4185/7526/1946
f 4180/7509/1947 4231/7626/1947 4214/7591/1948 4163/7474/1948
f 4241/7654/732 4240/7652/732 4189/7536/732 4190/7537/732
s 0
f 4188/7532/830 4186/7528/830 4182/7516/830 4183/7518/830
f 4192/7543/1949 4243/7660/1949 4242/7657/1949 4191/7540/1949
s 1
f 4228/7620/1950 4229/7623/1951 4178/7506/1951 4177/7503/1950
f 4227/7618/1952 4228/7620/1950 4177/7503/1950 4176/7501/1952
f 4226/7616/1953 4227/7618/1952 4176/7501/1952 4175/7499/1953
f 4225/7614/1954 4226/7616/1953 4175/7499/1953 4174/7497/1954
f 4224/7612/1955 4225/7614/1954 4174/7497/1954 4173/7495/1955
f 4223/7610/1956 4224/7612/1955 4173/7495/1955 4172/7493/1956
f 4222/7608/1957 4223/7610/1956 4172/7493/1956 4171/7491/1957
f 4221/7606/1958 4222/7608/1957 4171/7491/1957 4170/7489/1958
f 4220/7604/1959 4221/7606/1958 4170/7489/1958 4169/7487/1959
f 4219/7602/1960 4220/7604/1959 4169/7487/1959 4168/7485/1960
f 4218/7600/1961 4219/7602/1960 4168/7485/1960 4167/7483/1961
f 4217/7598/1962 4218/7600/1961 4167/7483/1961 4166/7481/1962
f 4216/7596/1963 4217/7598/1962 4166/7481/1962 4165/7479/1963
f 4215/7594/1964 4216/7596/1963 4165/7479/1963 4164/7477/1964
f 4201/7565/1965 4215/7594/1964 4164/7477/1964 4150/7448/1965
f 4162/7472/1966 4213/7589/1966 4212/7587/1945 4161/7470/1945
f 4230/7625/1967 4232/7629/1968 4181/7512/1968 4179/7508/1967
f 4197/7557/709 4193/7546/709 4192/7544/709 4191/7541/709
f 4161/7471/709 4178/7505/709 4179/7507/709 4162/7473/709
f 4193/7546/709 4194/7549/709 4186/7529/709 4188/7533/709
f 4163/7475/1969 4214/7592/1969 4213/7589/1966 4162/7472/1966
f 4190/7538/709 4194/7549/709 4193/7546/709 4197/7557/709
f 4184/7521/709 4187/7530/709 4189/7535/709 4185/7524/709
s 0
f 4246/7668/830 4195/7551/830 4196/7554/830 4247/7671/830
s 1
f 4242/7658/704 4248/7674/704 4197/7558/704 4191/7542/704
f 4194/7549/709 4190/7538/709 4189/7535/709 4187/7530/709
s 0
f 4244/7663/830 4243/7661/830 4192/7545/830 4193/7547/830
s 1
f 4196/7555/724 4194/7550/724 4187/7531/724 4181/7513/724
f 4197/7558/704 4248/7674/704 4241/7655/704 4190/7539/704
f 4240/7652/732 4236/7641/732 4185/7525/732 4189/7536/732
f 4151/7451/709 4169/7488/709 4170/7490/709 4152/7453/709
f 4160/7469/709 4177/7504/709 4178/7505/709 4161/7471/709
f 4159/7467/709 4176/7502/709 4177/7504/709 4160/7469/709
f 4158/7465/709 4175/7500/709 4176/7502/709 4159/7467/709
f 4157/7463/709 4174/7498/709 4175/7500/709 4158/7465/709
f 4156/7461/709 4173/7496/709 4174/7498/709 4157/7463/709
f 4181/7513/724 4232/7630/724 4247/7672/724 4196/7555/724
f 4154/7457/709 4171/7492/709 4172/7494/709 4155/7459/709
f 4151/7451/709 4168/7486/709 4169/7488/709
f 4152/7453/709 4170/7490/709 4171/7492/709 4153/7455/709
f 4149/7447/709 4150/7449/709 4164/7478/709 4148/7445/709
f 4148/7445/709 4166/7482/709 4167/7484/709 4147/7443/709
f 4184/7522/1946 4185/7526/1946 4180/7509/1947
f 4187/7531/724 4184/7523/724 4180/7510/724 4181/7513/724
f 4147/7443/709 4167/7484/709 4168/7486/709 4151/7451/709
f 4195/7552/732 4193/7548/732 4188/7534/732 4183/7519/732
f 4166/7482/709 4148/7445/709 4165/7480/709
f 4155/7459/709 4172/7494/709 4173/7496/709 4156/7461/709
f 4153/7455/709 4171/7492/709 4154/7457/709
f 4165/7480/709 4148/7445/709 4164/7478/709
s 0
f 4196/7556/751 4195/7553/751 4183/7520/751 4182/7517/751
s 1
f 4162/7473/709 4179/7507/709 4163/7476/709
f 4163/7476/709 4179/7507/709 4181/7514/709 4180/7511/709
f 4237/7644/724 4233/7632/724 4247/7672/724 4245/7667/724
s 0
f 4239/7649/830 4234/7635/830 4233/7633/830 4237/7645/830
s 1
f 4248/7675/751 4242/7659/751 4243/7662/751 4244/7664/751
f 4212/7588/751 4213/7590/751 4230/7624/751 4229/7622/751
f 4244/7664/751 4239/7650/751 4237/7646/751 4245/7666/751
f 4241/7656/751 4248/7675/751 4244/7664/751 4245/7666/751
f 4235/7638/751 4236/7642/751 4240/7653/751 4238/7647/751
f 4245/7666/751 4238/7647/751 4240/7653/751 4241/7656/751
f 4247/7672/724 4232/7630/724 4238/7648/724 4245/7667/724
f 4202/7568/751 4203/7570/751 4221/7607/751 4220/7605/751
f 4211/7586/751 4212/7588/751 4229/7622/751 4228/7621/751
f 4210/7584/751 4211/7586/751 4228/7621/751 4227/7619/751
f 4209/7582/751 4210/7584/751 4227/7619/751 4226/7617/751
f 4208/7580/751 4209/7582/751 4226/7617/751 4225/7615/751
f 4207/7578/751 4208/7580/751 4225/7615/751 4224/7613/751
f 4205/7574/751 4206/7576/751 4223/7611/751 4222/7609/751
f 4202/7568/751 4220/7605/751 4219/7603/751
f 4203/7570/751 4204/7572/751 4222/7609/751 4221/7607/751
f 4200/7564/751 4199/7562/751 4215/7595/751 4201/7566/751
f 4199/7562/751 4198/7560/751 4218/7601/751 4217/7599/751
f 4235/7639/1946 4231/7626/1947 4236/7643/1946
f 4238/7648/724 4232/7630/724 4231/7627/724 4235/7640/724
f 4198/7560/751 4202/7568/751 4219/7603/751 4218/7601/751
f 4246/7669/732 4234/7636/732 4239/7651/732 4244/7665/732
f 4217/7599/751 4216/7597/751 4199/7562/751
f 4206/7576/751 4207/7578/751 4224/7613/751 4223/7611/751
f 4204/7572/751 4205/7574/751 4222/7609/751
f 4216/7597/751 4215/7595/751 4199/7562/751
s 0
f 4247/7673/709 4233/7634/709 4234/7637/709 4246/7670/709
s 1
f 4213/7590/751 4214/7593/751 4230/7624/751
f 4214/7593/751 4231/7628/751 4232/7631/751 4230/7624/751
f 4229/7623/1951 4230/7625/1967 4179/7508/1967 4178/7506/1951
f 4257/7693/732 4285/7757/732 4286/7760/732 4258/7695/732
f 4251/7680/709 4249/7676/709 4256/7691/709 4276/7738/709
f 4261/7704/732 4262/7707/732 4257/7693/732
f 4261/7706/1970 4257/7692/704 4272/7730/704
f 4252/7683/830 4274/7734/830 4262/7709/830 4254/7687/830
s 0
f 4276/7737/732 4304/7800/732 4279/7745/732 4251/7681/732
s 1
f 4264/7713/830 4254/7687/830 4262/7709/830
f 4267/7719/1971 4269/7723/1971 4261/7706/1970
f 4263/7710/1972 4268/7720/1973 4270/7724/1974 4265/7714/1975
f 4265/7714/1975 4270/7724/1974 4269/7722/1976 4266/7716/1977
f 4275/7735/732 4274/7733/732 4252/7684/732 4271/7726/732
f 4271/7727/709 4252/7685/709 4253/7686/709 4250/7678/709
f 4264/7712/1978 4267/7718/1979 4255/7689/709 4254/7688/709
f 4261/7706/1970 4268/7721/1971 4260/7701/1971
f 4259/7698/732 4260/7702/732 4268/7720/1973 4263/7710/1972
f 4253/7686/709 4272/7731/709 4276/7738/709 4256/7691/709
f 4290/7770/732 4285/7757/732 4257/7693/732 4262/7707/732
s 0
f 4272/7729/1980 4257/7694/1980 4258/7696/1980 4276/7739/1980
s 1
f 4255/7690/1981 4261/7706/1970 4272/7730/704
f 4275/7735/732 4303/7798/732 4302/7797/732 4274/7733/732
f 4274/7734/830 4302/7796/830 4290/7772/830 4262/7709/830
f 4252/7685/709 4254/7688/709 4255/7689/709 4272/7731/709
s 0
f 4304/7801/704 4276/7740/704 4258/7697/704 4286/7761/704
s 1
f 4273/7732/830 4275/7736/830 4271/7728/830 4250/7679/830
f 4266/7716/1977 4269/7722/1976 4267/7718/1979 4264/7712/1978
f 4252/7685/709 4272/7731/709 4253/7686/709
s 0
f 4259/7699/751 4262/7708/751 4261/7705/751 4260/7703/751
s 1
f 4270/7725/1971 4268/7721/1971 4261/7706/1970
f 4269/7723/1971 4270/7725/1971 4261/7706/1970
f 4255/7690/1981 4267/7719/1971 4261/7706/1970
f 4259/7700/830 4263/7711/830 4262/7709/830
f 4263/7711/830 4265/7715/830 4262/7709/830
f 4265/7715/830 4266/7717/830 4262/7709/830
f 4266/7717/830 4264/7713/830 4262/7709/830
f 4273/7732/830 4301/7795/830 4303/7799/830 4275/7736/830
f 4279/7746/751 4304/7802/751 4284/7756/751 4277/7741/751
f 4289/7767/732 4285/7757/732 4290/7770/732
f 4289/7769/1982 4300/7793/704 4285/7758/704
f 4280/7748/830 4282/7752/830 4290/7772/830 4302/7796/830
f 4292/7776/830 4290/7772/830 4282/7752/830
f 4295/7782/1971 4289/7769/1982 4297/7786/1971
f 4291/7773/1983 4293/7777/1984 4298/7787/1985 4296/7783/1986
f 4293/7777/1984 4294/7779/1987 4297/7785/1988 4298/7787/1985
f 4303/7798/732 4299/7789/732 4280/7749/732 4302/7797/732
f 4299/7790/751 4278/7743/751 4281/7751/751 4280/7750/751
f 4292/7775/1989 4282/7753/751 4283/7754/751 4295/7781/1990
f 4289/7769/1982 4288/7765/1971 4296/7784/1971
f 4287/7763/732 4291/7773/1983 4296/7783/1986 4288/7766/732
f 4281/7751/751 4284/7756/751 4304/7802/751 4300/7794/751
s 0
f 4300/7792/1991 4304/7803/1991 4286/7762/1991 4285/7759/1991
s 1
f 4283/7755/1981 4300/7793/704 4289/7769/1982
f 4280/7750/751 4300/7794/751 4283/7754/751 4282/7753/751
f 4301/7795/830 4278/7744/830 4299/7791/830 4303/7799/830
f 4294/7779/1987 4292/7775/1989 4295/7781/1990 4297/7785/1988
f 4280/7750/751 4281/7751/751 4300/7794/751
s 0
f 4287/7763/709 4288/7766/709 4289/7768/709 4290/7771/709
s 1
f 4298/7788/1971 4289/7769/1982 4296/7784/1971
f 4297/7786/1971 4289/7769/1982 4298/7788/1971
f 4283/7755/1981 4289/7769/1982 4295/7782/1971
f 4287/7764/830 4290/7772/830 4291/7774/830
f 4291/7774/830 4290/7772/830 4293/7778/830
f 4293/7778/830 4290/7772/830 4294/7780/830
f 4294/7780/830 4290/7772/830 4292/7776/830
s 0
f 4251/7682/1992 4279/7747/1992 4277/7742/1992 4249/7677/1992
s 1
f 4324/7846/704 4311/7817/704 4313/7822/704 4328/7854/704
f 4328/7854/704 4313/7822/704 4314/7824/704 4327/7852/704
f 4327/7852/704 4314/7824/704 4315/7826/704 4326/7850/704
f 4326/7850/704 4315/7826/704 4316/7829/704 4325/7849/704
f 4306/7807/732 4324/7847/732 4328/7855/1993 4310/7815/1993
f 4310/7815/1993 4328/7855/1993 4327/7853/1994 4309/7813/1994
f 4309/7813/1994 4327/7853/1994 4326/7851/1995 4308/7811/1995
f 4308/7811/1995 4326/7851/1995 4325/7848/1996 4307/7809/1996
f 4318/7832/724 4312/7819/724 4316/7828/1997 4322/7841/1997
f 4322/7841/1997 4316/7828/1997 4315/7827/1998 4321/7839/1998
f 4321/7839/1998 4315/7827/1998 4314/7825/1999 4320/7837/1999
f 4320/7837/1999 4314/7825/1999 4313/7823/2000 4319/7836/2000
f 4305/7804/830 4318/7833/830 4322/7842/830 4307/7810/830
f 4307/7809/1996 4325/7848/1996 4323/7843/2001 4305/7805/2001
f 4307/7810/830 4322/7842/830 4321/7840/830 4308/7812/830
f 4308/7812/830 4321/7840/830 4320/7838/830 4309/7814/830
f 4309/7814/830 4320/7838/830 4319/7835/830 4310/7816/830
f 4310/7816/830 4319/7835/830 4317/7831/830 4306/7808/830
f 4348/7898/704 4335/7870/704 4311/7817/704 4324/7846/704
f 4347/7896/704 4336/7872/704 4335/7870/704 4348/7898/704
f 4346/7895/704 4337/7875/704 4336/7872/704 4347/7896/704
f 4319/7836/2000 4313/7823/2000 4311/7818/724 4317/7830/724
f 4333/7865/2002 4348/7899/2002 4324/7847/732 4306/7807/732
f 4332/7863/2003 4347/7897/2003 4348/7899/2002 4333/7865/2002
f 4331/7862/2004 4346/7894/2004 4347/7897/2003 4332/7863/2003
f 4325/7849/704 4316/7829/704 4312/7820/704 4323/7844/704
f 4342/7885/2005 4337/7874/2005 4338/7876/2006 4343/7888/2006
f 4341/7883/2007 4336/7873/2007 4337/7874/2005 4342/7885/2005
f 4340/7881/2008 4335/7871/2008 4336/7873/2007 4341/7883/2007
f 4329/7856/2009 4344/7889/2009 4345/7892/2010 4330/7860/2010
f 4331/7861/830 4342/7886/830 4343/7887/830 4330/7859/830
f 4332/7864/830 4341/7884/830 4342/7886/830 4331/7861/830
f 4333/7866/830 4340/7882/830 4341/7884/830 4332/7864/830
f 4317/7830/724 4311/7818/724 4335/7871/2008 4340/7881/2008
s 0
f 4329/7857/751 4339/7878/751 4334/7867/751 4344/7890/751
f 4305/7806/709 4323/7845/709 4312/7821/709 4318/7834/709
s 1
f 4306/7808/830 4317/7831/830 4340/7882/830 4333/7866/830
f 4330/7859/830 4343/7887/830 4339/7879/830 4329/7858/830
f 4343/7888/2006 4338/7876/2006 4334/7868/724 4339/7880/724
f 4330/7860/2010 4345/7892/2010 4346/7894/2004 4331/7862/2004
f 4345/7893/704 4338/7877/704 4337/7875/704 4346/7895/704
f 4344/7891/704 4334/7869/704 4338/7877/704 4345/7893/704
f 4354/7910/2011 4450/8044/2011 4451/8046/2012 4355/7912/2012
f 4353/7908/2013 4449/8042/2013 4450/8044/2011 4354/7910/2011
f 4352/7906/856 4448/8040/856 4447/8038/2014 4351/7904/2014
f 4446/8037/2015 4448/8040/856 4352/7906/856 4350/7903/2015
f 4357/7916/2016 4453/8050/2016 4454/8052/2017 4358/7918/2017
f 4356/7914/2018 4452/8048/2018 4453/8050/2016 4357/7916/2016
f 4351/7904/2014 4447/8038/2014 4445/8034/2019 4349/7900/2019
f 4355/7912/2012 4451/8046/2012 4452/8048/2018 4356/7914/2018
f 4359/7921/709 4360/7922/709 4435/8021/709 4434/8020/709
f 4359/7920/2020 4455/8054/2020 4456/8057/2021 4360/7923/2021
f 4485/8096/2022 4401/7978/2022 4398/7970/2022
f 4350/7902/2023 4352/7907/709 4381/7946/709 4402/7979/709
f 4351/7905/709 4349/7901/709 4363/7927/709 4362/7926/709
f 4354/7911/709 4355/7913/709 4366/7930/709 4365/7929/709
f 4353/7909/709 4354/7911/709 4365/7929/709 4364/7928/2024
f 4352/7907/709 4351/7905/709 4362/7926/709 4381/7946/709
f 4349/7900/2019 4445/8034/2019 4449/8042/2013 4353/7908/2013
f 4355/7913/709 4356/7915/709 4367/7931/709 4366/7930/709
f 4358/7918/2017 4454/8052/2017 4455/8054/2020 4359/7920/2020
f 4374/7938/2025 4430/8016/2026 4386/7953/2027 4427/8011/2028
f 4430/8016/2026 4429/8014/2029 4387/7954/2030 4386/7953/2027
f 4427/8011/2028 4386/7953/2027 4397/7968/2031 4394/7964/2032
f 4386/7953/2027 4387/7954/2030 4388/7956/2033 4397/7968/2031
f 4385/7951/2034 4389/7958/2035 4392/7962/2036 4391/7960/2037
f 4389/7958/2035 4390/7959/2038 4393/7963/2039 4392/7962/2036
f 4391/7960/2037 4392/7962/2036 4387/7955/2030 4429/8013/2029
f 4392/7962/2036 4393/7963/2039 4388/7957/2033 4387/7955/2030
f 4402/7979/709 4428/8012/2040 4396/7967/2041 4395/7966/2042
f 4428/8012/2040 4394/7965/2032 4397/7969/2031 4396/7967/2041
f 4395/7966/2042 4396/7967/2041 4393/7963/2039 4390/7959/2038
f 4396/7967/2041 4397/7969/2031 4388/7957/2033 4393/7963/2039
f 4349/7901/709 4353/7909/709 4364/7928/2024 4363/7927/709
f 4350/7902/2023 4402/7979/709 4395/7966/2042 4399/7973/2043
f 4399/7973/2043 4395/7966/2042 4390/7959/2038 4400/7975/2044
f 4400/7975/2044 4390/7959/2038 4389/7958/2035 4401/7977/2045
f 4365/7929/709 4366/7930/709 4414/7994/2046 4413/7993/2047
f 4413/7993/2047 4414/7994/2046 4415/7995/2048 4412/7991/2049
f 4412/7992/2049 4415/7996/2048 4416/7997/2050 4411/7990/2051
f 4411/7990/2051 4416/7997/2050 4372/7936/2052 4410/7989/2053
f 4376/7940/2054 4380/7945/2055 4382/7947/2056 4379/7944/2057
f 4379/7944/2057 4382/7947/2056 4383/7948/2058 4378/7943/2059
f 4378/7942/2059 4383/7949/2058 4384/7950/2060 4377/7941/2061
f 4377/7941/2061 4384/7950/2060 4381/7946/709 4362/7926/709
f 4362/7926/709 4363/7927/709 4404/7981/2062 4377/7941/2061
f 4377/7941/2061 4404/7981/2062 4405/7982/2063 4378/7942/2059
f 4378/7943/2059 4405/7983/2063 4406/7984/2064 4379/7944/2057
f 4379/7944/2057 4406/7984/2064 4403/7980/2065 4376/7940/2054
f 4380/7945/2055 4374/7938/2025 4427/8011/2028 4382/7947/2056
f 4382/7947/2056 4427/8011/2028 4394/7964/2032 4383/7948/2058
f 4383/7949/2058 4394/7965/2032 4428/8012/2040 4384/7950/2060
f 4384/7950/2060 4428/8012/2040 4402/7979/709 4381/7946/709
f 4363/7927/709 4364/7928/2024 4407/7985/2066 4404/7981/2062
f 4404/7981/2062 4407/7985/2066 4408/7986/2067 4405/7982/2063
f 4405/7983/2063 4408/7987/2067 4409/7988/2068 4406/7984/2064
f 4406/7984/2064 4409/7988/2068 4371/7935/2069 4403/7980/2065
f 4367/7931/709 4368/7932/709 4420/8002/2070 4419/8001/2071
f 4419/8001/2071 4420/8002/2070 4421/8004/2072 4418/7999/2073
f 4418/8000/2073 4421/8003/2072 4422/8005/2074 4417/7998/2075
f 4417/7998/2075 4422/8005/2074 4369/7933/2076 4370/7934/2077
f 4364/7928/2024 4365/7929/709 4413/7993/2047 4407/7985/2066
f 4407/7985/2066 4413/7993/2047 4412/7991/2049 4408/7986/2067
f 4408/7987/2067 4412/7992/2049 4411/7990/2051 4409/7988/2068
f 4409/7988/2068 4411/7990/2051 4410/7989/2053 4371/7935/2069
f 4435/8021/709 4423/8006/709 4426/8010/2078 4436/8022/2079
f 4436/8022/2079 4426/8010/2078 4425/8008/2080 4439/8026/2081
f 4439/8025/2081 4425/8009/2080 4424/8007/2082 4442/8031/2083
f 4442/8031/2083 4424/8007/2082 4373/7937/2084 4432/8018/2084
f 4366/7930/709 4367/7931/709 4419/8001/2071 4414/7994/2046
f 4414/7994/2046 4419/8001/2071 4418/7999/2073 4415/7995/2048
f 4415/7996/2048 4418/8000/2073 4417/7998/2075 4416/7997/2050
f 4416/7997/2050 4417/7998/2075 4370/7934/2077 4372/7936/2052
f 4360/7922/709 4361/7924/709 4423/8006/709 4435/8021/709
f 4422/8005/2074 4444/8033/2085 4375/7939/2084 4369/7933/2076
f 4444/8033/2085 4443/8032/2086 4431/8017/2084 4375/7939/2084
f 4443/8032/2086 4442/8031/2083 4432/8018/2084 4431/8017/2084
f 4421/8003/2072 4441/8029/2087 4444/8033/2085 4422/8005/2074
f 4441/8029/2087 4440/8027/2088 4443/8032/2086 4444/8033/2085
f 4440/8027/2088 4439/8025/2081 4442/8031/2083 4443/8032/2086
f 4420/8002/2070 4438/8024/2089 4441/8030/2087 4421/8004/2072
f 4438/8024/2089 4437/8023/2090 4440/8028/2088 4441/8030/2087
f 4437/8023/2090 4436/8022/2079 4439/8026/2081 4440/8028/2088
f 4368/7932/709 4433/8019/709 4438/8024/2089 4420/8002/2070
f 4433/8019/709 4434/8020/709 4437/8023/2090 4438/8024/2089
f 4434/8020/709 4435/8021/709 4436/8022/2079 4437/8023/2090
f 4356/7915/709 4357/7917/709 4368/7932/709 4367/7931/709
f 4357/7917/709 4358/7919/709 4433/8019/709 4368/7932/709
f 4358/7919/709 4359/7921/709 4434/8020/709 4433/8019/709
f 4401/7977/2045 4389/7958/2035 4385/7951/2034 4398/7971/2091
f 4455/8055/751 4512/8130/751 4513/8131/751 4456/8056/751
f 4446/8036/751 4486/8097/751 4468/8071/751 4448/8041/751
f 4447/8039/751 4458/8060/751 4459/8061/751 4445/8035/751
f 4450/8045/751 4461/8063/751 4462/8064/751 4451/8047/751
f 4449/8043/751 4460/8062/751 4461/8063/751 4450/8045/751
f 4448/8041/751 4468/8071/751 4458/8060/751 4447/8039/751
f 4451/8047/751 4462/8064/751 4463/8065/751 4452/8049/751
f 4374/7938/2025 4509/8127/2092 4472/8076/2093 4430/8016/2026
f 4430/8016/2026 4472/8076/2093 4473/8077/2094 4429/8014/2029
f 4509/8127/2092 4479/8085/2095 4482/8089/2096 4472/8076/2093
f 4472/8076/2093 4482/8089/2096 4474/8079/2097 4473/8077/2094
f 4385/7952/2034 4391/7961/2037 4477/8083/2098 4475/8081/2099
f 4475/8081/2099 4477/8083/2098 4478/8084/2100 4476/8082/2101
f 4391/7961/2037 4429/8015/2029 4473/8078/2094 4477/8083/2098
f 4477/8083/2098 4473/8078/2094 4474/8080/2097 4478/8084/2100
f 4486/8097/751 4480/8087/2102 4481/8088/2103 4510/8128/2104
f 4510/8128/2104 4481/8088/2103 4482/8090/2096 4479/8086/2095
f 4480/8087/2102 4476/8082/2101 4478/8084/2100 4481/8088/2103
f 4481/8088/2103 4478/8084/2100 4474/8080/2097 4482/8090/2096
f 4445/8035/751 4459/8061/751 4460/8062/751 4449/8043/751
f 4446/8036/751 4483/8091/2105 4480/8087/2102 4486/8097/751
f 4483/8091/2105 4484/8093/2106 4476/8082/2101 4480/8087/2102
f 4484/8093/2106 4485/8095/2107 4475/8081/2099 4476/8082/2101
f 4461/8063/751 4495/8109/2108 4496/8110/2109 4462/8064/751
f 4495/8109/2108 4494/8107/2110 4497/8111/2111 4496/8110/2109
f 4494/8108/2110 4493/8106/2112 4498/8113/2113 4497/8112/2111
f 4493/8106/2112 4410/7989/2053 4372/7936/2052 4498/8113/2113
f 4376/7940/2054 4467/8070/2114 4469/8072/2115 4380/7945/2055
f 4467/8070/2114 4466/8069/2116 4470/8073/2117 4469/8072/2115
f 4466/8068/2116 4465/8067/2118 4471/8075/2119 4470/8074/2117
f 4465/8067/2118 4458/8060/751 4468/8071/751 4471/8075/2119
f 4458/8060/751 4465/8067/2118 4487/8098/2120 4459/8061/751
f 4465/8067/2118 4466/8068/2116 4488/8099/2121 4487/8098/2120
f 4466/8069/2116 4467/8070/2114 4489/8101/2122 4488/8100/2121
f 4467/8070/2114 4376/7940/2054 4403/7980/2065 4489/8101/2122
f 4380/7945/2055 4469/8072/2115 4509/8127/2092 4374/7938/2025
f 4469/8072/2115 4470/8073/2117 4479/8085/2095 4509/8127/2092
f 4470/8074/2117 4471/8075/2119 4510/8128/2104 4479/8086/2095
f 4471/8075/2119 4468/8071/751 4486/8097/751 4510/8128/2104
f 4459/8061/751 4487/8098/2120 4490/8102/2123 4460/8062/751
f 4487/8098/2120 4488/8099/2121 4491/8103/2124 4490/8102/2123
f 4488/8100/2121 4489/8101/2122 4492/8105/2125 4491/8104/2124
f 4489/8101/2122 4403/7980/2065 4371/7935/2069 4492/8105/2125
f 4463/8065/751 4501/8117/2126 4502/8118/2127 4464/8066/751
f 4501/8117/2126 4500/8115/2128 4503/8120/2129 4502/8118/2127
f 4500/8116/2128 4499/8114/2130 4504/8121/2131 4503/8119/2129
f 4499/8114/2130 4370/7934/2077 4369/7933/2076 4504/8121/2131
f 4460/8062/751 4490/8102/2123 4495/8109/2108 4461/8063/751
f 4490/8102/2123 4491/8103/2124 4494/8107/2110 4495/8109/2108
f 4491/8104/2124 4492/8105/2125 4493/8106/2112 4494/8108/2110
f 4492/8105/2125 4371/7935/2069 4410/7989/2053 4493/8106/2112
f 4513/8131/751 4514/8132/2132 4508/8126/2133 4505/8122/751
f 4514/8132/2132 4517/8136/2134 4507/8124/2135 4508/8126/2133
f 4517/8135/2134 4520/8141/2136 4506/8123/2137 4507/8125/2135
f 4520/8141/2136 4432/8018/2084 4373/7937/2084 4506/8123/2137
f 4462/8064/751 4496/8110/2109 4501/8117/2126 4463/8065/751
f 4496/8110/2109 4497/8111/2111 4500/8115/2128 4501/8117/2126
f 4497/8112/2111 4498/8113/2113 4499/8114/2130 4500/8116/2128
f 4498/8113/2113 4372/7936/2052 4370/7934/2077 4499/8114/2130
f 4456/8056/751 4513/8131/751 4505/8122/751 4457/8058/751
f 4504/8121/2131 4369/7933/2076 4375/7939/2084 4522/8143/2138
f 4522/8143/2138 4375/7939/2084 4431/8017/2084 4521/8142/2139
f 4521/8142/2139 4431/8017/2084 4432/8018/2084 4520/8141/2136
f 4503/8119/2129 4504/8121/2131 4522/8143/2138 4519/8139/2140
f 4519/8139/2140 4522/8143/2138 4521/8142/2139 4518/8137/2141
f 4518/8137/2141 4521/8142/2139 4520/8141/2136 4517/8135/2134
f 4502/8118/2127 4503/8120/2129 4519/8140/2140 4516/8134/2142
f 4516/8134/2142 4519/8140/2140 4518/8138/2141 4515/8133/2143
f 4515/8133/2143 4518/8138/2141 4517/8136/2134 4514/8132/2132
f 4464/8066/751 4502/8118/2127 4516/8134/2142 4511/8129/751
f 4511/8129/751 4516/8134/2142 4515/8133/2143 4512/8130/751
f 4512/8130/751 4515/8133/2143 4514/8132/2132 4513/8131/751
f 4452/8049/751 4463/8065/751 4464/8066/751 4453/8051/751
f 4453/8051/751 4464/8066/751 4511/8129/751 4454/8053/751
f 4454/8053/751 4511/8129/751 4512/8130/751 4455/8055/751
f 4485/8095/2107 4398/7972/2091 4385/7952/2034 4475/8081/2099
f 4360/7923/2021 4456/8057/2021 4457/8059/2144 4361/7925/2144
f 4446/8037/2015 4350/7903/2015 4399/7974/2022 4483/8092/2022
f 4483/8092/2022 4399/7974/2022 4400/7976/2022 4484/8094/2022
f 4484/8094/2022 4400/7976/2022 4401/7978/2022 4485/8096/2022
f 4676/8352/2145 4622/8277/2146 4689/8374/2147 4704/8396/2148
f 4744/8444/2149 4550/8183/2150 4529/8154/2151 4730/8429/2152
f 4741/8441/2153 4544/8174/2154 4550/8183/2150 4744/8444/2149
f 4739/8439/2155 4541/8170/2156 4544/8174/2154 4741/8441/2153
f 4883/8637/2157 4665/8338/2158 4663/8335/2159 4881/8634/2159
f 4714/8408/2160 4532/8159/2161 4608/8263/2162
f 4537/8166/2163 4535/8163/2164 4534/8162/2165 4568/8202/2166
f 4535/8163/2164 4527/8151/2167 4530/8155/2168 4534/8162/2165
f 4540/8169/2169 4539/8168/2170 4535/8163/2164 4537/8166/2163
f 4539/8168/2170 4538/8167/2171 4527/8151/2167 4535/8163/2164
f 4574/8210/2172 4542/8171/2173 4539/8168/2170 4540/8169/2169
f 4542/8171/2173 4541/8170/2156 4538/8167/2171 4539/8168/2170
f 4549/8182/2174 4546/8177/2175 4542/8171/2173 4574/8210/2172
f 4546/8177/2175 4544/8174/2154 4541/8170/2156 4542/8171/2173
f 4578/8215/2176 4552/8186/2177 4546/8177/2175 4549/8182/2174
f 4552/8186/2177 4550/8183/2150 4544/8174/2154 4546/8177/2175
f 4554/8188/2178 4553/8187/2179 4552/8186/2177 4578/8215/2176
f 4553/8187/2179 4529/8154/2151 4550/8183/2150 4552/8186/2177
f 5154/9050/709 4694/8380/709 4523/8144/709
f 4583/8221/2180 5179/9080/2181 4590/8235/2182 4584/8222/2183
f 4599/8253/2184 4666/8339/2185 4556/8190/2186 4557/8191/2187
f 4979/8790/2188 5012/8835/2189 4960/8749/1324 4961/8751/704
f 4566/8200/2190 4561/8195/2191 4560/8194/2192 4565/8199/2193
f 4565/8199/2193 4560/8194/2192 4558/8192/2194 4564/8198/2195
f 4564/8198/2195 4558/8192/2194 4559/8193/2196 4563/8197/2197
f 4559/8193/2196 4532/8159/2161 4562/8196/2198 4563/8197/2197
f 4816/8549/2199 4607/8261/2200 4530/8155/2168 4731/8430/2201
f 4610/8265/2202 4611/8266/2203 4569/8203/2204 4568/8202/2166
f 4568/8202/2166 4569/8203/2204 4571/8206/2205 4537/8166/2163
f 4569/8203/2204 4532/8158/2161 4570/8204/709 4571/8206/2205
f 4537/8166/2163 4571/8206/2205 4573/8209/2206 4540/8169/2169
f 4571/8206/2205 4570/8204/709 4572/8207/709 4573/8209/2206
f 4540/8169/2169 4573/8209/2206 4575/8211/2207 4574/8210/2172
f 4573/8209/2206 4572/8207/709 4524/8145/709 4575/8211/2207
f 4574/8210/2172 4575/8211/2207 4577/8214/2208 4549/8182/2174
f 4575/8211/2207 4524/8145/709 4576/8212/709 4577/8214/2208
f 4549/8182/2174 4577/8214/2208 4579/8216/2209 4578/8215/2176
f 4577/8214/2208 4576/8212/709 4525/8147/709 4579/8216/2209
f 4578/8215/2176 4579/8216/2209 4581/8218/2210 4554/8188/2178
f 4579/8216/2209 4525/8147/709 4598/8251/709 4581/8218/2210
f 5155/9051/751 4685/8366/751 4688/8373/751
f 4662/8334/2211 4555/8189/2212 4556/8190/2186 4666/8339/2185
f 4554/8188/2178 4969/8767/2213 4967/8763/2214
f 5186/9087/709 4559/8193/2196 4558/8192/2194 5187/9088/709
f 5043/8882/751 5134/9025/751 5143/9039/751
f 4613/8268/2215 5049/8894/2216 5048/8893/2217 4612/8267/2218
f 4614/8269/2219 5052/8900/2220 5049/8894/2216 4613/8268/2215
f 4800/8528/709 4798/8524/709 4803/8534/709 4801/8531/709
f 4945/8729/2221 4756/8456/2222 5161/9058/2223 4944/8728/2224
f 5040/8876/751 5148/9044/751 5147/9043/751 5052/8901/751
f 4639/8303/2225 5037/8871/2226 4987/8800/2227 4617/8272/2228
f 4617/8272/2228 4585/8225/2229 4586/8227/2230 4618/8273/2231
f 4618/8273/2231 4586/8227/2230 4587/8229/2232 4619/8274/2233
f 4619/8274/2233 4587/8229/2232 4588/8231/2234 4645/8311/2235
f 4695/8381/709 4580/8217/709 4677/8353/2236 4700/8387/2237
f 4556/8190/2186 4555/8189/2212 4529/8154/2151 4553/8187/2179
f 4653/8322/2238 5045/8886/2239 5056/8909/2240 4983/8795/2241
f 5057/8911/2242 5146/9042/709 4910/8676/709 4778/8482/2243
f 4748/8448/2244 4555/8189/2212 4662/8334/2211 4880/8633/2245
f 4595/8247/2246 4802/8532/2246 4958/8745/2246 4801/8530/2246
f 4591/8238/2246 4593/8243/2246 4799/8526/2246 4796/8520/2246
f 4672/8347/2247 4594/8245/2248 4592/8241/2249 4622/8277/2146
f 5153/9049/709 4598/8252/709 4525/8148/709
f 4645/8311/2235 4588/8231/2234 4594/8245/2248 4672/8347/2247
f 4863/8610/2250 4648/8315/2251 4650/8318/2252 4865/8613/2253
f 5021/8847/2254 4654/8323/2255 4996/8815/2256
f 5152/9048/709 4576/8213/709 4524/8146/709 5150/9046/709
f 4705/8397/2257 4690/8375/2258 4678/8355/2259 4680/8358/2260
f 5151/9047/709 5150/9046/709 4524/8146/709 4572/8208/709
f 4567/8201/2261 4980/8791/2262 4561/8195/2191 4566/8200/2190
f 4970/8768/709 4969/8767/2213 4581/8218/2210 4598/8251/709
f 4865/8613/2253 4650/8318/2252 4649/8316/2263 4864/8611/2264
f 5007/8829/2265 5033/8864/2266 4638/8301/2267 4602/8256/2268
f 5007/8829/2265 4602/8256/2268 5004/8825/2269
f 4715/8409/2270 5040/8875/2271 5052/8900/2220 4614/8269/2219
f 4995/8814/2272 5051/8899/2273 5022/8848/2274
f 4611/8266/2203 4608/8262/2162 4532/8158/2161 4569/8203/2204
f 4534/8162/2165 4530/8155/2168 4607/8261/2200 4609/8264/2275
f 5044/8885/751 5043/8882/751 5143/9039/751
f 4686/8368/751 5155/9051/751 4687/8371/751
f 4623/8278/2276 4669/8343/2277 4671/8346/2278 4977/8785/2279
f 4729/8428/2280 4527/8151/2167 4538/8167/2171 4736/8436/2281
f 4596/8249/751 4590/8235/2182 5179/9080/2181
f 5141/9037/2282 5142/9038/2283 4625/8281/2284 4612/8267/2218
f 5098/8976/709 5106/8984/2285 4634/8295/2286 4633/8294/709
f 4604/8258/709 4628/8285/2287 4626/8283/2288 4605/8259/709
f 4628/8286/2287 4627/8284/2289 4625/8281/2284 4626/8282/2288
f 4627/8284/2289 4613/8268/2215 4612/8267/2218 4625/8281/2284
f 4606/8260/2290 4630/8288/2291 4628/8285/2287 4604/8258/709
f 4630/8289/2291 4629/8287/2292 4627/8284/2289 4628/8286/2287
f 4629/8287/2292 4614/8269/2219 4613/8268/2215 4627/8284/2289
f 5048/8892/751 5147/9043/751 5138/9032/751
f 4709/8402/2293 4710/8403/2294 4630/8288/2291 4606/8260/2290
f 4710/8404/2294 4711/8405/2295 4629/8287/2292 4630/8289/2291
f 4615/8270/2296 5043/8883/2297 5044/8884/2298 4616/8271/2299
f 5106/8985/2285 5111/8993/2300 4635/8297/2301 4634/8296/2286
f 5142/9038/2283 5139/9035/2302 4626/8282/2288 4625/8281/2284
f 4633/8294/709 4634/8295/2286 4636/8298/2303 4603/8257/2304
f 4634/8296/2286 4635/8297/2301 4637/8300/2305 4636/8299/2303
f 5066/8926/2306 4653/8322/2238 4655/8324/2307 5058/8912/2308
f 5102/8980/2309 5134/9024/2310 5043/8883/2297 4615/8270/2296
f 4638/8302/2267 5033/8865/2266 5037/8871/2226 4639/8303/2225
f 4655/8324/2307 4653/8322/2238 4983/8795/2241 5030/8860/2311
f 4988/8801/2312 4963/8755/2313 4991/8805/2314
f 4966/8760/2315 5011/8834/2316 4567/8201/2261
f 4602/8256/2268 4638/8301/2267 4641/8305/2317 4640/8304/709
f 4638/8302/2267 4639/8303/2225 4642/8307/2318 4641/8306/2317
f 4639/8303/2225 4617/8272/2228 4618/8273/2231 4642/8307/2318
f 4640/8304/709 4641/8305/2317 4643/8308/2319 4600/8254/709
f 4641/8306/2317 4642/8307/2318 4644/8310/2320 4643/8309/2319
f 4642/8307/2318 4618/8273/2231 4619/8274/2233 4644/8310/2320
f 4600/8254/709 4643/8308/2319 4646/8312/2321 4601/8255/709
f 4643/8309/2319 4644/8310/2320 4647/8314/2322 4646/8313/2321
f 4644/8310/2320 4619/8274/2233 4645/8311/2235 4647/8314/2322
f 4622/8277/2146 4592/8241/2249 4684/8363/2323 4689/8374/2147
f 4699/8386/2324 4705/8397/2257 4680/8358/2260 4679/8357/2325
f 4694/8380/709 4699/8385/2324 4679/8356/2325 4523/8144/709
f 4971/8771/2326 4978/8787/2327 4670/8345/2328 4599/8253/2184
f 4677/8354/2236 4676/8352/2145 4704/8396/2148 4700/8388/2237
f 4663/8335/2159 4665/8338/2158 4667/8340/2329 4624/8280/2330
f 4665/8338/2158 4664/8337/2331 4668/8341/2332 4667/8340/2329
f 4664/8336/2331 4662/8334/2211 4666/8339/2185 4668/8342/2332
f 4973/8776/2333 4974/8778/2334 4683/8362/2335 4681/8359/2336
f 4880/8633/2245 4662/8334/2211 4664/8336/2331 4882/8636/2337
f 4864/8612/2264 4649/8317/2263 4607/8261/2200 4816/8549/2199
f 4882/8635/2337 4664/8337/2331 4665/8338/2158 4883/8637/2157
f 4731/8430/2201 4530/8155/2168 4527/8151/2167 4729/8428/2280
f 4736/8436/2281 4538/8167/2171 4541/8170/2156 4739/8439/2155
f 4620/8275/2338 4652/8321/2339 4650/8318/2252 4648/8315/2251
f 4652/8321/2339 4651/8319/2340 4649/8316/2263 4650/8318/2252
f 4651/8320/2340 4609/8264/2275 4607/8261/2200 4649/8317/2263
f 4557/8191/2187 4968/8765/2341 4971/8771/2326 4599/8253/2184
f 4671/8346/2278 4670/8344/2328 4978/8788/2327 4977/8785/2279
f 4631/8290/2342 4719/8413/2343 4660/8331/2344 4621/8276/2345
f 4719/8413/2343 4632/8293/2346 4661/8332/2347 4660/8331/2344
f 4632/8291/2346 4608/8262/2162 4611/8266/2203 4661/8333/2347
f 4657/8327/2348 4659/8330/2349 4652/8321/2339 4620/8275/2338
f 4659/8330/2349 4658/8328/2350 4651/8319/2340 4652/8321/2339
f 4658/8329/2350 4610/8265/2202 4609/8264/2275 4651/8320/2340
f 4624/8280/2330 4667/8340/2329 4671/8346/2278 4669/8343/2277
f 4667/8340/2329 4668/8341/2332 4670/8344/2328 4671/8346/2278
f 4668/8342/2332 4666/8339/2185 4599/8253/2184 4670/8345/2328
f 5139/9034/2302 5140/9036/709 4605/8259/709 4626/8283/2288
f 4563/8197/2197 4562/8196/2198 5195/9096/2351 5193/9094/2352
f 4655/8324/2307 4656/8325/2353 5063/8919/2354 5058/8912/2308
f 4621/8276/2345 4660/8331/2344 4659/8330/2349 4657/8327/2348
f 4660/8331/2344 4661/8332/2347 4658/8328/2350 4659/8330/2349
f 4661/8333/2347 4611/8266/2203 4610/8265/2202 4658/8329/2350
f 4583/8220/2355 4584/8224/2356 4681/8359/2336 4678/8355/2259
f 4523/8144/709 4679/8356/2325 4682/8360/2357 4582/8219/709
f 4679/8357/2325 4680/8358/2260 4683/8362/2335 4682/8361/2357
f 4673/8348/709 4675/8350/2358 4677/8353/2236 4580/8217/709
f 4675/8351/2358 4674/8349/2359 4676/8352/2145 4677/8354/2236
f 4674/8349/2359 4672/8347/2247 4622/8277/2146 4676/8352/2145
f 4601/8255/709 4646/8312/2321 4675/8350/2358 4673/8348/709
f 4646/8313/2321 4647/8314/2322 4674/8349/2359 4675/8351/2358
f 4647/8314/2322 4645/8311/2235 4672/8347/2247 4674/8349/2359
f 4684/8363/2323 4686/8367/2360 4691/8376/2361 4689/8374/2147
f 4686/8367/2360 4687/8369/2362 4692/8378/2363 4691/8376/2361
f 4687/8370/2362 4688/8372/2364 4693/8379/2365 4692/8377/2363
f 4688/8372/2364 4685/8365/2366 4690/8375/2258 4693/8379/2365
f 4705/8397/2257 4708/8401/2367 4693/8379/2365 4690/8375/2258
f 4708/8401/2367 4707/8399/2368 4692/8377/2363 4693/8379/2365
f 4707/8400/2368 4706/8398/2369 4691/8376/2361 4692/8378/2363
f 4706/8398/2369 4704/8396/2148 4689/8374/2147 4691/8376/2361
f 4694/8380/709 4696/8382/709 4701/8389/2370 4699/8385/2324
f 4696/8382/709 4697/8383/709 4702/8391/2371 4701/8389/2370
f 4697/8383/709 4698/8384/709 4703/8394/2372 4702/8391/2371
f 4698/8384/709 4695/8381/709 4700/8387/2237 4703/8394/2372
f 4699/8386/2324 4701/8390/2370 4708/8401/2367 4705/8397/2257
f 4701/8390/2370 4702/8392/2371 4707/8399/2368 4708/8401/2367
f 4702/8393/2371 4703/8395/2372 4706/8398/2369 4707/8400/2368
f 4703/8395/2372 4700/8388/2237 4704/8396/2148 4706/8398/2369
f 4685/8365/2366 4583/8220/2355 4678/8355/2259 4690/8375/2258
f 4632/8292/2346 4725/8421/2373 4714/8408/2160 4608/8263/2162
f 4725/8421/2373 4724/8419/2374 4713/8407/2375 4714/8408/2160
f 4724/8419/2374 4723/8417/2376 4712/8406/2377 4713/8407/2375
f 4723/8417/2376 4710/8403/2294 4709/8402/2293 4712/8406/2377
f 5141/9037/2282 5138/9033/732 5135/9027/2378 5103/8981/2379
f 4715/8409/2270 4718/8412/2380 5041/8877/2381 5040/8875/2271
f 4718/8412/2380 4717/8411/2382 5047/8891/2383 5041/8877/2381
f 5029/8859/2384 5051/8899/2273 5025/8852/2385
f 4719/8413/2343 4722/8416/2386 4725/8422/2373 4632/8293/2346
f 4722/8416/2386 4721/8415/2387 4724/8420/2374 4725/8422/2373
f 4721/8415/2387 4720/8414/2388 4723/8418/2376 4724/8420/2374
f 4720/8414/2388 4711/8405/2295 4710/8404/2294 4723/8418/2376
f 4631/8290/2342 4716/8410/2389 4722/8416/2386 4719/8413/2343
f 4716/8410/2389 4717/8411/2382 4721/8415/2387 4722/8416/2386
f 4717/8411/2382 4718/8412/2380 4720/8414/2388 4721/8415/2387
f 4718/8412/2380 4715/8409/2270 4711/8405/2295 4720/8414/2388
f 4620/8275/2338 4648/8315/2251 4863/8610/2250 4831/8565/2390
f 5049/8895/751 5147/9043/751 5048/8892/751
f 4682/8360/2357 4976/8782/2391 4975/8780/709 4582/8219/709
f 4735/8435/2392 4762/8462/2393 4733/8433/2394 4734/8434/2395
f 4734/8434/2395 4733/8433/2394 4731/8430/2201 4729/8428/2280
f 4738/8438/2396 4735/8435/2392 4734/8434/2395 4737/8437/2397
f 4737/8437/2397 4734/8434/2395 4729/8428/2280 4736/8436/2281
f 4768/8470/2398 4738/8438/2396 4737/8437/2397 4740/8440/2399
f 4740/8440/2399 4737/8437/2397 4736/8436/2281 4739/8439/2155
f 4743/8443/2400 4768/8470/2398 4740/8440/2399 4742/8442/2401
f 4742/8442/2401 4740/8440/2399 4739/8439/2155 4741/8441/2153
f 4772/8475/2402 4743/8443/2400 4742/8442/2401 4745/8445/2403
f 4745/8445/2403 4742/8442/2401 4741/8441/2153 4744/8444/2149
f 4747/8447/2404 4772/8475/2402 4745/8445/2403 4746/8446/2405
f 4746/8446/2405 4745/8445/2403 4744/8444/2149 4730/8429/2152
f 4557/8191/2187 4556/8190/2186 4553/8187/2179 4554/8188/2178
f 4730/8429/2152 4529/8154/2151 4555/8189/2212 4748/8448/2244
f 4806/8539/2406 4750/8450/2407 4749/8449/2408 4884/8638/2409
f 4920/8691/751 4774/8477/751 4804/8536/751 4902/8663/751
f 4761/8461/2410 4760/8460/2411 4754/8454/2412 4755/8455/2413
f 4760/8460/2411 4759/8459/2414 4753/8453/2415 4754/8454/2412
f 4759/8459/2414 4758/8458/2416 4751/8451/2417 4753/8453/2415
f 4758/8458/2416 4757/8457/2418 4752/8452/2419 4751/8451/2417
f 4752/8452/2419 4757/8457/2418 4756/8456/2222 4732/8432/2420
f 4762/8462/2393 4819/8553/2421 4818/8552/2422 4733/8433/2394
f 4820/8554/2423 4763/8463/2424 4732/8431/2420 4817/8550/2425
f 4763/8463/2424 4765/8466/2426 4764/8464/751 4732/8431/2420
f 4762/8462/2393 4735/8435/2392 4765/8466/2426 4763/8463/2424
f 4765/8466/2426 4767/8469/2427 4766/8467/751 4764/8464/751
f 4735/8435/2392 4738/8438/2396 4767/8469/2427 4765/8466/2426
f 4767/8469/2427 4769/8471/2428 4727/8424/751 4766/8467/751
f 4738/8438/2396 4768/8470/2398 4769/8471/2428 4767/8469/2427
f 4769/8471/2428 4771/8474/2429 4770/8472/751 4727/8424/751
f 4768/8470/2398 4743/8443/2400 4771/8474/2429 4769/8471/2428
f 4771/8474/2429 4773/8476/2430 4728/8426/751 4770/8472/751
f 4743/8443/2400 4772/8475/2402 4773/8476/2430 4771/8474/2429
f 4773/8476/2430 4775/8478/2431 4805/8537/751 4728/8426/751
f 4772/8475/2402 4747/8447/2404 4775/8478/2431 4773/8476/2430
f 4749/8449/2408 4746/8446/2405 4730/8429/2152 4748/8448/2244
f 4880/8633/2245 4884/8638/2409 4749/8449/2408 4748/8448/2244
f 4593/8243/2246 4595/8247/2246 4801/8530/2246 4799/8526/2246
f 4593/8244/751 4591/8239/751 4590/8235/2182 4596/8249/751
f 4783/8493/2432 4832/8566/2433 4842/8579/2434
f 4822/8556/2435 4821/8555/2436 4780/8486/2217 4781/8488/2216
f 4935/8714/2437 4815/8548/2438 4841/8577/2439 4936/8715/2440
f 4811/8544/2441 5163/9060/2442 4943/8727/2443
f 4868/8617/2444 5167/9065/2445 5165/9062/2446 4793/8513/2447
f 5156/9052/2448 4871/8621/2449 4794/8515/2450 5158/9054/2451
f 5167/9065/2445 4826/8560/2452 4786/8499/2453 5165/9062/2446
f 4826/8560/2452 4827/8561/2454 4787/8501/2455 4786/8499/2453
f 4827/8561/2454 4828/8562/2456 4788/8503/2229 4787/8501/2455
f 4828/8562/2456 4829/8563/2457 4789/8505/2230 4788/8503/2229
f 4829/8563/2457 4830/8564/2458 4790/8507/2232 4789/8505/2230
f 4830/8564/2458 4860/8606/2459 4791/8510/2234 4790/8507/2232
f 4798/8524/709 4909/8673/709 5146/9042/709 4803/8534/709
f 4943/8727/2443 4761/8461/2410 4872/8622/2460 5157/9053/751
f 4669/8343/2277 4623/8278/2276 4903/8664/2461 4834/8568/2462
f 4871/8621/2449 4868/8617/2444 4793/8513/2447 4794/8515/2450
f 5145/9041/751 4597/8250/751 4594/8246/751 4588/8232/751
f 4728/8427/751 4774/8477/751 4894/8651/751 4770/8473/751
f 4893/8650/2463 4833/8567/2464 4798/8525/2249 4800/8529/2248
f 4903/8664/2461 4779/8485/2465 4906/8669/2466
f 4809/8542/751 4727/8425/751 4770/8473/751 4894/8651/751
f 4930/8707/2467 4901/8661/2468 4899/8658/2469 4915/8685/2470
f 5164/9061/751 5170/9069/751 4807/8540/751
f 4808/8541/751 4766/8468/751 4727/8425/751 4809/8542/751
f 5171/9070/751 5169/9068/751 4754/8454/2412 4753/8453/2415
f 4775/8478/2431 4776/8479/2471 4804/8535/751 4805/8537/751
f 4776/8479/2471 4890/8646/2472 4902/8662/751 4804/8535/751
f 5170/9069/751 5169/9068/751 4810/8543/751 4797/8523/751
f 5169/9068/751 4855/8599/751 4810/8543/751
f 4766/8468/751 5173/9072/751 5172/9071/751
f 5123/9009/2473 4821/8555/2436 4836/8570/2474 5130/9020/2475
f 4761/8461/2410 4755/8455/2413 4812/8545/2476 4872/8622/2460
f 4568/8202/2166 4534/8162/2165 4609/8264/2275 4610/8265/2202
f 4874/8624/2477 4873/8623/2478 4941/8724/2479 4942/8726/2480
f 4795/8518/2481 4796/8521/709 4799/8527/709 4803/8534/709
f 4750/8450/2407 4806/8539/2406 4890/8646/2472 4776/8479/2471
f 4623/8278/2276 4972/8775/2482 4903/8664/2461
f 5156/9052/2448 5158/9054/2451 5095/8969/2483 5086/8958/2484
f 4687/8371/751 5155/9051/751 4688/8373/751
f 5122/9008/2485 4824/8558/2486 4784/8495/2297 5115/8998/2487
f 5082/8950/2488 5078/8944/2489 4848/8589/2490 4847/8587/2491
f 4813/8546/751 4814/8547/751 4837/8571/2492 4839/8574/2493
f 4839/8575/2493 4837/8572/2492 4836/8570/2474 4838/8573/2494
f 4838/8573/2494 4836/8570/2474 4821/8555/2436 4822/8556/2435
f 4824/8558/2486 4825/8559/2495 4785/8497/2496 4784/8495/2297
f 4815/8548/2438 4813/8546/751 4839/8574/2493 4841/8577/2439
f 4841/8578/2439 4839/8575/2493 4838/8573/2494 4840/8576/2497
f 4936/8716/2440 4841/8578/2439 4840/8576/2497 4937/8717/2498
f 4937/8717/2498 4840/8576/2497 4823/8557/2499 4947/8731/2500
f 5180/9081/709 4934/8712/709 4782/8490/709
f 5126/9012/2501 4837/8571/2492 4814/8547/751 5118/9004/751
f 5130/9020/2475 4836/8570/2474 4837/8572/2492 5126/9013/2501
f 5131/9021/2502 4846/8586/2503 4824/8558/2486 5122/9008/2485
f 4844/8583/2504 4811/8544/2441 4847/8588/2491 4845/8584/2505
f 4845/8585/2505 4847/8587/2491 4848/8589/2490 4846/8586/2503
f 5087/8959/2506 5094/8967/2507 4785/8497/2496 4825/8559/2495
f 5164/9061/751 4807/8540/751 4849/8590/2508 5168/9067/2509
f 5168/9066/2509 4849/8591/2508 4850/8592/2510 5166/9064/2511
f 5166/9064/2511 4850/8592/2510 4826/8560/2452 5167/9065/2445
f 4807/8540/751 4797/8523/751 4851/8593/2512 4849/8590/2508
f 4849/8591/2508 4851/8594/2512 4852/8595/2513 4850/8592/2510
f 4850/8592/2510 4852/8595/2513 4827/8561/2454 4826/8560/2452
f 4797/8523/751 4810/8543/751 4853/8596/2514 4851/8593/2512
f 4851/8594/2512 4853/8597/2514 4854/8598/2515 4852/8595/2513
f 4852/8595/2513 4854/8598/2515 4828/8562/2456 4827/8561/2454
f 4810/8543/751 4855/8599/751 4856/8600/2516 4853/8596/2514
f 4853/8597/2514 4856/8601/2516 4857/8602/2517 4854/8598/2515
f 4854/8598/2515 4857/8602/2517 4829/8563/2457 4828/8562/2456
f 4855/8599/751 4808/8541/751 4858/8603/2518 4856/8600/2516
f 4856/8601/2516 4858/8604/2518 4859/8605/2519 4857/8602/2517
f 4857/8602/2517 4859/8605/2519 4830/8564/2458 4829/8563/2457
f 4808/8541/751 4809/8542/751 4861/8607/2520 4858/8603/2518
f 4858/8604/2518 4861/8608/2520 4862/8609/2521 4859/8605/2519
f 4859/8605/2519 4862/8609/2521 4860/8606/2459 4830/8564/2458
f 4774/8477/751 4920/8691/751 4925/8697/2522 4898/8656/2523
f 4924/8696/2524 4900/8660/2525 4901/8661/2468 4930/8707/2467
f 4919/8690/751 4726/8423/751 4900/8659/2525 4924/8695/2524
f 4750/8450/2407 4747/8447/2404 4746/8446/2405 4749/8449/2408
f 4898/8657/2523 4925/8698/2522 4929/8706/2526 4897/8655/2527
f 4881/8634/2159 4835/8569/2330 4885/8639/2528 4883/8637/2157
f 4883/8637/2157 4885/8639/2528 4886/8640/2529 4882/8635/2337
f 4882/8636/2337 4886/8641/2529 4884/8638/2409 4880/8633/2245
f 4908/8672/2530 4905/8668/2531 4903/8664/2461 4906/8669/2466
f 4907/8670/2532 4904/8665/2533 4905/8668/2531 4908/8672/2530
f 4831/8565/2390 4863/8610/2250 4865/8613/2253 4867/8616/2534
f 4867/8616/2534 4865/8613/2253 4864/8611/2264 4866/8614/2535
f 4866/8615/2535 4864/8612/2264 4816/8549/2199 4818/8552/2422
f 5119/9005/2536 4844/8583/2504 4845/8584/2505 5127/9014/2537
f 4887/8642/2538 4834/8568/2462 4891/8647/2539 4889/8645/2540
f 4889/8645/2540 4891/8647/2539 4892/8648/2541 4888/8643/2542
f 4834/8568/2462 4903/8664/2461 4905/8668/2531 4891/8647/2539
f 4891/8647/2539 4905/8668/2531 4904/8665/2533 4892/8648/2541
f 4892/8649/2541 4904/8666/2533 4902/8662/751 4890/8646/2472
f 4842/8579/2434 4832/8566/2433 4878/8630/2543 4951/8735/2544
f 4951/8735/2544 4878/8630/2543 4879/8631/2545 4843/8582/2546
f 4843/8580/2546 4879/8632/2545 4820/8554/2423 4817/8550/2425
f 4875/8626/2547 4831/8565/2390 4867/8616/2534 4877/8629/2548
f 4877/8629/2548 4867/8616/2534 4866/8614/2535 4876/8627/2549
f 4876/8628/2549 4866/8615/2535 4818/8552/2422 4819/8553/2421
f 4835/8569/2330 4887/8642/2538 4889/8645/2540 4885/8639/2528
f 4885/8639/2528 4889/8645/2540 4888/8643/2542 4886/8640/2529
f 4886/8641/2529 4888/8644/2542 4806/8539/2406 4884/8638/2409
f 4872/8622/2460 4812/8545/2476 4870/8620/2550 4874/8625/2477
f 4874/8624/2477 4870/8619/2550 4869/8618/2551 4873/8623/2478
f 4873/8623/2478 4869/8618/2551 4868/8617/2444 4871/8621/2449
f 4941/8724/2479 5156/9052/2448 5086/8958/2484 5079/8945/2552
f 5078/8944/2489 5087/8959/2506 4825/8559/2495 4848/8589/2490
f 5157/9053/751 4872/8622/2460 4874/8625/2477 4942/8725/2480
f 4888/8644/2542 4892/8649/2541 4890/8646/2472 4806/8539/2406
f 4832/8566/2433 4875/8626/2547 4877/8629/2548 4878/8630/2543
f 4878/8630/2543 4877/8629/2548 4876/8627/2549 4879/8631/2545
f 4906/8669/2466 4779/8485/2465 4778/8481/2355 4899/8658/2469
f 4726/8423/751 4777/8480/751 4907/8671/2532 4900/8659/2525
f 4900/8660/2525 4907/8670/2532 4908/8672/2530 4901/8661/2468
f 4894/8651/751 4774/8477/751 4898/8656/2523 4896/8653/2553
f 4896/8654/2553 4898/8657/2523 4897/8655/2527 4895/8652/2554
f 4895/8652/2554 4897/8655/2527 4833/8567/2464 4893/8650/2463
f 4809/8542/751 4894/8651/751 4896/8653/2553 4861/8607/2520
f 4861/8608/2520 4896/8654/2553 4895/8652/2554 4862/8609/2521
f 4862/8609/2521 4895/8652/2554 4893/8650/2463 4860/8606/2459
f 4909/8674/2555 4914/8684/2556 4916/8686/2557 4911/8677/2558
f 4911/8677/2558 4916/8686/2557 4917/8688/2559 4912/8679/2560
f 4912/8680/2560 4917/8687/2559 4918/8689/2561 4913/8682/2562
f 4930/8707/2467 4915/8685/2470 4918/8689/2561 4933/8711/2563
f 4933/8711/2563 4918/8689/2561 4917/8687/2559 4932/8709/2564
f 4932/8710/2564 4917/8688/2559 4916/8686/2557 4931/8708/2565
f 4931/8708/2565 4916/8686/2557 4914/8684/2556 4929/8706/2526
f 4919/8690/751 4924/8695/2524 4926/8699/2566 4921/8692/751
f 4921/8692/751 4926/8699/2566 4927/8701/2567 4922/8693/751
f 4922/8693/751 4927/8701/2567 4928/8704/2568 4923/8694/751
f 4923/8694/751 4928/8704/2568 4925/8697/2522 4920/8691/751
f 4924/8696/2524 4930/8707/2467 4933/8711/2563 4926/8700/2566
f 4926/8700/2566 4933/8711/2563 4932/8709/2564 4927/8702/2567
f 4927/8703/2567 4932/8710/2564 4931/8708/2565 4928/8705/2568
f 4928/8705/2568 4931/8708/2565 4929/8706/2526 4925/8698/2522
f 4913/8682/2562 4918/8689/2561 4915/8685/2470 4910/8675/2569
f 4879/8632/2545 4876/8628/2549 4819/8553/2421 4820/8554/2423
f 4777/8480/751 4902/8663/751 4904/8667/2533 4907/8671/2532
f 4821/8555/2436 5123/9009/2473 5114/8996/2570 4780/8486/2217
f 4840/8576/2497 4838/8573/2494 4822/8556/2435 4823/8557/2499
f 5091/8964/751 5157/9053/751 4942/8725/2480 5083/8951/2571
f 4843/8581/2546 4817/8551/2425 4946/8730/2572 4957/8743/2573
f 4957/8743/2573 4946/8730/2572 4945/8729/2221 4956/8741/2574
f 4956/8741/2574 4945/8729/2221 4944/8728/2224 4955/8739/2575
f 4955/8739/2575 4944/8728/2224 4935/8714/2437 4936/8715/2440
f 4910/8675/2569 4915/8685/2470 4899/8658/2469 4778/8481/2355
f 4947/8731/2500 4934/8713/2576 4940/8722/2577 4950/8734/2578
f 4950/8734/2578 4940/8722/2577 4939/8720/2579 4949/8733/2580
f 4949/8733/2580 4939/8720/2579 4938/8718/2581 4948/8732/2582
f 4951/8735/2544 4843/8582/2546 4957/8744/2573 4954/8738/2583
f 4954/8738/2583 4957/8744/2573 4956/8742/2574 4953/8737/2584
f 4953/8737/2584 4956/8742/2574 4955/8740/2575 4952/8736/2585
f 4952/8736/2585 4955/8740/2575 4936/8716/2440 4937/8717/2498
f 4842/8579/2434 4951/8735/2544 4954/8738/2583 4948/8732/2582
f 4948/8732/2582 4954/8738/2583 4953/8737/2584 4949/8733/2580
f 4949/8733/2580 4953/8737/2584 4952/8736/2585 4950/8734/2578
f 4950/8734/2578 4952/8736/2585 4937/8717/2498 4947/8731/2500
f 5011/8834/2316 4980/8791/2262 4567/8201/2261
f 5008/8830/2586 5003/8824/2587 4964/8757/2588 4963/8755/2313
f 4600/8254/709 4601/8255/709 5150/9046/709 5151/9047/709
f 4617/8272/2228 4987/8800/2227 4992/8807/2589 4585/8225/2229
f 4656/8325/2353 4655/8324/2307 5030/8860/2311 5026/8853/2590
f 5018/8843/2591 5022/8848/2274 5051/8899/2273 5050/8896/2592
f 4962/8753/1325 4999/8819/2593 4979/8790/2188 4961/8751/704
f 4543/8173/2594 4545/8175/2595 4528/8152/2596 4526/8150/2597
f 4528/8152/2596 4545/8175/2595 4547/8178/2598 4531/8156/2599
f 4531/8156/2599 4547/8178/2598 4548/8181/2600 4533/8160/2601
f 5015/8839/2602 4959/8747/1308 4960/8749/1324 5012/8835/2189
f 4959/8747/1308 5015/8839/2602 5018/8843/2591 5050/8896/2592
f 4654/8323/2255 4656/8326/2353 5026/8854/2590 4996/8815/2256
f 4962/8753/1325 4964/8757/2588 5003/8824/2587 4999/8819/2593
f 4523/8144/709 4582/8219/709 5176/9077/709 5154/9050/709
f 4948/8732/2582 4938/8718/2581 4783/8493/2432 4842/8579/2434
f 4984/8796/2603 4986/8799/2604 5054/8904/2605 5053/8903/2606
f 4986/8799/2604 4985/8797/2607 5055/8906/2608 5054/8904/2605
f 4983/8795/2241 4985/8798/2607 5032/8863/2609 5030/8860/2311
f 4985/8797/2607 4986/8799/2604 5031/8861/2610 5032/8862/2609
f 4986/8799/2604 4984/8796/2603 5029/8859/2384 5031/8861/2610
f 5004/8825/2269 5006/8827/2611 5009/8831/2612 5007/8829/2265
f 5006/8828/2611 5005/8826/2613 5010/8833/2614 5009/8832/2612
f 5005/8826/2613 5003/8824/2587 5008/8830/2586 5010/8833/2614
f 5007/8829/2265 5009/8831/2612 5035/8867/2615 5033/8864/2266
f 5009/8832/2612 5010/8833/2614 5034/8866/2616 5035/8869/2615
f 5010/8833/2614 5008/8830/2586 5034/8866/2616
f 5000/8820/709 5002/8823/2617 5006/8827/2611 5004/8825/2269
f 5002/8822/2617 5001/8821/2618 5005/8826/2613 5006/8828/2611
f 5001/8821/2618 4999/8819/2593 5003/8824/2587 5005/8826/2613
f 5015/8839/2602 5017/8842/2619 5019/8844/2620 5018/8843/2591
f 5017/8842/2619 5016/8840/2621 5020/8845/2622 5019/8844/2620
f 5016/8841/2621 4966/8760/2315 4965/8759/2623 5020/8846/2622
f 4988/8801/2312 4990/8804/2624 5038/8872/2625 5036/8870/2626
f 4990/8804/2624 4989/8803/2627 5039/8874/2628 5038/8872/2625
f 4989/8802/2627 4987/8800/2227 5037/8871/2226 5039/8873/2628
f 5018/8843/2591 5019/8844/2620 5024/8851/2629 5022/8848/2274
f 5019/8844/2620 5020/8845/2622 5023/8850/2630 5024/8851/2629
f 5020/8846/2622 4965/8759/2623 5021/8847/2254 5023/8849/2630
f 5012/8835/2189 5014/8838/2631 5017/8842/2619 5015/8839/2602
f 5014/8838/2631 5013/8836/2632 5016/8840/2621 5017/8842/2619
f 5013/8837/2632 5011/8834/2316 4966/8760/2315 5016/8841/2621
f 4987/8800/2227 4989/8802/2627 4994/8811/2633 4992/8807/2589
f 4989/8803/2627 4990/8804/2624 4993/8809/2634 4994/8812/2633
f 4990/8804/2624 4988/8801/2312 4991/8805/2314 4993/8809/2634
f 5025/8852/2385 5027/8855/2635 5031/8861/2610 5029/8859/2384
f 5027/8855/2635 5028/8857/2636 5032/8862/2609 5031/8861/2610
f 5028/8856/2636 5026/8853/2590 5030/8860/2311 5032/8863/2609
f 4995/8814/2272 4997/8816/2637 5027/8855/2635 5025/8852/2385
f 4997/8816/2637 4998/8818/2638 5028/8857/2636 5027/8855/2635
f 4998/8817/2638 4996/8815/2256 5026/8854/2590 5028/8858/2636
f 4996/8815/2256 4998/8817/2638 5023/8849/2630 5021/8847/2254
f 4998/8818/2638 4997/8816/2637 5024/8851/2629 5023/8850/2630
f 4997/8816/2637 4995/8814/2272 5022/8848/2274 5024/8851/2629
f 5033/8865/2266 5035/8868/2615 5039/8873/2628 5037/8871/2226
f 5035/8869/2615 5034/8866/2616 5038/8872/2625 5039/8874/2628
f 5034/8866/2616 5008/8830/2586 5036/8870/2626 5038/8872/2625
f 4999/8819/2593 5001/8821/2618 4981/8792/2639 4979/8790/2188
f 5001/8821/2618 5002/8822/2617 4982/8793/2640 4981/8792/2639
f 5002/8823/2617 5000/8820/709 4980/8791/2262 4982/8794/2640
f 4979/8790/2188 4981/8792/2639 5014/8838/2631 5012/8835/2189
f 4981/8792/2639 4982/8793/2640 5013/8836/2632 5014/8838/2631
f 4982/8794/2640 4980/8791/2262 5011/8834/2316 5013/8837/2632
f 4804/8536/751 4774/8477/751 4805/8538/751
f 4985/8798/2607 4983/8795/2241 5056/8909/2240 5055/8907/2608
f 4786/8500/709 4787/8502/709 4792/8512/709
f 5146/9042/709 4912/8681/709 4913/8683/709
f 4795/8518/2481 4803/8534/709 5057/8911/2242
s 0
f 4795/8517/2641 4779/8483/2641 4584/8223/2641 4590/8236/2641
s 1
f 4790/8508/709 4791/8509/709 4958/8746/709
f 4802/8532/2246 4589/8234/2642 4792/8511/2642 4958/8745/2246
f 4909/8673/709 4911/8678/709 5146/9042/709
f 5143/9039/751 5137/9031/751 5135/9026/751
f 4789/8506/709 4790/8508/709 4958/8746/709
f 5144/9040/751 4959/8748/751 5050/8897/751
f 4787/8502/709 4788/8504/709 4958/8746/709 4792/8512/709
f 5145/9041/751 4586/8228/751 4585/8226/751
f 5144/9040/751 4964/8758/751 4962/8754/751
f 5144/9040/751 4962/8754/751 4961/8752/751
f 5144/9040/751 4961/8752/751 4960/8750/751
f 5145/9041/751 4588/8232/751 4587/8230/751
f 4788/8504/709 4789/8506/709 4958/8746/709
f 4846/8586/2503 4848/8589/2490 4825/8559/2495 4824/8558/2486
f 5127/9015/2537 4845/8585/2505 4846/8586/2503 5131/9021/2502
f 4901/8661/2468 4908/8672/2530 4906/8669/2466 4899/8658/2469
f 5148/9044/751 5040/8876/751 5041/8878/751
f 5146/9042/709 4911/8678/709 4912/8681/709
f 5148/9044/751 5047/8890/751 5046/8888/751 5144/9040/751
f 4635/8297/2301 4615/8270/2296 4616/8271/2299 4637/8300/2305
f 5070/8931/2643 4603/8257/2304 4636/8298/2303 5062/8918/2644
f 4637/8300/2305 4616/8271/2299 5067/8927/2645 5059/8913/2646
f 5148/9044/751 5041/8878/751 5047/8890/751
f 4711/8405/2295 4715/8409/2270 4614/8269/2219 4629/8287/2292
f 5143/9039/751 5135/9026/751 5138/9032/751 5147/9043/751
f 5149/9045/751 5056/8910/751 5045/8887/751
f 5144/9040/751 4960/8750/751 4959/8748/751
f 4589/8233/751 4802/8533/751 5145/9041/751 5144/9040/751
f 5146/9042/709 4913/8683/709 4910/8676/709
f 4595/8248/751 4593/8244/751 4596/8249/751 4597/8250/751
f 4631/8290/2342 5042/8881/2647 4716/8410/2389
f 4994/8813/751 4993/8810/751 4991/8806/751
f 4596/8249/751 4592/8242/751 4594/8246/751 4597/8250/751
f 4589/8233/751 5144/9040/751 5046/8888/751 5042/8879/751
f 4680/8358/2260 4678/8355/2259 4681/8359/2336 4683/8362/2335
f 4791/8509/709 4800/8528/709 4801/8531/709 4958/8746/709
f 5052/8901/751 5147/9043/751 5049/8895/751
f 4795/8518/2481 5057/8911/2242 4778/8482/2243 4779/8484/2648
f 5051/8898/751 5149/9045/751 5050/8897/751
f 4733/8433/2394 4818/8552/2422 4816/8549/2199 4731/8430/2201
f 4636/8299/2303 4637/8300/2305 5059/8913/2646 5062/8917/2644
f 4942/8726/2480 4941/8724/2479 5079/8945/2552 5083/8952/2571
f 5090/8963/751 5082/8949/2488 4847/8588/2491 4811/8544/2441
f 5177/9078/2649 5194/9095/2650 5190/9091/2651
f 4656/8326/2353 4654/8323/2255 5071/8932/2652 5063/8920/2354
f 5194/9095/2650 4565/8199/2193 4564/8198/2195 5190/9091/2651
f 5059/8913/2646 5061/8916/2653 5064/8921/2654 5062/8917/2644
f 5061/8916/2653 5060/8914/2655 5065/8923/2656 5064/8921/2654
f 5060/8915/2655 5058/8912/2308 5063/8919/2354 5065/8924/2656
f 5067/8927/2645 5069/8930/2657 5061/8916/2653 5059/8913/2646
f 5069/8930/2657 5068/8928/2658 5060/8914/2655 5061/8916/2653
f 5068/8929/2658 5066/8926/2306 5058/8912/2308 5060/8915/2655
f 5067/8927/2645 4616/8271/2299 5044/8884/2298 5075/8937/2659
f 5075/8937/2659 5077/8942/2660 5069/8930/2657 5067/8927/2645
f 5077/8942/2660 5076/8939/2661 5068/8928/2658 5069/8930/2657
f 5083/8951/2571 5085/8955/2662 5093/8966/751 5091/8964/751
f 5085/8955/2662 5084/8953/2663 5092/8965/751 5093/8966/751
f 5084/8953/2663 5082/8949/2488 5090/8963/751 5092/8965/751
f 5079/8945/2552 5081/8947/2664 5085/8956/2662 5083/8952/2571
f 5081/8948/2664 5080/8946/2665 5084/8954/2663 5085/8957/2662
f 5080/8946/2665 5078/8944/2489 5082/8950/2488 5084/8954/2663
f 5076/8940/2661 5074/8935/2666 5066/8926/2306 5068/8929/2658
f 5095/8969/2483 5097/8973/2667 5088/8960/2668 5086/8958/2484
f 5097/8974/2667 5096/8971/2669 5089/8962/2670 5088/8961/2668
f 5086/8958/2484 5088/8960/2668 5081/8947/2664 5079/8945/2552
f 5088/8961/2668 5089/8962/2670 5080/8946/2665 5081/8948/2664
f 5089/8962/2670 5087/8959/2506 5078/8944/2489 5080/8946/2665
f 5062/8918/2644 5064/8922/2654 5072/8933/2671 5070/8931/2643
f 5064/8922/2654 5065/8925/2656 5073/8934/2672 5072/8933/2671
f 5065/8925/2656 5063/8920/2354 5071/8932/2652 5073/8934/2672
f 4802/8533/751 4595/8248/751 4597/8250/751 5145/9041/751
f 5111/8993/2300 5102/8980/2309 4615/8270/2296 4635/8297/2301
f 5096/8971/2669 5094/8967/2507 5087/8959/2506 5089/8962/2670
f 5115/8998/2487 5117/9002/2673 5124/9010/2674 5122/9008/2485
f 5117/9002/2673 5116/9000/2675 5125/9011/2676 5124/9010/2674
f 5098/8976/709 5100/8978/709 5108/8988/2677 5106/8984/2285
f 5100/8978/709 5101/8979/709 5109/8990/2678 5108/8988/2677
f 5101/8979/709 5099/8977/709 5107/8986/2679 5109/8990/2678
f 5118/9004/751 5120/9006/751 5128/9016/2680 5126/9012/2501
f 5120/9006/751 5121/9007/2681 5129/9018/2682 5128/9016/2680
f 5121/9007/2681 5119/9005/2536 5127/9014/2537 5129/9018/2682
f 5103/8981/2379 5105/8983/2683 5112/8994/2684 5110/8992/2685
f 5105/8983/2683 5104/8982/2686 5113/8995/2687 5112/8994/2684
f 5104/8982/2686 5102/8980/2309 5111/8993/2300 5113/8995/2687
f 5106/8985/2285 5108/8989/2677 5113/8995/2687 5111/8993/2300
f 5108/8989/2677 5109/8991/2678 5112/8994/2684 5113/8995/2687
f 5109/8991/2678 5107/8987/2679 5110/8992/2685 5112/8994/2684
f 5126/9013/2501 5128/9017/2680 5132/9022/2688 5130/9020/2475
f 5128/9017/2680 5129/9019/2682 5133/9023/2689 5132/9022/2688
f 5129/9019/2682 5127/9015/2537 5131/9021/2502 5133/9023/2689
f 5116/9000/2675 5114/8996/2570 5123/9009/2473 5125/9011/2676
f 5135/9027/2378 5137/9030/2690 5105/8983/2683 5103/8981/2379
f 5137/9030/2690 5136/9028/2691 5104/8982/2686 5105/8983/2683
f 5122/9008/2485 5124/9010/2674 5133/9023/2689 5131/9021/2502
f 5124/9010/2674 5125/9011/2676 5132/9022/2688 5133/9023/2689
f 5125/9011/2676 5123/9009/2473 5130/9020/2475 5132/9022/2688
f 5136/9028/2691 5134/9024/2310 5102/8980/2309 5104/8982/2686
f 5149/9045/751 5044/8885/751 5148/9044/751
f 4819/8553/2421 4762/8462/2393 4763/8463/2424 4820/8554/2423
f 4713/8407/2375 4562/8196/2198 4532/8159/2161 4714/8408/2160
f 5107/8986/2679 5099/8977/709 5140/9036/709 5139/9034/2302
f 5110/8992/2685 5107/8987/2679 5139/9035/2302 5142/9038/2283
f 5103/8981/2379 5110/8992/2685 5142/9038/2283 5141/9037/2282
f 5149/9045/751 5077/8943/751 5075/8938/751
f 5000/8820/709 5004/8825/2269 5184/9085/709
f 4612/8267/2218 5048/8893/2217 5138/9033/732 5141/9037/2282
f 5044/8885/751 5143/9039/751 5147/9043/751 5148/9044/751
f 5195/9096/2351 4712/8406/2377 4709/8402/2293
f 5074/8935/2666 5045/8886/2239 4653/8322/2238 5066/8926/2306
f 5182/9083/709 5181/9082/709 4784/8496/709 4785/8498/2692
f 5149/9045/751 5053/8902/751 5054/8905/751
f 5149/9045/751 5055/8908/751 5056/8910/751
f 5054/8905/751 5055/8908/751 5149/9045/751
f 5051/8898/751 5053/8902/751 5149/9045/751
f 4783/8492/704 4792/8511/2642 4589/8234/2642 5042/8880/704
f 4601/8255/709 4673/8348/709 5152/9048/709 5150/9046/709
f 5151/9047/709 5186/9087/709 5187/9088/709
f 5008/8830/2586 4963/8755/2313 5036/8870/2626
f 5151/9047/709 5187/9088/709 5185/9086/709
f 5036/8870/2626 4963/8755/2313 4988/8801/2312
f 5187/9088/709 4558/8192/2194 4560/8194/2192 5185/9086/709
f 5188/9089/2693 4966/8760/2315 4567/8201/2261 5191/9092/2694
f 4673/8348/709 4580/8217/709 5153/9049/709 5152/9048/709
f 5184/9085/709 5185/9086/709 4560/8194/2192 4561/8195/2191
f 4974/8778/2334 4976/8783/2391 4682/8361/2357 4683/8362/2335
f 4747/8447/2404 4750/8450/2407 4776/8479/2471 4775/8478/2431
f 5153/9049/709 4548/8180/709 4547/8179/709
f 5076/8941/751 5077/8943/751 5149/9045/751
f 4543/8172/709 4970/8769/709 4598/8252/709 5153/9049/709
f 4621/8276/2345 5042/8881/2647 4631/8290/2342
f 5152/9048/709 5153/9049/709 4525/8148/709 4576/8213/709
f 5025/8852/2385 5051/8899/2273 4995/8814/2272
f 5154/9050/709 5176/9077/709 5153/9049/709
f 4805/8538/751 4774/8477/751 4728/8427/751
f 4984/8796/2603 5053/8903/2606 5051/8899/2273
f 4545/8176/709 4543/8172/709 5153/9049/709
f 4813/8546/751 4815/8548/2438 4814/8547/751
f 4547/8179/709 4545/8176/709 5153/9049/709
f 4551/8184/709 4548/8180/709 5153/9049/709
f 4536/8165/709 5174/9074/709 4971/8772/709 4968/8764/709
f 4696/8382/709 5154/9050/709 4697/8383/709
f 4697/8383/709 5154/9050/709 4698/8384/709
f 4582/8219/709 4975/8780/709 4551/8184/709 5176/9077/709
f 5176/9077/709 4551/8184/709 5153/9049/709
f 5045/8887/751 5074/8936/751 5149/9045/751
f 4533/8160/2601 4548/8181/2600 4551/8185/2695 4536/8164/2696
f 4969/8766/2697 4526/8150/2597 4967/8761/2698
f 5046/8889/2699 5047/8891/2383 4717/8411/2382 4716/8410/2389 5042/8881/2647
f 4975/8781/2700 5174/9073/2701 4536/8164/2696 4551/8185/2695
f 4623/8279/709 5175/9076/709 4972/8773/709
f 4968/8764/709 4533/8161/709 4536/8165/709
f 4860/8606/2459 4893/8650/2463 4800/8529/2248 4791/8510/2234
f 5149/9045/751 5074/8936/751 5076/8941/751
f 4844/8583/2504 5119/9005/2536 5121/9007/2681
f 4873/8623/2478 4871/8621/2449 5156/9052/2448 4941/8724/2479
f 5091/8964/751 4943/8727/2443 5157/9053/751
f 4760/8460/2411 4761/8461/2410 4943/8727/2443 5163/9060/2442
f 4757/8457/2418 4758/8458/2416 5159/9056/2702 5160/9057/2703
f 4756/8456/2222 4757/8457/2418 5160/9057/2703 5161/9058/2223
f 4946/8730/2572 4817/8551/2425 4732/8432/2420
f 4758/8458/2416 4759/8459/2414 5162/9059/2704 5159/9056/2702
f 4759/8459/2414 4760/8460/2411 5163/9060/2442 5162/9059/2704
f 4823/8557/2499 4822/8556/2435 4781/8488/2216 4782/8491/2705
f 4869/8618/2551 5166/9064/2511 5167/9065/2445 4868/8617/2444
f 4870/8619/2550 5168/9066/2509 5166/9064/2511 4869/8618/2551
f 4812/8545/2476 5164/9061/751 5168/9067/2509 4870/8620/2550
f 4812/8545/2476 4755/8455/2413 5170/9069/751 5164/9061/751
f 4755/8455/2413 4754/8454/2412 5169/9068/751 5170/9069/751
f 4807/8540/751 5170/9069/751 4797/8523/751
f 5173/9072/751 5171/9070/751 4753/8453/2415 4751/8451/2417
f 4764/8465/751 4766/8468/751 5172/9071/751
f 4764/8465/751 5172/9071/751 4752/8452/2419 4732/8432/2420
f 5172/9071/751 5173/9072/751 4751/8451/2417 4752/8452/2419
s 0
f 4590/8237/2706 4591/8240/2706 4796/8522/2706 4795/8519/2706
s 1
f 5154/9050/709 4696/8382/709 4694/8380/709
f 5093/8966/751 4943/8727/2443 5091/8964/751
f 5145/9041/751 4587/8230/751 4586/8228/751
f 4973/8776/2333 4681/8359/2336 4584/8224/2356 4972/8775/2482
f 4976/8784/2707 5175/9075/2708 5174/9073/2701 4975/8781/2700
f 4973/8777/2709 4972/8774/2710 5175/9075/2708
f 5174/9074/709 5175/9076/709 4978/8789/709 4971/8772/709
f 4974/8779/2711 5175/9075/2708 4976/8784/2707
f 4977/8786/709 5175/9076/709 4623/8279/709
f 4973/8777/2709 5175/9075/2708 4974/8779/2711
f 4968/8764/709 4531/8157/709 4533/8161/709
f 4968/8764/709 4528/8153/709 4531/8157/709
f 4968/8764/709 4526/8149/709 4528/8153/709
f 4967/8762/709 4526/8149/709 4968/8764/709
f 4543/8173/2594 4526/8150/2597 4970/8770/2712
f 4970/8770/2712 4526/8150/2597 4969/8766/2697
f 4557/8191/2187 4554/8188/2178 4967/8763/2214 4968/8765/2341
f 4581/8218/2210 4969/8767/2213 4554/8188/2178
f 4923/8694/751 4920/8691/751 4902/8663/751 4777/8480/751 4726/8423/751 4919/8690/751 4921/8692/751 4922/8693/751
f 5175/9076/709 4977/8786/709 4978/8789/709
f 4984/8796/2603 5051/8899/2273 5029/8859/2384
f 5004/8825/2269 4602/8256/2268 5184/9085/709
f 4695/8381/709 5154/9050/709 5153/9049/709 4580/8217/709
f 4698/8384/709 5154/9050/709 4695/8381/709
f 5190/9091/2651 4564/8198/2195 4563/8197/2197 5193/9094/2352
f 4603/8257/2304 5189/9090/709 4633/8294/709
f 5192/9093/2713 4965/8759/2623 4966/8760/2315 5188/9089/2693
f 5191/9092/2694 5189/9090/709 4603/8257/2304
f 4567/8201/2261 4566/8200/2190 5189/9090/709 5191/9092/2694
f 5177/9078/2649 4605/8259/709 5140/9036/709
f 5178/9079/709 5194/9095/2650 5177/9078/2649
f 4633/8294/709 5189/9090/709 5194/9095/2650 5178/9079/709
f 5178/9079/709 5177/9078/2649 5140/9036/709 5099/8977/709
f 5177/9078/2649 4604/8258/709 4605/8259/709
f 4606/8260/2290 4604/8258/709 5177/9078/2649
f 5101/8979/709 5178/9079/709 5099/8977/709
f 5189/9090/709 4566/8200/2190 4565/8199/2193 5194/9095/2650
f 4633/8294/709 5178/9079/709 5098/8976/709
f 5098/8976/709 5178/9079/709 5100/8978/709
f 5100/8978/709 5178/9079/709 5101/8979/709
f 5000/8820/709 5184/9085/709 4561/8195/2191 4980/8791/2262
f 4602/8256/2268 4640/8304/709 5185/9086/709 5184/9085/709
f 4596/8249/751 5155/9051/751 4684/8364/751 4592/8242/751
f 5050/8897/751 5149/9045/751 5148/9044/751 5144/9040/751
f 5155/9051/751 5179/9080/2181 4583/8221/2180 4685/8366/751
f 4684/8364/751 5155/9051/751 4686/8368/751
f 5179/9080/2181 5155/9051/751 4596/8249/751
f 4669/8343/2277 4834/8568/2462 4887/8642/2538
f 4624/8280/2330 4835/8569/2330 4881/8634/2159 4663/8335/2159
f 4669/8343/2277 4887/8642/2538 4835/8569/2330 4624/8280/2330
f 5143/9039/751 5136/9029/751 5137/9031/751
f 5134/9025/751 5136/9029/751 5143/9039/751
f 5075/8938/751 5044/8885/751 5149/9045/751
f 4914/8684/2556 4909/8674/2555 4798/8525/2249 4833/8567/2464
f 4897/8655/2527 4929/8706/2526 4914/8684/2556 4833/8567/2464
f 5057/8911/2242 4803/8534/709 5146/9042/709
f 4799/8527/709 4801/8531/709 4803/8534/709
f 5042/8881/2647 4621/8276/2345 4832/8566/2433 4783/8493/2432
f 4621/8276/2345 4657/8327/2348 4875/8626/2547 4832/8566/2433
f 4657/8327/2348 4620/8275/2338 4831/8565/2390 4875/8626/2547
f 5165/9063/709 4783/8494/709 4938/8719/709
f 5181/9082/709 5115/8999/709 4784/8496/709
f 5180/9081/709 4781/8489/709 4780/8487/709
f 4782/8490/709 4781/8489/709 5180/9081/709
f 5180/9081/709 5181/9082/709 5182/9083/709
f 5180/9081/709 4780/8487/709 5114/8997/709 5181/9082/709
f 5181/9082/709 5117/9003/709 5115/8999/709
f 5181/9082/709 5116/9001/709 5117/9003/709
f 5114/8997/709 5116/9001/709 5181/9082/709
f 5165/9063/709 4938/8719/709 4939/8721/709
f 5165/9063/709 4786/8500/709 4792/8512/709 4783/8494/709
f 4940/8723/709 5165/9063/709 4939/8721/709
f 4934/8712/709 4793/8514/709 5165/9063/709 4940/8723/709
f 5183/9084/2714 5095/8970/2715 5158/9055/2716
f 4934/8712/709 5183/9084/2714 4794/8516/2717 4793/8514/709
f 5183/9084/2714 5158/9055/2716 4794/8516/2717
f 5182/9083/709 4785/8498/2692 5183/9084/2714
f 5183/9084/2714 5097/8975/2718 5095/8970/2715
f 5183/9084/2714 5096/8972/2719 5097/8975/2718
f 5183/9084/2714 5094/8968/2720 5096/8972/2719
f 4785/8498/2692 5094/8968/2720 5183/9084/2714
f 5180/9081/709 5182/9083/709 5183/9084/2714 4934/8712/709
f 4964/8758/751 4585/8226/751 4992/8808/751 4963/8756/751
f 4992/8808/751 4994/8813/751 4991/8806/751 4963/8756/751
f 5144/9040/751 5145/9041/751 4585/8226/751 4964/8758/751
f 4945/8729/2221 4946/8730/2572 4732/8432/2420 4756/8456/2222
f 4972/8775/2482 4584/8224/2356 4779/8485/2465 4903/8664/2461
f 4947/8731/2500 4823/8557/2499 4782/8491/2705 4934/8713/2576
f 4815/8548/2438 4844/8583/2504 5118/9004/751 4814/8547/751
f 5118/9004/751 4844/8583/2504 5120/9006/751
f 5120/9006/751 4844/8583/2504 5121/9007/2681
f 4935/8714/2437 4811/8544/2441 4844/8583/2504 4815/8548/2438
f 4808/8541/751 4855/8599/751 5169/9068/751 5171/9070/751
f 4766/8468/751 4808/8541/751 5171/9070/751 5173/9072/751
f 4811/8544/2441 5162/9059/2704 5163/9060/2442
f 5092/8965/751 4943/8727/2443 5093/8966/751
f 5090/8963/751 4811/8544/2441 4943/8727/2443
f 5092/8965/751 5090/8963/751 4943/8727/2443
f 4811/8544/2441 5160/9057/2703 5159/9056/2702
f 5161/9058/2223 5160/9057/2703 4811/8544/2441
f 5162/9059/2704 4811/8544/2441 5159/9056/2702
f 4944/8728/2224 5161/9058/2223 4811/8544/2441 4935/8714/2437
f 4600/8254/709 5151/9047/709 5185/9086/709 4640/8304/709
f 5151/9047/709 4572/8208/709 4570/8205/709 5186/9087/709
f 4570/8205/709 4532/8159/2161 4559/8193/2196 5186/9087/709
f 5072/8933/2671 5192/9093/2713 5188/9089/2693 5070/8931/2643
f 5070/8931/2643 5188/9089/2693 5191/9092/2694 4603/8257/2304
f 5071/8932/2652 4654/8323/2255 5192/9093/2713 5073/8934/2672
f 5073/8934/2672 5192/9093/2713 5072/8933/2671
f 4965/8759/2623 5192/9093/2713 4654/8323/2255 5021/8847/2254
f 4562/8196/2198 4713/8407/2375 4712/8406/2377 5195/9096/2351
f 5177/9078/2649 5195/9096/2351 4709/8402/2293
f 4606/8260/2290 5177/9078/2649 4709/8402/2293
f 5195/9096/2351 5177/9078/2649 5193/9094/2352
f 5193/9094/2352 5177/9078/2649 5190/9091/2651
f 5613/9877/724 5512/9709/724 5232/9173/724 5331/9339/724
f 5231/9172/2721 5232/9174/2722 5512/9708/2723 5511/9707/2724
f 5631/9917/2725 5600/9846/2725 5599/9844/2726 5634/9920/2727
f 5684/9996/2728 5655/9946/2729 5373/9408/2730 5403/9460/2728
f 5339/9357/830 5345/9371/830 5627/9908/830 5621/9895/830
f 5596/9839/2731 5598/9843/2732 5602/9851/2733 5674/9973/2733
f 5220/9146/704 5204/9112/2734 5775/10210/2734 5773/10206/704
f 5210/9124/709 5244/9197/709 5281/9246/709
f 5683/9995/2692 5606/9858/2733 5656/9948/2735 5685/10000/2736
f 5615/9881/2737 5333/9344/2738 5366/9401/2739 5648/9938/2739
f 5517/9715/2740 5751/10164/2741 5737/10134/2742
f 5504/9690/751 5559/9779/751 5534/9751/751 5499/9681/751
f 5306/9285/704 5586/9820/704 5527/9738/704 5246/9201/704
f 5393/9437/2743 5314/9301/2743 5321/9313/2743
f 5221/9147/709 5457/9600/709 5485/9655/709
f 5429/9534/2744 5425/9521/2745 5379/9416/2746
f 5700/10040/709 5702/10047/709 5708/10063/709
f 5291/9262/2747 5444/9576/2748 5445/9577/2749 5290/9258/2750
f 5528/9741/704 5529/9743/704 5248/9206/704 5247/9204/704
f 5513/9710/2751 5529/9744/2752 5533/9749/2753 5531/9747/2754
f 5396/9444/2755 5335/9348/2756 5617/9885/2756 5677/9979/2755
f 5235/9178/2757 5274/9238/2758 5275/9239/2759 5236/9179/2760
f 5274/9238/2758 5273/9237/2761 5276/9240/2762 5275/9239/2759
f 5283/9249/2763 5282/9248/2764 5275/9239/2759 5276/9240/2762
f 5533/9749/2753 5562/9783/2765 5520/9720/724 5531/9747/2754
f 5281/9246/709 5243/9194/709 5242/9190/709 5249/9208/709
f 5457/9601/709 5213/9130/709 5266/9229/2766 5458/9602/2767
f 5459/9603/2768 5458/9602/2767 5266/9229/2766 5265/9228/2769
f 5213/9130/709 5267/9230/709 5269/9233/2770 5266/9229/2766
f 5470/9629/2771 5265/9228/2769 5268/9232/2772 5237/9180/2740
f 5265/9228/2769 5266/9229/2766 5269/9233/2770 5268/9232/2772
f 5269/9233/2770 5267/9230/709 5212/9128/709 5272/9236/2773
f 5237/9180/2740 5268/9232/2772 5271/9235/2774 5270/9234/2775
f 5268/9232/2772 5269/9233/2770 5272/9236/2773 5271/9235/2774
f 5212/9128/709 5211/9126/709 5273/9237/2761 5272/9236/2773
f 5270/9234/2775 5271/9235/2774 5274/9238/2758 5235/9178/2757
f 5271/9235/2774 5272/9236/2773 5273/9237/2761 5274/9238/2758
f 5261/9224/2776 5259/9221/709 5214/9133/709 5263/9226/2777
f 5260/9223/2778 5262/9225/2779 5264/9227/2780 5472/9633/2781
f 5262/9225/2779 5261/9224/2776 5263/9226/2777 5264/9227/2780
f 5257/9219/2782 5256/9217/709 5259/9221/709 5261/9224/2776
f 5234/9177/2783 5258/9220/2784 5262/9225/2779 5260/9223/2778
f 5258/9220/2784 5257/9219/2782 5261/9224/2776 5262/9225/2779
f 5254/9215/2785 5253/9213/709 5256/9217/709 5257/9219/2782
f 5238/9181/2786 5255/9216/2787 5258/9220/2784 5234/9177/2783
f 5255/9216/2787 5254/9215/2785 5257/9219/2782 5258/9220/2784
f 5658/9950/2788 5632/9918/2789 5633/9919/2790 5657/9949/2791
f 5753/10169/2792 5541/9760/2793 5745/10149/2794
f 5351/9381/2795 5350/9380/2796 5376/9412/2797 5375/9411/2798
f 5259/9222/709 5216/9136/709 5214/9132/709
f 5632/9918/2789 5658/9950/2788 5656/9948/2735 5631/9917/2725
f 5240/9185/724 5282/9248/2764 5252/9212/2799 5250/9210/2754
f 5592/9835/2800 5624/9901/2801 5660/9952/2802 5654/9945/2803
f 5311/9298/2804 5312/9299/2805 5369/9404/2806 5372/9407/2807
f 5514/9712/2783 5518/9716/2786 5238/9181/2786 5234/9177/2783
f 5202/9110/709 5295/9267/2808 5286/9252/2809 5284/9250/709
f 5295/9267/2808 5294/9265/2810 5287/9254/2811 5286/9252/2809
f 5294/9266/2810 5293/9264/2812 5288/9255/2813 5287/9253/2811
f 5293/9264/2812 5292/9263/2814 5285/9251/2815 5288/9255/2813
f 5203/9111/709 5298/9271/2816 5295/9267/2808 5202/9110/709
f 5298/9271/2816 5297/9269/2817 5294/9265/2810 5295/9267/2808
f 5297/9270/2817 5296/9268/2818 5293/9264/2812 5294/9266/2810
f 5296/9268/2818 5230/9171/2819 5292/9263/2814 5293/9264/2812
f 5453/9593/709 5301/9275/2820 5298/9271/2816 5203/9111/709
f 5301/9275/2820 5300/9274/2821 5297/9269/2817 5298/9271/2816
f 5300/9273/2821 5299/9272/2822 5296/9268/2818 5297/9270/2817
f 5299/9272/2822 5231/9172/2721 5230/9171/2819 5296/9268/2818
f 5198/9102/2823 5222/9150/830 5196/9098/830 5776/10213/2823
f 5304/9280/2824 5305/9284/2825 5299/9272/2822 5300/9273/2821
f 5592/9835/2800 5730/10119/2800 5620/9890/2826 5625/9902/2827
f 5723/10106/2828 5719/10094/2829 5716/10085/2830 5722/10103/2830
f 5446/9579/2831 5445/9578/2749 5287/9253/2811 5288/9255/2813
f 5445/9577/2749 5444/9576/2748 5286/9252/2809 5287/9254/2811
f 5444/9576/2748 5443/9575/709 5284/9250/709 5286/9252/2809
f 5520/9720/724 5516/9714/2760 5236/9179/2760 5240/9185/724
f 5463/9610/2832 5466/9618/2832 5467/9620/2833 5309/9294/2833
f 5309/9294/2833 5467/9620/2833 5474/9637/2834 5465/9616/2834
f 5475/9639/2835 5478/9645/2835 5460/9604/2836 5477/9643/2836
f 5465/9616/2834 5474/9637/2834 5476/9641/2837 5471/9630/2837
f 5477/9643/2836 5460/9604/2836 5461/9606/2838 5473/9635/2838
f 5473/9635/2838 5461/9606/2838 5464/9612/2839 5472/9632/2839
f 5241/9187/709 5306/9286/709 5246/9202/709 5242/9190/709
f 5469/9625/709 5462/9609/709 5463/9611/709 5481/9649/709
f 5386/9425/2840 5383/9420/2841 5380/9417/2842 5330/9338/2843
f 5380/9417/2842 5421/9512/2844 5703/10050/2845 5662/9955/2846
f 5674/9973/2733 5602/9851/2733 5595/9838/2733
f 5254/9215/2785 5280/9245/2847 5278/9242/709 5253/9213/709
f 5657/9949/2791 5633/9919/2790 5619/9889/2848 5655/9947/2729
f 5374/9410/2849 5349/9379/2850 5319/9309/2850 5324/9321/2743
f 5536/9753/2851 5560/9781/2852 5558/9778/2853 5518/9716/2786
f 5656/9948/2735 5606/9858/2733 5600/9846/2725 5631/9917/2725
f 5515/9713/2757 5551/9771/2854 5270/9234/2775 5235/9178/2757
f 5561/9782/2855 5560/9781/2852 5536/9753/2851 5535/9752/2856
f 5658/9950/2788 5686/10001/2857 5685/10000/2736 5656/9948/2735
s 0
f 5699/10037/2858 5417/9500/2858 5416/9497/2858 5698/10034/2858
s 1
f 5343/9365/2859 5311/9298/2804 5340/9360/2860 5344/9367/2859
f 5423/9517/2861 5382/9419/2862 5381/9418/2863 5422/9515/2864
f 5333/9343/2738 5334/9345/2865 5371/9406/2866 5370/9405/2867
f 5370/9405/2867 5371/9406/2866 5372/9407/2807 5369/9404/2806
f 5359/9390/2868 5323/9318/2869 5393/9437/2743 5315/9302/2870
f 5210/9124/709 5447/9580/709 5239/9182/709 5244/9197/709
f 5336/9349/2871 5361/9392/2872 5362/9393/2873 5323/9318/2869
f 5361/9392/2872 5364/9397/2874 5365/9399/2875 5362/9393/2873
f 5313/9300/2876 5363/9395/2877 5365/9398/2875 5368/9403/2878
f 5394/9438/2879 5366/9400/2739 5367/9402/2880 5364/9396/2874
f 5364/9396/2874 5367/9402/2880 5368/9403/2878 5365/9398/2875
f 5312/9299/2805 5313/9300/2876 5368/9403/2878 5369/9404/2806
f 5366/9400/2739 5333/9343/2738 5370/9405/2867 5367/9402/2880
f 5367/9402/2880 5370/9405/2867 5369/9404/2806 5368/9403/2878
f 5315/9302/2870 5355/9385/2881 5357/9388/2882 5359/9390/2868
f 5360/9391/2883 5358/9389/2884 5335/9347/2756 5396/9443/2755
f 5358/9389/2884 5360/9391/2883 5359/9390/2868 5357/9388/2882
f 5357/9388/2882 5355/9385/2881 5352/9382/2885 5353/9383/2886
f 5332/9341/2887 5335/9347/2756 5358/9389/2884 5354/9384/2888
f 5354/9384/2888 5358/9389/2884 5357/9388/2882 5353/9383/2886
f 5353/9383/2886 5352/9382/2885 5349/9379/2850 5350/9380/2796
f 5337/9351/2848 5332/9341/2887 5354/9384/2888 5351/9381/2795
f 5351/9381/2795 5354/9384/2888 5353/9383/2886 5350/9380/2796
f 5373/9408/2730 5655/9946/2729 5619/9888/2848 5337/9350/2848
f 5238/9181/2786 5277/9241/2853 5279/9244/2889 5255/9216/2787
f 5452/9590/2890 5451/9587/2891 5450/9585/2890
f 5617/9885/2756 5335/9348/2756 5332/9342/2887 5614/9879/2887
f 5407/9471/751 5325/9323/751 5316/9304/2892 5402/9459/2892
f 5218/9140/709 5253/9214/709 5278/9243/709 5224/9156/709
f 5404/9463/2893 5399/9451/2894 5405/9465/2895
f 5590/9831/2896 5730/10119/2800 5592/9835/2800 5593/9836/2897
f 5383/9420/2841 5382/9419/2862 5423/9517/2861 5424/9519/2898
f 5314/9301/2743 5393/9437/2743 5323/9318/2869 5362/9393/2873
f 5388/9427/2899 5381/9418/2863 5382/9419/2862 5387/9426/2900
f 5507/9698/751 5506/9697/751 5504/9690/751
f 5379/9415/2746 5381/9418/2863 5388/9427/2899 5310/9296/2901
f 5382/9419/2862 5383/9420/2841 5386/9425/2840 5387/9426/2900
f 5391/9433/2902 5387/9426/2900 5386/9425/2840 5392/9436/2903
f 5612/9876/2904 5667/9961/2905 5673/9971/2906 5613/9878/2907
f 5256/9218/709 5217/9138/709 5216/9136/709 5259/9222/709
f 5267/9231/709 5772/10203/709 5770/10199/709
f 5460/9605/751 5474/9638/751 5467/9621/751 5461/9607/751
f 5679/9986/2908 5684/9998/2909 5403/9461/2910 5398/9449/2911
f 5336/9349/2871 5360/9391/2883 5396/9443/2755 5356/9386/2912
f 5364/9397/2874 5361/9392/2872 5395/9441/2913 5394/9439/2879
f 5430/9537/732 5291/9261/732 5290/9260/732
f 5363/9395/2877 5778/10218/2914 5320/9312/2915 5322/9315/2892
f 5603/9852/2916 5602/9850/2917 5501/9684/2917 5502/9686/2916
f 5771/10201/709 5212/9129/709 5267/9231/709 5770/10199/709
f 5318/9308/2918 5317/9305/2919 5216/9137/2919 5217/9139/2918
f 5398/9449/2911 5403/9461/2910 5406/9467/2920 5400/9454/2921
f 5212/9129/709 5196/9097/709 5211/9127/709
f 5522/9725/751 5527/9740/751 5586/9821/751 5521/9721/751
f 5452/9591/709 5278/9242/709 5280/9245/2847 5399/9453/2922
f 5521/9721/751 5586/9821/751 5588/9826/751 5587/9823/751
f 5531/9747/2754 5250/9210/2754 5233/9176/2751 5513/9710/2751
s 0
f 5245/9198/704 5344/9368/704 5340/9358/704 5243/9192/704
s 1
f 5400/9454/2921 5406/9467/2920 5405/9465/2895 5399/9451/2894
f 5346/9372/2923 5341/9362/2924 5623/9899/2924 5628/9910/2923
f 5623/9900/2924 5616/9884/2865 5653/9944/2925 5659/9951/2926
f 5361/9392/2872 5336/9349/2871 5356/9386/2912 5395/9441/2913
f 5365/9399/2875 5363/9394/2877 5314/9301/2743 5362/9393/2873
f 5360/9391/2883 5336/9349/2871 5323/9318/2869 5359/9390/2868
f 5648/9938/2739 5366/9401/2739 5394/9440/2879 5675/9976/2879
f 5348/9377/830 5346/9373/830 5628/9911/830 5630/9915/830
s 0
f 5244/9195/732 5343/9364/732 5344/9369/732 5245/9199/732
s 1
f 5663/9956/2927 5664/9957/2928 5705/10054/2929 5704/10052/2930
f 5625/9902/2827 5626/9905/2827 5622/9898/2931 5592/9835/2800
f 5202/9110/709 5384/9422/709 5454/9595/709
s 0
f 5327/9328/2932 5414/9490/2932 5413/9486/2932 5397/9445/2932
s 1
f 5638/9924/2912 5356/9387/2912 5396/9444/2755 5677/9979/2755
f 5735/10128/751 5734/10125/2933 5680/9989/2934
f 5657/9949/2791 5655/9947/2729 5684/9997/2728 5687/10003/2935
f 5439/9563/732 5427/9527/732 5415/9496/732 5442/9574/732
f 5670/9965/724 5695/10028/724 5693/10020/724 5582/9811/724
f 5468/9622/2936 5749/10157/2936 5745/10147/2794 5464/9613/2794
f 5708/10063/709 5703/10049/709 5701/10043/709 5700/10040/709
s 0
f 5408/9472/724 5401/9456/724 5407/9469/724 5409/9475/724
s 1
f 5413/9487/724 5414/9491/724 5412/9484/724
f 5343/9365/2859 5338/9352/2937 5448/9582/2804 5311/9298/2804
f 5211/9126/709 5210/9125/709 5276/9240/2762 5273/9237/2761
f 5671/9967/2938 5672/9969/2939 5668/9962/2940 5669/9963/2941
f 5670/9964/2942 5671/9967/2938 5669/9963/2941 5591/9833/2943
f 5569/9791/2944 5728/10116/2945 5727/10114/2946 5570/9793/2947
f 5385/9423/732 5415/9496/732 5780/10222/732 5773/10205/732
f 5417/9502/2948 5778/10218/2914 5429/9534/2744 5416/9499/2949
s 0
f 5711/10070/704 5710/10067/704 5709/10064/704 5697/10031/704
s 1
f 5563/9784/2950 5562/9783/2765 5533/9749/2753 5532/9748/2951
s 0
f 5442/9572/709 5430/9536/709 5440/9566/709 5441/9569/709
s 1
f 5210/9124/709 5211/9127/709 5196/9097/709 5447/9580/709
f 5412/9484/724 5219/9142/2952 5320/9311/2952 5413/9487/724
f 5449/9584/709 5774/10208/709 5455/9597/709
f 5493/9669/751 5486/9657/751 5503/9688/751 5731/10121/751
s 0
f 5427/9528/704 5428/9530/704 5429/9533/704 5415/9494/704
s 1
f 5710/10069/2953 5711/10071/724 5707/10060/2954
f 5562/9783/2765 5556/9776/2955 5516/9714/2760 5520/9720/724
f 5541/9760/2793 5514/9712/2783 5234/9177/2783 5260/9223/2778
f 5608/9863/2956 5691/10014/2956 5689/10008/2956 5682/9992/2956
f 5214/9132/709 5216/9136/709 5221/9147/709 5485/9655/709
f 5223/9152/709 5267/9231/709 5213/9131/709 5221/9147/709
s 0
f 5588/9827/704 5308/9291/704 5307/9288/704 5587/9824/704
s 1
f 5312/9299/2805 5779/10221/2876 5313/9300/2876
f 5630/9916/2957 5659/9951/2926 5660/9952/2802 5629/9914/2958
f 5742/10141/709 5745/10148/709 5747/10153/709 5748/10155/709
f 5348/9378/2959 5377/9413/2960 5341/9361/2924 5346/9374/2923
f 5378/9414/2961 5347/9376/2962 5345/9370/2963 5342/9363/2964
f 5248/9207/2965 5252/9212/2799 5251/9211/2966 5247/9205/2967
f 5516/9714/2760 5515/9713/2757 5235/9178/2757 5236/9179/2760
f 5282/9248/2764 5283/9249/2763 5251/9211/2966 5252/9212/2799
f 5412/9485/709 5449/9584/709 5455/9597/709
s 0
f 5243/9193/732 5340/9359/732 5339/9355/732 5242/9189/732
s 1
f 5420/9511/751 5418/9503/751 5426/9526/751
s 0
f 5241/9186/732 5521/9722/732 5587/9825/732 5307/9289/732
s 1
f 5419/9508/2968 5446/9579/2831 5288/9255/2813 5285/9251/2815
f 5653/9944/2925 5654/9945/2803 5660/9952/2802 5659/9951/2926
f 5570/9794/2947 5727/10115/2946 5726/10113/2969 5571/9796/2970
f 5282/9248/2764 5240/9185/724 5236/9179/2760 5275/9239/2759
f 5453/9593/709 5454/9595/709 5385/9424/709 5449/9584/709
f 5311/9298/2804 5372/9407/2807 5378/9414/2961 5342/9363/2964
f 5731/10121/751 5732/10122/751 5693/10021/751 5500/9682/751
f 5196/9097/709 5212/9129/709 5777/10214/709 5776/10212/709
f 5696/10030/2827 5601/9849/879 5694/10022/2971 5699/10038/2972
f 5251/9211/2966 5283/9249/2763 5281/9247/709 5249/9209/709
f 5221/9147/709 5213/9131/709 5457/9600/709
f 5347/9375/830 5348/9377/830 5630/9915/830 5629/9913/830
f 5421/9512/2844 5380/9417/2842 5383/9420/2841
f 5428/9532/2953 5426/9524/2973 5424/9520/2974
f 5422/9515/2864 5381/9418/2863 5379/9415/2746 5425/9522/2745
f 5426/9525/2975 5421/9512/2844 5383/9420/2841 5424/9519/2898
f 5311/9298/2804 5342/9363/2964 5340/9360/2860
f 5569/9791/2944 5700/10041/2976 5701/10045/2977 5728/10116/2945
s 0
f 5244/9196/704 5239/9183/704 5338/9353/704 5343/9366/704
s 1
f 5291/9261/732 5430/9537/732 5384/9421/732 5206/9116/732
f 5277/9241/2853 5238/9181/2786 5518/9716/2786 5558/9778/2853
f 5698/10035/2978 5711/10072/2979 5699/10038/2972
f 5428/9531/751 5427/9529/751 5439/9565/751 5426/9526/751
f 5392/9435/724 5331/9339/724 5232/9173/724 5305/9283/724
f 5376/9412/2797 5405/9466/2980 5406/9468/2981 5375/9411/2798
f 5584/9816/724 5672/9970/724 5671/9968/724 5583/9813/724
f 5597/9840/2692 5607/9861/709 5688/10007/709 5683/9995/2692
f 5316/9303/724 5325/9322/724 5225/9157/724 5215/9134/724
f 5317/9305/2919 5321/9314/2917 5221/9148/2917 5216/9137/2919
f 5723/10106/2828 5715/10082/724 5720/10097/724 5719/10094/2829
f 5682/9992/2956 5607/9860/2956 5505/9693/2956
f 5506/9697/751 5505/9692/751 5496/9674/751 5504/9690/751
f 5451/9588/2982 5399/9452/2982 5404/9464/2983 5450/9586/2984
f 5389/9428/724 5302/9276/724 5412/9484/724 5414/9491/724
f 5391/9434/724 5392/9435/724 5305/9283/724 5304/9282/724
f 5326/9327/2956 5401/9458/2956 5408/9473/2956 5410/9479/2956
f 5329/9335/732 5327/9331/732 5227/9164/732 5229/9168/732
f 5678/9984/2985 5688/10005/2986 5690/10011/2986 5692/10019/2986
f 5505/9693/2956 5506/9695/2956 5608/9863/2956 5682/9992/2956
s 0
f 5326/9325/724 5328/9332/724 5228/9165/724 5226/9160/724
f 5329/9336/751 5328/9333/751 5326/9326/751 5327/9329/751
s 1
f 5658/9950/2788 5657/9949/2791 5687/10003/2935 5686/10001/2857
f 5397/9448/2985 5413/9488/2987 5694/10024/2987 5678/9984/2985
f 5260/9223/2778 5472/9633/2781 5464/9614/2794
f 5585/9818/2988 5579/9807/2989 5511/9707/2724 5512/9708/2723
f 5305/9284/2825 5232/9174/2722 5231/9172/2721 5299/9272/2822
f 5599/9845/2918 5600/9847/2990 5499/9680/2990 5498/9679/2918
f 5616/9883/2865 5334/9346/2865 5333/9344/2738 5615/9881/2737
f 5390/9431/2991 5388/9427/2899 5387/9426/2900 5391/9433/2902
f 5665/9958/2992 5662/9955/2846 5703/10050/2845
f 5771/10201/709 5777/10214/709 5212/9129/709
f 5371/9406/2866 5334/9345/2865 5341/9361/2924 5377/9413/2960
f 5769/10197/709 5219/9143/709 5768/10196/709
f 5239/9184/732 5447/9581/732 5448/9583/732 5338/9354/732
f 5440/9567/2993 5434/9548/2993 5437/9558/2994 5441/9570/2995
f 5289/9256/2996 5290/9259/2750 5445/9578/2749 5446/9579/2831
f 5713/10076/709 5715/10083/709 5721/10102/709 5702/10047/709
f 5570/9795/732 5571/9797/732 5712/10075/732
f 5419/9506/751 5421/9513/751 5426/9526/751 5418/9503/751
f 5416/9499/2949 5429/9534/2744 5379/9416/2746 5310/9297/2901
f 5431/9540/2997 5432/9542/2998 5434/9549/2998 5440/9568/2999
f 5608/9863/2956 5609/9867/3000 5327/9330/3000 5326/9327/2956
f 5433/9547/751 5438/9560/751 5435/9551/751 5431/9541/751
s 0
f 5436/9554/704 5435/9552/704 5438/9561/704 5437/9557/704
s 1
f 5715/10083/709 5713/10076/709 5717/10088/709 5720/10098/709
f 5441/9570/2995 5437/9558/2994 5438/9562/724 5433/9545/724
f 5766/10190/751 5738/10135/751 5501/9685/751
f 5707/10058/3001 5711/10072/2979 5661/9953/3002
s 0
f 5432/9543/709 5436/9555/709 5437/9559/709 5434/9550/709
s 1
f 5449/9584/709 5775/10211/709 5774/10208/709
f 5724/10111/732 5697/10032/732 5709/10065/732 5721/10100/732
f 5671/9968/724 5670/9965/724 5582/9811/724 5583/9813/724
f 5389/9428/724 5390/9432/724 5303/9278/724 5302/9276/724
f 5624/9901/2801 5592/9835/2800 5622/9898/2931
f 5291/9262/2747 5206/9117/709 5443/9575/709 5444/9576/2748
f 5407/9471/751 5401/9457/751 5325/9323/751
f 5315/9302/2870 5317/9306/3003 5355/9385/2881
f 5680/9989/2934 5561/9782/2855 5559/9780/751 5735/10128/751
f 5279/9244/2889 5400/9455/3004 5399/9453/2922 5280/9245/2847
f 5225/9158/709 5226/9162/709 5224/9156/709 5215/9135/709
f 5678/9982/732 5609/9869/732 5507/9699/732
f 5688/10007/709 5678/9981/709 5606/9858/2733 5683/9995/2692
f 5407/9470/2986 5397/9448/2985 5411/9483/2986 5409/9476/2986
f 5606/9859/732 5678/9982/732 5507/9699/732 5504/9691/732
f 5706/10056/3005 5665/9958/2992 5703/10050/2845 5708/10061/3006
f 5352/9382/2885 5355/9385/2881 5317/9306/3003 5318/9307/3007
f 5204/9113/709 5220/9144/709 5222/9149/709 5198/9103/709
f 5614/9879/2887 5332/9342/2887 5337/9350/2848 5619/9888/2848
f 5374/9410/2849 5376/9412/2797 5350/9380/2796 5349/9379/2850
f 5340/9360/2860 5342/9363/2964 5345/9370/2963 5339/9356/2963
f 5452/9590/2890 5450/9585/2890 5316/9303/724 5215/9134/724
f 5711/10072/2979 5698/10035/2978 5591/9834/2943 5661/9953/3002
f 5593/9836/2897 5594/9837/3008 5590/9831/2896
f 5711/10072/2979 5697/10033/3009 5699/10038/2972
f 5245/9200/709 5243/9194/709 5281/9246/709 5244/9197/709
s 0
f 5431/9539/732 5435/9553/732 5436/9556/732 5432/9544/732
f 5713/10077/732 5714/10079/732 5718/10091/732 5717/10089/732
f 5712/10073/751 5724/10109/751 5723/10107/751 5722/10104/751
s 1
f 5571/9796/2970 5726/10113/2969 5725/10112/751 5490/9663/751
f 5490/9662/732 5736/10131/732 5724/10111/732 5712/10075/732
f 5721/10102/709 5709/10066/709 5710/10068/709 5708/10063/709
f 5703/10051/732 5421/9514/732 5419/9507/732 5701/10044/732
f 5380/9417/2842 5662/9955/2846 5612/9876/2904 5330/9338/2843
f 5510/9706/3010 5230/9171/2819 5231/9172/2721 5511/9707/2724
f 5565/9786/3011 5285/9251/2815 5292/9263/2814 5572/9798/3012
f 5572/9798/3012 5292/9263/2814 5230/9171/2819 5510/9706/3010
s 0
f 5723/10108/704 5724/10110/704 5721/10101/704 5715/10084/704
s 1
f 5491/9665/751 5729/10118/751 5486/9657/751 5492/9667/751
f 5563/9784/2950 5557/9777/3013 5556/9776/2955 5562/9783/2765
f 5446/9579/2831 5419/9508/2968 5418/9504/3014 5289/9256/2996
f 5623/9899/2924 5341/9362/2924 5334/9346/2865 5616/9883/2865
f 5696/10030/2827 5604/9856/3015 5590/9831/2896 5594/9837/3008
f 5527/9738/704 5528/9741/704 5247/9204/704 5246/9201/704
f 5399/9453/2922 5451/9589/3016 5452/9591/709
f 5452/9592/709 5215/9135/709 5224/9156/709 5278/9243/709
s 0
f 5409/9477/751 5411/9481/751 5410/9478/751 5408/9474/751
f 5694/10023/3017 5695/10026/3017 5609/9866/3017 5678/9983/3017
s 1
f 5410/9479/2956 5691/10014/2956 5608/9863/2956 5326/9327/2956
f 5558/9778/2853 5679/9985/3018 5398/9450/3019 5277/9241/2853
s 0
f 5682/9993/724 5689/10009/724 5690/10012/724 5688/10006/724
s 1
f 5376/9412/2797 5374/9410/2849 5404/9464/2983 5405/9466/2980
f 5696/10030/2827 5594/9837/3008 5645/9933/3020
f 5426/9526/751 5439/9565/751 5420/9511/751
f 5540/9759/751 5497/9677/751 5498/9678/751 5537/9755/751
f 5737/10133/2742 5749/10159/2936 5468/9623/2936 5456/9598/2742
f 5582/9812/751 5489/9661/751 5581/9810/3021 5583/9814/3022
f 5504/9690/751 5496/9674/751 5735/10129/751 5559/9779/751
f 5225/9159/2956 5325/9324/2956 5401/9458/2956
f 5560/9781/2852 5681/9991/3023 5679/9985/3018 5558/9778/2853
f 5384/9422/709 5443/9575/709 5206/9117/709
f 5307/9290/709 5308/9292/709 5306/9286/709 5241/9187/709
f 5561/9782/2855 5535/9752/2856 5534/9750/751 5559/9780/751
f 5225/9159/2956 5401/9458/2956 5326/9327/2956 5226/9161/2956
f 5345/9371/830 5347/9375/830 5629/9913/830 5627/9908/830
f 5265/9228/2769 5470/9629/2771 5469/9626/3024 5459/9603/2768
f 5480/9648/3025 5479/9647/3026 5458/9602/2767 5459/9603/2768
f 5485/9656/709 5457/9601/709 5458/9602/2767 5479/9647/3026
f 5242/9190/709 5246/9202/709 5249/9208/709
f 5470/9627/2771 5456/9598/2742 5468/9623/3027 5462/9608/3028
f 5466/9618/2832 5463/9610/2832 5462/9608/3028 5468/9623/3027
f 5471/9630/2837 5476/9641/2837 5478/9645/2835 5475/9639/2835
f 5469/9625/709 5470/9628/709 5462/9609/709
f 5263/9226/2777 5482/9651/3029 5483/9652/3030 5264/9227/2780
f 5483/9652/3030 5484/9653/3031 5472/9633/2781 5264/9227/2780
f 5484/9654/709 5481/9649/709 5463/9611/709 5309/9295/709
f 5309/9295/709 5465/9617/709 5477/9644/709 5473/9636/709
f 5214/9133/709 5485/9656/709 5482/9651/3029 5263/9226/2777
f 5459/9603/2768 5469/9626/3024 5481/9650/3032 5480/9648/3025
f 5483/9652/3030 5482/9651/3029 5479/9647/3026 5480/9648/3025
f 5480/9648/3025 5481/9650/3032 5484/9653/3031 5483/9652/3030
f 5315/9302/2870 5393/9437/2743 5321/9313/2743 5317/9306/3003
f 5322/9316/2892 5321/9313/2743 5314/9301/2743 5363/9394/2877
f 5472/9634/709 5484/9654/709 5309/9295/709 5473/9636/709
f 5477/9644/709 5465/9617/709 5471/9631/709 5475/9640/709
f 5303/9279/3033 5304/9281/2824 5300/9274/2821 5301/9275/2820
f 5482/9651/3029 5485/9656/709 5479/9647/3026
f 5501/9685/751 5738/10135/751 5494/9671/751
f 5324/9321/2743 5397/9446/751 5407/9471/751 5402/9459/2892
f 5515/9713/2757 5516/9714/2760 5556/9776/2955 5555/9775/3034
f 5555/9775/3034 5556/9776/2955 5557/9777/3013 5554/9774/3035
f 5281/9247/709 5283/9249/2763 5276/9240/2762 5210/9125/709
f 5738/10136/751 5739/10137/3036 5547/9766/3037 5494/9670/751
f 5523/9727/751 5491/9664/751 5557/9777/3013 5563/9784/2950
f 5740/10138/3038 5546/9765/3039 5547/9766/3037 5739/10137/3036
f 5494/9670/751 5547/9766/3037 5550/9770/3040 5548/9767/751
f 5751/10164/2741 5517/9715/2740 5549/9769/3041 5546/9765/3039
f 5546/9765/3039 5549/9769/3041 5550/9770/3040 5547/9766/3037
f 5550/9770/3040 5553/9773/3042 5493/9668/751 5548/9767/751
f 5517/9715/2740 5551/9771/2854 5552/9772/3043 5549/9769/3041
f 5549/9769/3041 5552/9772/3043 5553/9773/3042 5550/9770/3040
f 5493/9668/751 5553/9773/3042 5554/9774/3035 5492/9666/751
f 5551/9771/2854 5515/9713/2757 5555/9775/3034 5552/9772/3043
f 5552/9772/3043 5555/9775/3034 5554/9774/3035 5553/9773/3042
f 5542/9761/3044 5544/9763/3045 5495/9672/751 5540/9758/751
f 5541/9760/2793 5753/10169/2792 5545/9764/3046 5543/9762/3047
f 5543/9762/3047 5545/9764/3046 5544/9763/3045 5542/9761/3044
f 5538/9756/3048 5542/9761/3044 5540/9758/751 5537/9754/751
f 5514/9712/2783 5541/9760/2793 5543/9762/3047 5539/9757/3049
f 5539/9757/3049 5543/9762/3047 5542/9761/3044 5538/9756/3048
f 5535/9752/2856 5538/9756/3048 5537/9754/751 5534/9750/751
f 5518/9716/2786 5514/9712/2783 5539/9757/3049 5536/9753/2851
f 5536/9753/2851 5539/9757/3049 5538/9756/3048 5535/9752/2856
f 5600/9847/2990 5606/9859/3050 5504/9691/3050 5499/9680/2990
f 5351/9381/2795 5375/9411/2798 5373/9409/2730 5337/9351/2848
f 5742/10141/709 5748/10155/709 5755/10173/709 5741/10139/709
f 5478/9646/751 5476/9642/751 5474/9638/751 5460/9605/751
f 5745/10148/709 5749/10158/709 5747/10153/709
f 5592/9835/2800 5654/9945/2803 5651/9942/3051 5593/9836/2897
f 5487/9659/751 5564/9785/751 5566/9787/3052 5575/9802/3053
f 5575/9802/3053 5566/9787/3052 5567/9789/3054 5574/9800/3055
f 5574/9801/3055 5567/9788/3054 5568/9790/3056 5573/9799/3057
f 5573/9799/3057 5568/9790/3056 5565/9786/3011 5572/9798/3012
f 5488/9660/751 5487/9659/751 5575/9802/3053 5578/9806/3058
f 5578/9806/3058 5575/9802/3053 5574/9800/3055 5577/9804/3059
f 5577/9805/3059 5574/9801/3055 5573/9799/3057 5576/9803/3060
f 5576/9803/3060 5573/9799/3057 5572/9798/3012 5510/9706/3010
f 5489/9661/751 5488/9660/751 5578/9806/3058 5581/9810/3021
f 5581/9810/3021 5578/9806/3058 5577/9804/3059 5580/9809/3061
f 5580/9808/3061 5577/9805/3059 5576/9803/3060 5579/9807/2989
f 5579/9807/2989 5576/9803/3060 5510/9706/3010 5511/9707/2724
f 5584/9815/3062 5580/9808/3061 5579/9807/2989 5585/9818/2988
f 5697/10032/732 5666/9959/732 5503/9689/732 5604/9855/732
f 5634/9920/2727 5599/9844/2726 5598/9843/2732 5637/9923/3063
f 5728/10116/2945 5568/9790/3056 5567/9788/3054 5727/10114/2946
f 5727/10115/2946 5567/9789/3054 5566/9787/3052 5726/10113/2969
f 5726/10113/2969 5566/9787/3052 5564/9785/751 5725/10112/751
f 5253/9214/709 5218/9140/709 5217/9138/709 5256/9218/709
f 5759/10180/2835 5756/10174/2835 5758/10178/2836 5741/10140/2836
f 5747/10154/2832 5744/10145/2832 5589/9829/2833 5748/10156/2833
f 5755/10172/2834 5746/10151/2834 5752/10165/2837 5757/10176/2837
f 5748/10156/2833 5589/9829/2833 5746/10151/2834 5755/10172/2834
f 5757/10176/2837 5752/10165/2837 5756/10174/2835 5759/10180/2835
f 5754/10171/751 5589/9830/751 5765/10188/751 5753/10167/751
f 5750/10160/751 5743/10144/751 5751/10162/751
f 5749/10159/3064 5737/10133/2742 5751/10163/2741 5743/10143/3065
f 5667/9961/2905 5612/9876/2904 5662/9955/2846 5665/9958/2992
f 5500/9682/751 5502/9687/751 5548/9768/751 5493/9669/751 5731/10121/751
f 5319/9310/2990 5218/9141/2990 5224/9154/3050 5324/9319/3050
f 5685/10000/2736 5733/10123/3066 5597/9840/2692 5683/9995/2692
f 5772/10203/709 5267/9231/709 5223/9152/709 5219/9143/709 5769/10197/709
s 0
f 5525/9732/732 5526/9735/732 5626/9906/732 5625/9903/732
s 1
f 5615/9882/2737 5652/9943/3067 5653/9944/2925 5616/9884/2865
f 5652/9943/3067 5651/9942/3051 5654/9945/2803 5653/9944/2925
f 5641/9928/3068 5596/9839/2731 5674/9973/2733 5605/9857/3069
f 5618/9887/3070 5605/9857/3069 5644/9931/3071 5643/9930/3072
f 5643/9930/3072 5644/9931/3071 5647/9937/3073 5646/9935/3074
f 5594/9837/3008 5650/9941/3075 5647/9936/3073 5645/9933/3020
f 5675/9974/2879 5646/9934/3074 5649/9940/3076 5648/9939/2739
f 5646/9934/3074 5647/9936/3073 5650/9941/3075 5649/9940/3076
f 5593/9836/2897 5651/9942/3051 5650/9941/3075 5594/9837/3008
f 5648/9939/2739 5649/9940/3076 5652/9943/3067 5615/9882/2737
f 5649/9940/3076 5650/9941/3075 5651/9942/3051 5652/9943/3067
f 5596/9839/2731 5641/9928/3068 5639/9926/3077 5637/9923/3063
f 5642/9929/3078 5677/9980/2755 5617/9886/2756 5640/9927/3079
f 5640/9927/3079 5639/9926/3077 5641/9928/3068 5642/9929/3078
f 5639/9926/3077 5635/9921/3080 5634/9920/2727 5637/9923/3063
f 5614/9880/2887 5636/9922/3081 5640/9927/3079 5617/9886/2756
f 5636/9922/3081 5635/9921/3080 5639/9926/3077 5640/9927/3079
f 5635/9921/3080 5632/9918/2789 5631/9917/2725 5634/9920/2727
f 5619/9889/2848 5633/9919/2790 5636/9922/3081 5614/9880/2887
f 5633/9919/2790 5632/9918/2789 5635/9921/3080 5636/9922/3081
f 5347/9376/2962 5378/9414/2961 5377/9413/2960 5348/9378/2959
f 5541/9760/2793 5260/9223/2778 5464/9614/2794 5745/10149/2794
f 5685/9999/3082 5686/10002/3083 5680/9987/3084
f 5676/9978/2913 5395/9442/2913 5356/9387/2912 5638/9924/2912
f 5378/9414/2961 5372/9407/2807 5371/9406/2866 5377/9413/2960
f 5595/9838/2733 5644/9931/3071 5605/9857/3069 5674/9973/2733
f 5669/9963/2941 5668/9962/2940 5664/9957/2928 5663/9956/2927
f 5661/9954/3002 5591/9833/2943 5669/9963/2941 5663/9956/2927
f 5664/9957/2928 5668/9962/2940 5667/9961/2905 5665/9958/2992
f 5706/10057/3085 5708/10062/3086 5710/10069/2953
f 5672/9969/2939 5673/9971/2906 5667/9961/2905 5668/9962/2940
f 5389/9429/3087 5310/9296/2901 5388/9427/2899 5390/9431/2991
f 5524/9730/751 5523/9728/751 5530/9746/751 5522/9725/751
f 5618/9887/3070 5638/9925/2912 5677/9980/2755 5642/9929/3078
f 5646/9935/3074 5675/9975/2879 5676/9977/2913 5643/9930/3072
f 5729/10117/732 5730/10120/732 5590/9832/732 5486/9658/732
f 5666/9959/732 5697/10032/732 5724/10111/732 5736/10131/732
f 5701/10045/2977 5565/9786/3011 5568/9790/3056 5728/10116/2945
f 5571/9797/732 5490/9662/732 5712/10075/732
f 5221/9148/2917 5321/9314/2917 5322/9317/2916 5223/9153/2916
f 5501/9684/2917 5602/9850/2917 5598/9842/2919 5497/9676/2919
f 5679/9986/2908 5681/9990/3088 5687/10004/3089 5684/9998/2909
s 0
f 5524/9729/732 5522/9724/732 5621/9893/732 5622/9896/732
s 1
f 5681/9990/3088 5680/9987/3084 5686/10002/3083 5687/10004/3089
f 5613/9877/724 5673/9972/724 5585/9819/724 5512/9709/724
f 5643/9930/3072 5676/9977/2913 5638/9925/2912 5618/9887/3070
f 5647/9937/3073 5644/9931/3071 5595/9838/2733 5645/9932/3020
f 5642/9929/3078 5641/9928/3068 5605/9857/3069 5618/9887/3070
f 5526/9736/751 5525/9733/751 5523/9728/751 5524/9730/751
f 5375/9411/2798 5406/9468/2981 5403/9462/2728 5373/9409/2730
f 5609/9867/3000 5695/10029/3090 5414/9492/3090 5327/9330/3000
f 5228/9166/709 5229/9169/709 5227/9163/709 5226/9162/709
f 5492/9666/751 5554/9774/3035 5557/9777/3013 5491/9664/751
f 5386/9425/2840 5330/9338/2843 5331/9340/3091 5392/9436/2903
f 5349/9379/2850 5352/9382/2885 5318/9307/3007 5319/9309/2850
f 5666/9960/751 5736/10132/751 5489/9661/751 5732/10122/751
f 5601/9848/2952 5500/9683/2952 5693/10020/724 5694/10025/724
f 5492/9667/751 5486/9657/751 5493/9669/751
f 5312/9299/2805 5311/9298/2804 5448/9582/2804 5767/10192/2804 5779/10221/2876
f 5731/10121/751 5503/9688/751 5666/9960/751 5732/10122/751
f 5530/9745/751 5523/9727/751 5563/9784/2950 5532/9748/2951
f 5612/9876/2904 5613/9878/2907 5331/9340/3091 5330/9338/2843
f 5247/9205/2967 5251/9211/2966 5249/9209/709 5246/9203/709
f 5628/9912/2923 5623/9900/2924 5659/9951/2926 5630/9916/2957
f 5660/9952/2802 5624/9901/2801 5627/9909/3092 5629/9914/2958
f 5528/9742/3093 5527/9739/751 5530/9745/751 5532/9748/2951
f 5520/9720/724 5240/9185/724 5250/9210/2754 5531/9747/2754
f 5529/9743/704 5513/9711/704 5233/9175/704 5248/9206/704
f 5529/9744/2752 5528/9742/3093 5532/9748/2951 5533/9749/2753
f 5486/9658/732 5590/9832/732 5604/9855/732 5503/9689/732
f 5527/9740/751 5522/9725/751 5530/9746/751
f 5765/10188/751 5589/9830/751 5744/10146/751 5762/10184/751
f 5704/10052/2930 5707/10059/3001 5661/9954/3002 5663/9956/2927
f 5699/10038/2972 5697/10033/3009 5604/9856/3015 5696/10030/2827
f 5729/10117/732 5519/9717/732 5620/9891/732 5730/10120/732
f 5233/9176/2751 5250/9210/2754 5252/9212/2799 5248/9207/2965
s 0
f 5524/9731/704 5622/9897/704 5626/9907/704 5526/9737/704
s 1
f 5430/9537/732 5290/9260/732 5289/9257/732 5418/9505/732 5420/9509/732
f 5778/10218/2914 5780/10223/3094 5415/9495/3094 5429/9534/2744
f 5227/9164/732 5397/9447/732 5324/9320/732 5224/9155/732
s 0
f 5508/9700/724 5610/9870/724 5608/9864/724 5506/9696/724
s 1
f 5509/9703/751 5508/9701/751 5506/9697/751 5507/9698/751
f 5303/9278/724 5390/9432/724 5391/9434/724 5304/9282/724
f 5601/9848/2952 5603/9852/2916 5502/9686/2916 5500/9683/2952
f 5226/9162/709 5227/9163/709 5224/9156/709
f 5733/10123/3066 5685/10000/2736 5680/9988/3095 5734/10126/3095
f 5218/9141/2990 5319/9310/2990 5318/9308/2918 5217/9139/2918
f 5673/9972/724 5672/9970/724 5584/9816/724 5585/9819/724
f 5404/9464/2983 5402/9459/2892 5316/9304/2892 5450/9586/2984
s 0
f 5608/9865/709 5610/9871/709 5611/9873/709 5609/9868/709
s 1
f 5277/9241/2853 5398/9450/3019 5400/9455/3004 5279/9244/2889
s 0
f 5228/9167/2956 5328/9334/2956 5329/9337/2956 5229/9170/2956
s 1
f 5223/9153/2916 5322/9317/2916 5320/9311/2952 5219/9142/2952
f 5609/9869/732 5611/9874/732 5509/9704/732 5507/9699/732
s 0
f 5610/9872/2956 5508/9702/2956 5509/9705/2956 5611/9875/2956
f 5692/10017/3096 5691/10015/3096 5410/9480/3096 5411/9482/3096
s 1
f 5302/9277/709 5303/9279/3033 5301/9275/2820 5453/9593/709
f 5597/9841/724 5733/10124/3097 5735/10130/3097 5496/9675/724
f 5712/10074/3098 5722/10105/3099 5713/10078/3100 5702/10046/3098
f 5702/10047/709 5721/10102/709 5708/10063/709
s 0
f 5718/10092/751 5714/10080/751 5716/10086/751 5719/10095/751
s 1
f 5491/9665/751 5523/9728/751 5525/9733/751
f 5670/9966/2942 5591/9834/2943 5698/10035/2978 5695/10027/2942
f 5713/10078/3100 5722/10105/3099 5716/10087/2998 5714/10081/2998
s 0
f 5439/9564/704 5442/9573/704 5441/9571/704 5433/9546/704
s 1
f 5700/10042/732 5569/9792/732 5712/10075/732 5702/10048/732
f 5699/10039/3101 5694/10024/2987 5413/9488/2987 5417/9501/3101
f 5729/10118/751 5491/9665/751 5525/9733/751 5519/9718/751
f 5561/9782/2855 5680/9989/2934 5681/9991/3023 5560/9781/2852
f 5694/10025/724 5693/10020/724 5695/10028/724
f 5397/9447/732 5227/9164/732 5327/9331/732
f 5735/10130/3097 5733/10124/3097 5734/10127/3102
f 5320/9312/2915 5778/10218/2914 5417/9502/2948 5413/9489/3103
f 5497/9677/751 5540/9759/751 5495/9673/751
f 5624/9901/2801 5622/9898/2931 5621/9894/3104 5627/9909/3092
f 5706/10056/3005 5705/10054/2929 5664/9957/2928 5665/9958/2992
s 0
f 5620/9892/704 5519/9719/704 5525/9734/704 5625/9904/704
s 1
f 5419/9508/2968 5285/9251/2815 5565/9786/3011 5701/10045/2977
f 5454/9594/732 5384/9421/732 5430/9537/732 5442/9574/732
s 0
f 5586/9822/724 5306/9287/724 5308/9293/724 5588/9828/724
s 1
f 5502/9687/751 5501/9685/751 5494/9671/751 5548/9768/751
f 5682/9994/709 5688/10007/709 5607/9861/709
f 5414/9492/3105 5695/10029/3105 5698/10036/3105 5416/9498/3105
s 0
f 5692/10018/709 5690/10013/709 5689/10010/709 5691/10016/709
s 1
f 5607/9862/724 5597/9841/724 5496/9675/724 5505/9694/724
f 5374/9410/2849 5324/9321/2743 5402/9459/2892 5404/9464/2983
f 5534/9751/751 5537/9755/751 5498/9678/751 5499/9681/751
f 5497/9676/2919 5598/9842/2919 5599/9845/2918 5498/9679/2918
f 5741/10139/709 5755/10173/709 5757/10177/709 5759/10181/709
f 5397/9448/2985 5678/9984/2985 5692/10019/2986 5411/9483/2986
f 5598/9843/2732 5596/9839/2731 5637/9923/3063
f 5675/9976/2879 5394/9440/2879 5395/9442/2913 5676/9978/2913
f 5749/10159/3064 5743/10143/3065 5744/10145/2832 5747/10154/2832
f 5546/9765/3039 5740/10138/3038 5750/10161/3106 5751/10164/2741
f 5761/10183/3107 5740/10138/3038 5739/10137/3036 5760/10182/3108
f 5766/10191/751 5760/10182/3108 5739/10137/3036 5738/10136/751
f 5603/9853/2692 5645/9932/3020 5595/9838/2733 5602/9851/2733
f 5753/10168/3109 5745/10150/3109 5742/10142/3110 5754/10170/3110
f 5741/10140/2836 5758/10178/2836 5754/10170/3110 5742/10142/3110
f 5464/9615/751 5466/9619/751 5468/9624/751
f 5756/10175/751 5752/10166/751 5746/10152/751 5758/10179/751
f 5746/10152/751 5589/9830/751 5754/10171/751 5758/10179/751
f 5750/10160/751 5762/10184/751 5744/10146/751 5743/10144/751
f 5545/9764/3046 5764/10187/3111 5763/10186/3112 5544/9763/3045
f 5495/9672/751 5544/9763/3045 5763/10186/3112 5766/10191/751
f 5766/10190/751 5501/9685/751 5497/9677/751 5495/9673/751
f 5740/10138/3038 5761/10183/3107 5762/10185/3113 5750/10161/3106
f 5764/10187/3111 5761/10183/3107 5760/10182/3108 5763/10186/3112
f 5761/10183/3107 5764/10187/3111 5765/10189/3114 5762/10185/3113
f 5583/9814/3022 5581/9810/3021 5580/9809/3061 5584/9817/3062
f 5764/10187/3111 5545/9764/3046 5753/10169/2792 5765/10189/3114
f 5763/10186/3112 5760/10182/3108 5766/10191/751
f 5209/9122/1326 5205/9114/3115 5769/10198/3115 5768/10195/1326
f 5208/9120/1313 5209/9122/1326 5768/10195/1326 5455/9596/1313
f 5207/9118/1325 5208/9120/1313 5455/9596/1313 5774/10209/1325
f 5204/9112/2734 5207/9118/1325 5774/10209/1325 5775/10210/2734
f 5197/9100/3116 5199/9104/1327 5770/10200/1327 5772/10204/3116
f 5199/9104/1327 5200/9106/1318 5771/10202/1318 5770/10200/1327
f 5200/9106/1318 5201/9108/1328 5777/10215/1328 5771/10202/1318
f 5201/9108/1328 5198/9102/2823 5776/10213/2823 5777/10215/1328
f 5205/9114/3115 5197/9100/3116 5772/10204/3116 5769/10198/3115
f 5196/9098/830 5222/9150/830 5779/10219/830 5767/10193/830
s 0
f 5222/9151/3117 5220/9145/3117 5778/10216/3117 5779/10220/3117
s 1
f 5773/10206/704 5780/10224/704 5778/10217/704 5220/9146/704
s 0
f 5720/10099/704 5717/10090/704 5718/10093/704 5719/10096/704
s 1
f 5453/9593/709 5449/9584/709 5412/9485/709 5302/9277/709
f 5621/9895/830 5522/9726/830 5521/9723/830
f 5551/9771/2854 5517/9715/2740 5237/9180/2740 5270/9234/2775
f 5196/9099/732 5767/10194/732 5448/9583/732 5447/9581/732
f 5205/9115/709 5209/9123/709 5199/9105/709 5197/9101/709
f 5209/9123/709 5208/9121/709 5200/9107/709 5199/9105/709
f 5208/9121/709 5207/9119/709 5201/9109/709 5200/9107/709
f 5207/9119/709 5204/9113/709 5198/9103/709 5201/9109/709
f 5442/9574/732 5415/9496/732 5385/9423/732 5454/9594/732
f 5313/9300/2876 5779/10221/2876 5778/10218/2914 5363/9395/2877
f 5420/9510/3118 5431/9540/2997 5440/9568/2999 5430/9538/3118
f 5439/9565/751 5433/9547/751 5431/9541/751 5420/9511/751
f 5255/9216/2787 5279/9244/2889 5280/9245/2847 5254/9215/2785
f 5461/9607/751 5467/9621/751 5466/9619/751 5464/9615/751
f 5237/9180/2740 5517/9715/2740 5737/10134/2742 5456/9599/2742
f 5470/9629/2771 5237/9180/2740 5456/9599/2742
f 5569/9792/732 5570/9795/732 5712/10075/732
f 5725/10112/751 5736/10132/751 5490/9663/751
f 5489/9661/751 5582/9812/751 5693/10021/751 5732/10122/751
f 5416/9499/2949 5310/9297/2901 5389/9430/3087 5414/9493/3087
f 5704/10053/3119 5710/10069/2953 5707/10060/2954
f 5704/10053/3119 5705/10055/3120 5710/10069/2953
f 5705/10055/3120 5706/10057/3085 5710/10069/2953
f 5425/9523/3121 5429/9535/724 5428/9532/2953
f 5423/9518/3122 5428/9532/2953 5424/9520/2974
f 5423/9518/3122 5422/9516/3123 5428/9532/2953
f 5422/9516/3123 5425/9523/3121 5428/9532/2953
f 5202/9110/709 5284/9250/709 5443/9575/709 5384/9422/709
f 5736/10132/751 5725/10112/751 5564/9785/751
f 5488/9660/751 5736/10132/751 5487/9659/751
f 5487/9659/751 5736/10132/751 5564/9785/751
f 5489/9661/751 5736/10132/751 5488/9660/751
f 5242/9191/830 5339/9357/830 5241/9188/830
f 5339/9357/830 5621/9895/830 5521/9723/830 5241/9188/830
f 5601/9849/879 5696/10030/2827 5645/9933/3020 5603/9854/2692
f 5385/9424/709 5773/10207/709 5775/10211/709 5449/9584/709
f 5219/9143/709 5412/9485/709 5455/9597/709 5768/10196/709
f 5453/9593/709 5203/9111/709 5454/9595/709
f 5203/9111/709 5202/9110/709 5454/9595/709
